candidate_id,source_name,source_type,vector,linear_prefilter_score,predicted_terminal_R_error_m,predicted_terminal_Z_error_m,predicted_terminal_Ip_error_A,predicted_late_RZ_rms_m,action_rms,delta_action_rms,repair_excess_rms,population_index
g003_ee96f3540ec0d899,current_mean,state_mean,"[1.7410907069025434, 1.4577274847045356, 0.38629732345895834, 1.0917601073386702, 1.7448165683033423, 0.01352185537985467, 0.1973765448187879, 1.5447956804198941, -0.15318133628764444, -0.5701879463289593, -0.4588339852150294, 0.03615076824063413, -0.24428014019303, -0.18832386669678366, 6.962709422200612e-05]",3.044552760436697,-0.024829690822719575,0.03448219915531775,1092.852635472249,0.042836650803178555,0.389540132511593,0.15774613207586782,0.0,0
g003_2b2965b279fbe7a7,hall_of_fame_best,best,"[1.888485910623166, 1.289310418565609, 0.33498289818476573, 1.378098012074175, 2.2450380327629667, -0.12506600976863216, 0.027764717267660832, 2.0728985120833494, -0.33137738684091944, -0.831351493702766, -0.926976774227326, 0.10818252785867964, -0.8605830514203279, 0.6282488105175572, -0.26705945962327676]",3.0536126073057686,-0.024442311188716093,0.03486692965199306,1402.1725948670792,0.042597250685640596,0.43546385961772605,0.22070852159648735,0.11472837903390892,1
g003_a89a80b56ff53828,gaussian_0588,gaussian,"[1.9047020089429902, 1.4289071567773743, 0.4480756516107002, 1.299906441315856, 1.7560042870415045, 0.1120824583573593, 0.33425313107663357, 1.4851235059001402, -0.1489810574667628, -0.358694459932674, 0.17372142063080587, 0.30090236599526227, -0.1705935935276944, 0.2874406513599411, -0.046806862612747024]",2.64880719044744,-0.0252452785323507,0.028901151111161774,1048.689662238583,0.040563119012547895,0.40336352086792565,0.12852814135812543,0.0012862832212419944,2
g003_f813f009373363d9,gaussian_0170,gaussian,"[2.0511125605559832, 1.6224637035065719, 0.4667565663970638, 0.9888686475753621, 1.774065070688376, -0.18205109062520414, 0.34215772812184886, 1.89445077578383, -0.26981849339309594, -0.5746274524951527, -0.21250963249581448, -0.0861669340655237, -0.05220323874996821, -0.9268707715140139, -0.05495421354223725]",2.6994204555032995,-0.022687644026329612,0.031997743166589404,1205.4021589820477,0.04068991771644516,0.4250809300153985,0.16919900960218404,0.030923071632962457,3
g003_22d6fd4f03ff94ec,gaussian_0570,gaussian,"[2.0259122753899383, 1.266166539791961, 0.39487354723360335, 1.1357013882384, 1.8979856624636608, 0.14327115261872495, 0.35803847076333345, 1.7099983538582288, -0.04737125557847954, -0.4598623654942291, -0.25709609650617027, 0.16366352580853094, 0.08461438741925018, 0.19675128987780646, -0.2375718771893972]",2.71357278695047,-0.025350154777042277,0.02978575745089096,1133.0694014863948,0.04091800729172288,0.40806855005421167,0.16506149839550263,0.015890507211396006,4
g003_e33c02e5e2b1b7fc,gaussian_0664,gaussian,"[2.076563587994846, 1.4621362205477577, 0.3172636205877467, 1.0422587227746265, 2.0735217324263875, -0.06999453613569719, 0.103803646760385, 2.075650855003883, -0.15819545127940932, -0.2717911786334836, -0.49478252098939124, 0.17883344223178077, 0.15843125807122507, -0.13459784890387744, -0.26970932483081156]",2.7231183013011515,-0.022522881168184017,0.03228629986550216,1212.1260205981162,0.04083810215685743,0.41657119182348984,0.1840425571011483,0.05467367645358571,5
g003_930fc88b1c16a283,gaussian_0714,gaussian,"[1.735748922464506, 1.5733603769585969, 0.38324660384992715, 1.2990654928846592, 1.9559835772082388, -0.006112403607690333, 0.3868510933440853, 1.7271430885898735, -0.002762159856263685, -0.5386487343957188, -0.6642579223721748, -0.13168457536455916, -0.7475863518738838, 0.2695458216172657, -0.07483521448427527]",2.7232661609588775,-0.023647755322083186,0.031735329873199644,1256.219285702853,0.04077167455457019,0.4223084439596391,0.18238108853317572,0.03743424982042018,6
g003_999c7c03a71f8969,gaussian_0510,gaussian,"[1.8747950400401225, 1.3969452309703363, 0.5043533350589743, 1.207872553972571, 1.9378556332699501, -0.09998307889844715, 0.22724458800451466, 1.7575095744919658, -0.13647768306121102, -0.626897495192732, -0.2599841433887586, 0.003559510680590003, -0.6068073805069226, 0.8196282334950249, -0.11081071909088379]",2.7350678491586047,-0.022981617460748782,0.032057803095099466,1374.1620715088502,0.04097421127406419,0.4251401883917493,0.1727391594314504,0.031026812381248558,7
g003_b88a9cb17d243ae3,gaussian_0398,gaussian,"[1.8242488973399744, 1.624430880193147, 0.24170547528465774, 1.3467621321281162, 1.8382951452078609, -0.07059503092654953, 0.42562122542835695, 1.7477727651885193, -0.29254578086744093, -0.45552072564278284, -0.458716061126522, 0.1260285127145807, -0.8471413042615699, 0.25655729123464777, -0.21724693499208947]",2.752010037598305,-0.02453896602453609,0.031146204328977356,1349.0413872695935,0.04104025137895214,0.4169379647715671,0.1716323682336558,0.04390404694643623,8
g003_fe52b576df69f345,gaussian_0546,gaussian,"[1.9686743208046087, 1.4267551037816757, 0.28865474068695046, 1.1352467498521255, 1.997153254053139, -0.07827165778880506, 0.48451634360460694, 1.4625335417766618, 0.029159234941122714, -0.41283389555258343, -0.023143417139102118, -0.17900602514098907, -0.38891193341088526, -0.6780926837542607, 0.008262354768951114]",2.752817265295718,-0.025058102562576234,0.030585259847220013,1154.90595307693,0.04112318975940265,0.4043477082545507,0.1401695666518281,0.03582479395003068,9
g003_c80476d89047bbfa,gaussian_0610,gaussian,"[1.8779056874516875, 1.4349909554127764, 0.6511627590322049, 1.1084448987013376, 1.7746140202721645, 0.06485851271147877, 0.4948825301331786, 1.8792998452482819, -0.15804629650181454, -0.5406271655239667, -0.7830567444466456, -0.0929351742982519, -0.43279809769098043, 0.6827995659845575, -0.09045760784385874]",2.7587062469804295,-0.02463510227960586,0.031188285568970034,1269.5436326369272,0.04110631082486029,0.42479422163565944,0.20915328879731093,0.009757496062020464,10
g003_dfa079fb1c027835,gaussian_0401,gaussian,"[1.997955491414331, 1.4069753264916915, 0.38057025492109586, 1.0287342438482492, 2.0117395806228386, -0.04767690123543821, 0.40366136003468156, 1.928721911521743, -0.18241768480098516, -0.7306111598933135, -1.1691365834381604, 0.22261563211273272, -0.5400329470548256, 0.1106176032261105, -0.13658923342146673]",2.774740400505081,-0.02459482683336911,0.032043825956822036,1095.6920153261126,0.040952663031602554,0.4441199497515832,0.23447442606502394,0.023387696031678885,11
g003_01306fce896ef603,gaussian_0002,gaussian,"[1.8794168151406303, 1.3682181049171553, 0.5199004867835987, 1.175758737418048, 1.7089111844034515, 0.12500757437931215, 0.3404332338927944, 1.6965487958389898, -0.0111700234625835, -0.2551766665802343, -0.18562377725890983, 0.2623255009515155, 0.03207933566271762, -0.058387361395173865, -0.26288848900168854]",2.7759902989722014,-0.025614030619133255,0.03020117323795192,1015.3934202920791,0.04137631611194651,0.39798480578615597,0.1504680597520358,0.0,12
g003_56c6ce4347eb8ffc,gaussian_0036,gaussian,"[2.0429403979890335, 1.4079464530122052, 0.5365166876840535, 0.8503768806197259, 1.845357978358616, -0.014064160828953095, 0.41877147936022063, 1.7440606967532655, -0.10875316858896439, -0.34273544198771655, -0.6074900730734523, -0.29429551622149686, 0.14935562743201572, -0.7975737090679477, -0.1235139103794287]",2.7771177071027036,-0.024727373394584973,0.03147037782040331,1191.390725429439,0.041178196156687566,0.42222091171709913,0.18334701082393823,0.0,13
g003_bec4a41267e00441,gaussian_0260,gaussian,"[1.7936537353533895, 1.6279358951433687, 0.2672288389932042, 0.9692160008145763, 2.152847949965511, 0.007125458134540886, 0.5979637380771297, 1.5871791693300077, -0.32891202230641636, -0.6025540256974912, -0.3804503659145999, 0.371096755733577, -0.5426871793728494, 0.48733034607986736, 0.028122005517850268]",2.7777325911007003,-0.021899746628258332,0.033427663745970594,1128.1358552054407,0.041165509619548256,0.41395714983792203,0.17422050078396797,0.048276065429329565,14
g003_15f1749bf69a870d,gaussian_0479,gaussian,"[1.7017060682115226, 1.5358719792227484, 0.3687888595534493, 1.2669121257794116, 1.788034671157076, 0.018546523224272093, 0.1517370663753769, 1.8457318728657863, -0.16452932727118003, -0.6595507504794157, -0.5048947276762223, -0.19784912873401048, -0.027333464309822447, -0.09216879330801947, 0.0719439736853796]",2.77915582030188,-0.022760826898961084,0.03300787161188583,1228.177923870564,0.04116430691902126,0.41354432348819514,0.18056940788104242,0.009061646602578912,15
g003_435fe33f9e8ce6c4,gaussian_0273,gaussian,"[1.6910236964382772, 1.5004850942552244, 0.3298516250975511, 1.2725164358861858, 1.6459112307633386, -0.3436791055078497, 0.3471865587112214, 2.1917840050852275, -0.12550383365071116, -0.6738040937107795, -0.23242437317483466, 0.005062329175800448, -0.40606181575971256, -0.15278923900439081, -0.1547354248500728]",2.781033549182813,-0.02297791544665506,0.03248231389192339,1347.8863285727493,0.04129072636216983,0.41600037761731057,0.1737473641038085,0.04437843170190818,16
g003_8d7a795dc6e616d9,gaussian_0357,gaussian,"[1.827162727513048, 1.6222311189649585, 0.3396434150353411, 1.2953183729203182, 1.626507271256019, 0.23273182210204557, 0.7033499076522152, 1.3512710663842011, 0.00487271966001715, -0.33241346913290815, -0.2770971386897597, -0.04881450463323802, -0.38026024414384324, -0.3084824954665367, 0.04092575952095764]",2.7821293180061164,-0.027755219661808384,0.02864867668275234,981.4938099985047,0.04130162944922983,0.39481760792505766,0.13277146595611822,0.01469331319064938,17
g003_421876c06a57a7f8,gaussian_0013,gaussian,"[2.071577168867698, 1.651821595433194, 0.46486336946664086, 1.230741818166667, 2.020976955672772, 7.01781643487262e-05, 0.22620296078505825, 1.5504745266061506, -0.14236666868766454, -0.6922834191569264, -0.3487641202155594, 0.16691346015510392, -0.2249166660925053, -0.442868972445826, -0.19957935635940524]",2.782468797082113,-0.023931404618842578,0.0322491814452563,1087.5385442215484,0.041102765516150976,0.4129901044890223,0.16183419936683227,0.05717887535716243,18
g003_111f426c062346f1,gaussian_0524,gaussian,"[2.170958617404266, 1.4523782946895942, 0.4539832521421799, 1.14488220969907, 1.8442550237191095, 0.15468623288532976, 0.014441240184187742, 1.5030037884746186, 0.008796105947844024, -0.1495154436797379, -0.3045299262277933, -0.3337139607406606, 0.5612450416811897, -0.6400703289749928, -0.015186702765883917]",2.7827779723835695,-0.025927794454897346,0.030419173478131382,1116.028549151728,0.041261683963378724,0.410539959021894,0.1590533096706986,0.019040262384555088,19
g003_d4622bb351f070d0,gaussian_0338,gaussian,"[1.9117339936399667, 1.3345261030720708, 0.23966091244127524, 1.239242350741482, 1.7569319316038012, -0.04692420668833566, 0.23428426018858908, 1.536027161949591, 0.005581386201438998, -0.1566611887291336, 0.057515605448254736, -0.5570690975207359, 0.9295231917282615, -0.8729478070332041, -0.2537313663804667]",2.790039841634812,-0.026202543535816414,0.029787857876230596,1446.174918169767,0.041485791098625026,0.4160749486799109,0.15158199171753237,0.007721512868474824,20
g003_1e9133aa66f602e7,gaussian_0734,gaussian,"[2.032081525245377, 1.406811809596548, 0.567362788642698, 1.1781380450326093, 1.9548743321126114, -6.502959933738645e-05, 0.25759660031324266, 1.5568978824564381, -0.08181584679603676, -0.9942500715616214, -0.3933487311930869, -0.26393823148712003, -0.3381683734789419, -0.7833618935504844, -0.23357407166922417]",2.7945691924955636,-0.024628748240423493,0.0320626499503209,1237.0647443174857,0.04115631373637548,0.43557323776953316,0.17786950305898128,0.023688855707712116,21
g003_5a5f69826ad37bfb,gaussian_0497,gaussian,"[1.8205594687923496, 1.4911359044831545, 0.39181921978599626, 1.3399924402628, 1.6870471610024456, 0.045650270816951714, -0.03647347833177178, 2.1951959429880086, -0.31428983486465223, -0.3754131736052915, -0.9288694424495605, 0.06340084389225406, -0.9417807461468426, 0.10532092670345558, -0.07594337650369963]",2.8024286475750033,-0.024613003333970318,0.03201357794934516,1188.1881952701551,0.04116391747839367,0.4351042141759326,0.21128700246529802,0.07164891581960604,22
g003_bee1616bf3bc2e3e,gaussian_0010,gaussian,"[1.8394417871098991, 1.5038867161830827, 0.5177482484484337, 1.165983860636154, 1.6835289240116953, -0.038631893649587905, 0.4291178245840849, 1.6819745880127823, -0.04888139142344265, -0.8531261121816485, -0.19727313344234987, -0.1759336647760071, -0.7735529059745568, 0.05582465677315035, 0.10530765385971792]",2.8048162222822564,-0.024053454798514395,0.032179088056366344,1195.9345082909022,0.04140722349098835,0.4193874203300853,0.16174562727654207,0.005150309321167236,23
g003_04c6a757f278ad29,gaussian_0272,gaussian,"[1.9659987868395274, 1.574268308327285, 0.3621793125195885, 1.1562953276684895, 2.114886280301309, -0.013628691508335374, -0.03907116749330841, 1.9557292954437928, -0.10974257837851648, -0.5471490650840499, -0.6896950275481425, 0.018461587940758594, -0.49275363974549574, 0.07039891230132286, -0.015342769373363482]",2.8048450061101327,-0.02148171080755068,0.03428411939382227,1174.1379218527145,0.041200426223384795,0.4264730151805967,0.19581883680367107,0.05530481324171849,24
g003_0024251e886fab0f,gaussian_0241,gaussian,"[2.165003985695344, 1.5653007656270863, 0.5253146491020951, 1.330797702291652, 2.1437021743935922, 0.11066235167114385, 0.0644231713923154, 1.4879857851909817, 0.03271281774163798, -0.8886968086283938, -0.46018076669038216, -0.0784119883833235, 0.2288960141484899, -0.22969617575118856, 0.28672948088819705]",2.805094379296937,-0.02441579380815284,0.0322676781254355,897.3207960220097,0.04116608581841619,0.41865350528656775,0.17980164936576287,0.06972013508451286,25
g003_c5c0eb7122fe232d,gaussian_0238,gaussian,"[2.003365358384097, 1.6250014138438509, 0.43549384958398374, 1.125288418249839, 1.5033612156943843, 0.017855144310507574, 0.23451688284198158, 1.9109347352352148, 0.021900393633043413, -0.40891974118590063, -0.32147384635734144, -0.05247052766840924, -0.06821227035733793, -0.7229468057946081, 0.10925022910497466]",2.806865361670434,-0.02487327942180495,0.03146466577749007,951.4294631830235,0.041453445588578504,0.41071790315738776,0.1701438762892629,0.023469030730612527,26
g003_d43959e3155969f0,gaussian_0733,gaussian,"[1.7647796298501601, 1.3438512677775911, 0.2238476836615114, 1.3273991620146828, 1.8633202165950007, 0.18893529137281387, 0.6371318670074761, 1.5483791804878475, -0.13655905302340948, -0.7594830058738077, -0.40980555515107253, 0.10458385264294251, -0.5071697791250519, 0.30903159607709196, 0.4056783556772436]",2.807759515228989,-0.02649157218335174,0.030188605039581623,916.5743432425952,0.04144121845518285,0.4137079853085208,0.17003097681011525,0.018143166126587475,27
g003_0e0239dc60b0279b,gaussian_0304,gaussian,"[1.8831526722751684, 1.4214221583837836, 0.5053442393326293, 1.3966778092865049, 1.5752416885846388, -0.3065961119890414, 0.29947790939597774, 1.8073059519702876, -0.17031037107000832, -0.47244912559644386, -0.4455575991079229, -0.2614434329566371, -0.41250618852611803, 0.1478835377315684, -0.2704940979343025]",2.8094887791912457,-0.02677853347048864,0.029895066340679434,1525.6744811770477,0.041465504363436996,0.4112425752958689,0.17876026099249473,0.018328644065716264,28
g003_276d96493388ef20,gaussian_0461,gaussian,"[2.2542609425876075, 1.1846709828411057, 0.5030361958893675, 1.1037964500566606, 2.0691966647718973, 0.003638848069725399, 0.19336701923948918, 1.563767787455888, -0.09883738237930483, -0.8906907122732086, -0.40095345904978286, -0.00035310370387021256, -0.1596905512045158, 0.020831704911700083, -0.32094092158090404]",2.8096558901262667,-0.025822361417119466,0.031062384237660126,1267.727729045455,0.04132995907298569,0.42302864881515556,0.18601888645359782,0.031047531387410225,29
g003_00edf6514628b71a,gaussian_0694,gaussian,"[2.101787050078938, 1.320974832248888, 0.3632246606829296, 0.875615975881343, 2.072597110736708, -0.07468331542925302, 0.6138616385436777, 1.6288257205621726, -0.47925913184574576, -1.0203162390742333, -0.6622404562663378, 0.2622963370692447, 0.15899515571413522, -0.7587624712737756, 0.09429621356521678]",2.810209280835422,-0.025159866506186068,0.031917964448439494,967.0084688279021,0.0412272221783695,0.4383779440912325,0.21794279673611747,0.018431224891968037,30
g003_666fb26ed1052898,gaussian_0638,gaussian,"[1.9359391557778833, 1.3944645851574786, 0.2929109320660239, 1.347485819773955, 1.80732571663096, -0.07644108553513242, 0.17412472139014412, 2.112466004921781, -0.1116327964134177, -0.34345213859639856, -1.2714759305348982, -0.11604323131513938, -0.3127876930359885, 0.20834226367345018, 0.028218873480184634]",2.8104743884918086,-0.026657244607768416,0.030542821266568973,1197.35082483734,0.04125039595764783,0.43305964798024305,0.2370247020588212,0.03909540846584176,31
g003_9366437692edc75c,gaussian_0029,gaussian,"[1.9914686710290646, 1.4037825633211471, 0.568649548676512, 1.3016967949162577, 1.6801565634006812, -0.06815707221766094, 0.185356308710344, 2.161862098112214, -0.3342043079401289, -0.8418946943252293, -0.9185422374413046, -0.10578712592393869, -0.44037521583933736, -0.36373831081744123, 0.13007541234220138]",2.811126772147751,-0.025934558318174927,0.03119232855015397,1102.035058212732,0.04118250156531839,0.4421882728666742,0.2113873536079949,0.06718013991305545,32
g003_d93508fbc1db2316,gaussian_0450,gaussian,"[1.6007011871416086, 1.9167580912875732, 0.2428444845341729, 1.4758193179847638, 1.9712967652710591, -0.028204221410807216, 0.6187866581965934, 1.5642922191319066, -0.19381333713790455, -0.6126745273115524, -0.6410520194943361, 0.12333098938048465, -0.3817885569942694, 0.2712297187595901, 0.00933627737638484]",2.8113678495798453,-0.024057212437020192,0.0323059363461756,1169.1788321480344,0.04129326047328971,0.4066993770380815,0.17538935584864299,0.07898214162258797,33
g003_886769ee638bcea7,gaussian_0209,gaussian,"[1.5845593492474803, 1.6367503758447517, 0.3204187422663764, 1.373254087827873, 1.6527968825068242, -0.11540286658564702, 0.08522970482374788, 1.9399880621129397, -0.1922405170150666, -0.5623743503078589, -0.45405566881295173, -0.11188826516603986, -0.293798176091685, 0.34096436590305934, -0.04531794231321154]",2.8204029661481798,-0.02255889327415994,0.03350361230965492,1375.1446832796137,0.041462599830326484,0.40927539884466385,0.1800766580268116,0.017879515662854752,34
g003_d03d676720c036d5,gaussian_0379,gaussian,"[1.9916359545244364, 1.3073296429640298, 0.20074373406264945, 1.1106587253072802, 2.0236296068087194, 0.0057366071365193855, 0.06036179747392911, 1.8142062591403425, -0.4579333371877, -0.4751115261958593, -0.253708792554483, 0.18282317576885837, -0.5190032128564251, 0.5153240549246115, -0.017626467375088085]",2.823491723503461,-0.02343654550879959,0.03279722636659953,1317.4350249082236,0.04150225363484914,0.4131776520420339,0.16917863585489562,0.04351225819186544,35
g003_47d48ce3f7d6d1da,gaussian_0143,gaussian,"[1.901840376702736, 1.4004714723527165, 0.39310549791887667, 1.1745922456432205, 1.8728206727552303, 0.00010529776797326036, 0.2275444666242537, 1.6569373300091474, -0.26272444947243767, -0.8517699604198415, -0.26206992894021586, 0.35782808125520016, -0.4337715797442326, -0.6591212408547359, 0.06375972637147508]",2.8235160140226063,-0.02417897610578401,0.0325730392487239,883.3222132683004,0.04141935179529051,0.42488994363377214,0.1706427049725833,0.012666307883498372,36
g003_596cc80219539830,gaussian_0042,gaussian,"[1.9016725622347193, 1.5479681463450352, 0.4814128191320838, 1.1954254887912603, 1.371040466006594, -0.15948785231245088, 0.6927447763247061, 1.818871916420123, -0.14394451260981228, -0.48092711596788024, -0.39833587256872227, 0.03644065294139807, -0.6324224466453746, 0.32006792256914285, -0.12071933128203972]",2.834820097297139,-0.02747273828663732,0.02938788890769313,1267.4879042438952,0.04170387964242171,0.40661755921958925,0.17817648797286287,0.008894694555384986,37
g003_ae29c73bdf192663,gaussian_0750,gaussian,"[1.9186386830293978, 1.4613904582970545, 0.4552720809744122, 1.2968531139498505, 1.6360628556999084, 0.04424047122816462, 0.44904895878337725, 1.5799097512632323, -0.14215440612229166, -0.7136333067873406, -0.5822786718135652, 0.10187339119018657, -0.4733940967603496, -0.03213836953595453, 0.16719715381938413]",2.8376126487385473,-0.027491476312771268,0.029977970090160143,954.9213060649818,0.041522660411846025,0.41254128947975016,0.17448645936433815,0.0,38
g003_3b10b09cb25191c8,gaussian_0648,gaussian,"[2.038898971032375, 1.0757877006487409, 0.35571061731639775, 1.2753469814246652, 2.421383470844708, -0.02195946657904238, 0.20204727602408853, 1.8465421174065457, -0.08553578182744828, -0.7393291436267111, -0.40656963682581987, 0.16135124843388923, -0.12522407226303123, 0.7376522663780515, -0.17636628202060678]",2.839083213720531,-0.02413854478302313,0.03216085160898463,1269.2285899326125,0.04155402544192323,0.42426843052093316,0.19807510855403226,0.09687287592017023,39
g003_95d7397b1a26812d,gaussian_0355,gaussian,"[2.0530426756301665, 1.480788555057723, 0.44996146197214787, 1.0095724992627069, 1.7511437708425825, 0.13725975413088126, 0.3788379103843358, 1.7102720898007095, -0.1779620104916311, -0.7146321096827094, -0.8057765870657092, 0.10508649434732079, 0.7580893135418537, 0.21766803131457177, 0.0693335045479138]",2.839396908674912,-0.02576859852870017,0.03154019038940994,998.7507107398196,0.04150985083208356,0.4171403896356366,0.2128113746405946,0.009346246830163954,40
g003_f20467b6288df5b6,gaussian_0148,gaussian,"[1.7260394424903442, 1.6084376685227324, 0.30474775495161116, 0.9684147524907896, 1.6564157733175828, -0.1139892083912658, 0.43426589198957877, 1.9895883608932132, 0.012928283908784255, -0.4874405149360735, -0.46684574196684514, 0.2671856881195561, -0.9201186522747256, 0.0031899642119066207, -0.17599503210557635]",2.8419226831530087,-0.022502893986766637,0.03370083431625811,1111.4339171809952,0.04163883840874351,0.418815853827278,0.18093773929454968,0.009143420530500067,41
g003_65962326aa31fe34,gaussian_0182,gaussian,"[1.7043349047168226, 1.7203732814225947, 0.5497040287766954, 1.528708050100914, 1.7631585490817079, -0.0620648601387987, 0.37522819567980303, 1.7384858934252259, -0.043578854848816115, -0.8024674510888914, -0.5038484169023316, 2.180971402615528e-05, 0.03856368704296673, 0.2908587706161837, 0.10555369109173034]",2.8424655494803606,-0.024481754206885586,0.03224460001374087,1098.138188407138,0.04159592150824595,0.40817670485676816,0.18666287599778236,0.05673398927885155,42
g003_ce129c6e5c40d813,gaussian_0205,gaussian,"[1.9692618340117845, 1.5781676679401209, 0.34622620325049425, 1.1976490769804737, 1.9708568303349845, 0.14130326961873532, 0.038461290774144924, 1.5485733195937996, 0.0974381745010661, -0.4841167954909094, -0.24378113025251416, 0.030748380487236875, -0.35827476156953625, -0.4819754726211062, -0.11504922993862984]",2.849330627218269,-0.023500925315180332,0.033232081891684986,1018.2435447260068,0.041603643154765925,0.40505522923411164,0.14764232578381686,0.039906117319969285,43
g003_79891eb9f56e2274,gaussian_0680,gaussian,"[2.19685830929559, 1.4554909159859468, 0.40082535881123693, 1.2270089221878968, 2.1398523098358986, 0.07118771763253558, -0.35316333156724905, 1.7761922009703235, -0.10484720533188469, -0.6839889236373871, -0.3093993160583399, -0.11277709839499278, -0.2730090797627655, -0.6148854911531584, -0.2520558074420359]",2.8522833223546114,-0.022096931938229702,0.03440284065203403,1242.602444202661,0.04148795226944709,0.43165156933078747,0.17953416553430668,0.06208400774278788,44
g003_7ebaf1daeb1832d4,gaussian_0584,gaussian,"[2.028645057803223, 1.324172246077052, 0.4400627653010771, 1.120794360235012, 1.779615879555129, 0.24354257439605712, 0.081660206882837, 1.7502399097445718, -0.09666736570807456, -0.27574107111256696, -0.5583426260263957, 0.19767459786835054, 0.006533225059573461, -0.015933362726791078, -0.005091273621330935]",2.854504772924909,-0.025923834484874675,0.03128592520358944,916.1906746248897,0.04172624626687745,0.40465276101417635,0.17868380327218197,0.008211903183338944,45
g003_1ff62bcc45ee9c49,gaussian_0111,gaussian,"[1.9332103072942657, 1.7590583907268245, 0.5179890996610902, 1.2024602685427428, 1.88814998759787, 0.10303346541119637, 0.14745503597497908, 1.9018355897039925, -0.056347933779378606, -0.8556118451945351, -0.7870756351555931, 0.0613556705722604, -0.28566726564307554, 0.02633824507446761, 0.25751892016290945]",2.855768130908647,-0.022203326119216937,0.03443531522018829,913.9091498376511,0.04150148807261041,0.4284547067488901,0.20395799666173023,0.05603421122905687,46
g003_3dfb3caed0fc3cad,gaussian_0237,gaussian,"[1.9718580187178425, 1.7137334448486004, 0.5021590794878529, 1.1533820224303042, 1.9038763897176787, 0.027017635859679597, 0.12881971677357934, 1.7147497424962388, -0.16950540831206024, -0.6729685817601092, -0.6350987581488942, 0.09999223106009708, 0.36775867740137047, -0.637070537093708, 0.2773548768337135]",2.8561091818819784,-0.023264704716683515,0.033716063103529544,832.0333793544851,0.04153565471852799,0.4209399976473561,0.18577315459225438,0.04564660337995021,47
g003_515129043b86b145,gaussian_0134,gaussian,"[1.9388485981074406, 1.5659365776378937, 0.3695715765927254, 1.2833821254294604, 1.8827907809117468, -0.022784035070244103, 0.09912170974866108, 1.9602827838007144, -0.2631709014815304, -0.7292889057872477, -0.9601838858249547, 0.02504139594835183, -0.662416219876131, -0.41481935271086023, 0.11728716789567477]",2.857373451838723,-0.02435010916301039,0.033174465144624396,1045.236907392351,0.041453485610870776,0.4399452146455323,0.20551108865284048,0.04418605658172723,48
g003_dc17f16d08ead2fe,gaussian_0073,gaussian,"[1.6409615011014769, 1.6860244641104247, 0.2312037260494255, 1.3973217771662938, 1.7224299844414324, 0.04407935038735791, 0.2660743398785911, 1.6837244511918548, -0.3425902201551496, -0.43002721029153723, -0.7981701849074806, -0.015845928605942992, -0.8787248864753816, 0.9572948155216234, 0.14292507690215214]",2.861784513479114,-0.024724526215674114,0.032562369796882026,1318.7523952294723,0.0416633625061863,0.42291742565641915,0.20287573463868788,0.021499871926148984,49
g003_bcb8a451f1ce250d,gaussian_0552,gaussian,"[1.7588160366783623, 1.6635936292162479, 0.36933667508236967, 1.2613062791392202, 1.6038379670661704, -0.0645895793269007, 0.4490269955972849, 1.632346439451069, -0.21255096659256292, -0.9792503414544593, -0.44372986978122964, -0.047438726071367336, -0.5071265032225345, 0.3848945055817057, -0.4388036161875688]",2.8621340055334525,-0.024606073627672087,0.03266355550960059,1506.5172004923406,0.04166859557184181,0.41733220402571697,0.179656537631267,0.01281491672024073,50
g003_050a977edeb556ae,gaussian_0414,gaussian,"[1.9094354211127251, 1.4191880506703591, 0.2829269944979444, 1.1642910990849298, 2.036226275645724, -0.22284947061160013, 0.28112671464243427, 1.7178250621573776, -0.2544361962403719, -1.0571678604276986, -0.1673575268870155, -0.030601968014235807, -0.5410133042171285, -0.32935097099957167, -0.18195245500067148]",2.864183354049464,-0.02274796661661549,0.033952450145797564,1378.8798115371756,0.04164678082607476,0.4260281989509521,0.17101734874217842,0.0536226687712003,51
g003_3eafab324c4fa8ab,gaussian_0660,gaussian,"[1.8511978668957365, 1.503776303867925, 0.40699369553829345, 1.0189203476167918, 1.6810143950365468, 0.03591131217487315, 0.23673896429599509, 1.7059356227159783, 0.041276356660080366, -0.35373597127000733, -0.2136219342696449, 0.03677657851428205, 0.5622868057561424, -0.9638787775376766, -0.23831743509715791]",2.864186570568168,-0.024283262645020454,0.03258096200812029,1013.8146189440013,0.041829849200011315,0.4092510322489443,0.16051439561039482,0.0,52
g003_9331ccb25796082d,gaussian_0184,gaussian,"[1.670949290021174, 1.5423171237106212, 0.5293367129982547, 1.4071380895831411, 1.8464719462510717, -0.0518848495174609, 0.30073284484246804, 2.2702366859718612, -0.251923245487825, -0.7050118536553659, -1.0979270771613794, -0.04814390570815299, -0.36694754857658934, -0.5064958262315, -0.23381879783906157]",2.8660234547749104,-0.024296929630354125,0.03304314743506932,1189.7472092590979,0.041512723715632874,0.44030416541812967,0.21764330172610533,0.08091583086801574,53
g003_1978a82aad416c71,gaussian_0374,gaussian,"[1.8794318695217522, 1.4582543486594821, 0.4050341350665899, 1.0324072521334422, 2.0231322675735397, 0.009643265210555207, 0.28463773919815016, 1.517717739264693, -0.09915680305754491, -0.4862297996062348, -0.6994675394562855, 0.2023034043101188, -0.28496375423047177, 0.3987281838173302, -0.1800293519665746]",2.8662711529877205,-0.024356253898648816,0.032997225902347715,1142.8984391586455,0.04165597314855068,0.40537532038381313,0.18220081519168957,0.02024323925219485,54
g003_53d5268042875322,gaussian_0635,gaussian,"[2.0766488703469945, 1.5934902954747736, 0.32062652519851803, 1.3639911239495317, 1.6280899531488575, -0.2033524341092009, 0.031052164022872197, 1.9596084983032298, -0.09431061646917942, -0.8123970739198638, -0.396201474123967, -0.08863237249602438, -0.9318671321383521, -0.4200105115535756, -0.002511471270247512]",2.86825479111377,-0.02461025941539008,0.03266324543638454,1226.2154506917104,0.04169618555679325,0.4361985176573009,0.18450095256175414,0.04459329454663769,55
g003_7e000c6f59345e63,gaussian_0556,gaussian,"[1.7356391176098922, 1.455168190315083, 0.1776928705219572, 1.2834547920855055, 1.7532168602022395, -0.10733736857981388, 0.41284924262993844, 1.6371337883698653, -0.37573293469798996, -0.935639981434242, -0.13698947903405534, -0.04653765831626002, -0.15080116101516208, -0.35052482757846304, -0.08025090539834685]",2.869160763746592,-0.024555289052910156,0.03257177390817285,1349.6425673214471,0.041797145450025996,0.4073794359444088,0.16241436759015376,0.01689603997159096,56
g003_ef8a777e3ccb2853,gaussian_0047,gaussian,"[1.9281216886404002, 1.330296242308814, 0.5649395528510215, 1.0774838613579134, 2.063108912736287, 0.052758320741989634, 0.23316659377149057, 1.708098138550214, -0.2274725881057466, -0.7062504258723659, -0.696838925744379, 0.16572627835450449, -0.692728778305637, 0.5466695783229693, -0.2908534314428403]",2.8723312439978925,-0.023791992858757216,0.03341683160274671,1259.884960260595,0.04169889285444349,0.42752198203710334,0.20093889091300496,0.03199508811367097,57
g003_8169811f23cd2252,gaussian_0303,gaussian,"[1.8615046183444697, 1.7002389941953602, 0.4328739534612126, 1.3354576711840866, 1.726658619595061, -0.043529181369454814, 0.05542817160071478, 1.780636547696648, -0.4040667368290234, -0.8547932391836981, -0.46424550685685706, 0.06229028661097992, -0.13580844151027296, 0.40012953645449956, -0.1076764215278676]",2.872501504879584,-0.023309635331784873,0.03377197872664835,1341.578239373841,0.041685028646860835,0.41301067102733036,0.18413827656796516,0.038812002724444405,58
g003_83e85ae730228076,gaussian_0246,gaussian,"[2.2281825249780995, 1.5685422274581458, 0.5207616711551988, 1.0360519124020502, 1.5883015630669604, 0.2054063494455895, 0.36897167187456037, 1.7085604613727225, -0.05883964262657852, -0.1907644921769402, -0.8899407634498013, 0.18815883529625418, -0.0043578255714047665, -0.18960958844148335, -0.24553500651867197]",2.8754571771394724,-0.02811259630298335,0.029810923455939456,951.2977006346191,0.0417636251247653,0.40882555239238366,0.19193736321228633,0.03010963633863393,59
g003_cb310a0b5c1a96ae,gaussian_0266,gaussian,"[1.7524241774877893, 1.5582818904099853, 0.4503483638997809, 1.132769442117987, 1.9931527936723608, 0.12345277319000839, 0.25887098266409886, 1.7806303847124623, -0.10410878578189972, -0.601136165143743, -0.8020341685258116, 0.08295089476798961, -0.048503451382525986, -0.6626673435730511, -0.0038304202365822566]",2.8758150393155058,-0.023155449863769717,0.03401716547700863,918.0988282069084,0.0416759954789666,0.4231583721445481,0.18926943194654156,0.03364889324650808,60
g003_8d8fdd8632ab526f,gaussian_0723,gaussian,"[1.9881043442568065, 1.4269497954013375, 0.3987236843237022, 1.1798167904368309, 1.7721996534544164, 0.20420767730140388, 0.08681407167420939, 1.6632962551380521, -0.1810404062509647, -0.402050213445642, -0.8750429917339464, -0.00317057066131117, 0.6100070060950643, -0.3658235372315114, -0.002237379668239039]",2.8785209966140135,-0.026626733971824468,0.03139441487281862,980.3979734993773,0.04172117526386349,0.417409112894467,0.19624504955929595,0.0035343870984953533,61
g003_4feae5740e45b4ce,gaussian_0106,gaussian,"[1.8325162917019124, 1.657060857134616, 0.38248961727222186, 0.9424342296656882, 1.7477857790604987, 0.10649754921590823, 0.19638134413359837, 1.7622029815035458, -0.27916763638253284, -0.004653805769908925, -0.7048649940316626, 0.43694066765406553, -0.5159391968648289, -0.10384199452698391, 0.248914097547911]",2.8804131115788927,-0.02368421007870336,0.033455772225039614,776.8915274499159,0.04182594166727735,0.4069118498569647,0.18403830289524603,0.016256515383743085,62
g003_b34eb6c16ecd0231,gaussian_0346,gaussian,"[1.8869977505203381, 1.2629429135511243, 0.5832145509059404, 1.5373020702830613, 2.189048673831793, 0.09452628853097635, 0.25900766431196326, 1.9354753088354562, -0.334760223356974, -0.7412097871955146, -1.1572708029198862, 0.36514502163678386, -0.9098686883871037, 0.2228458963360823, -0.02769958777335387]",2.8804576554257806,-0.026556481812434418,0.0314590519739759,943.2264884555116,0.04157418513312847,0.4501512241070841,0.23292996189639106,0.08608454403220304,63
g003_644598104d2021b4,gaussian_0405,gaussian,"[1.7878318327695857, 1.440966864062751, 0.3276586815070404, 1.262491074573504, 2.2825901430884494, -0.07489023329985516, 0.26668898394274076, 1.6215215717942684, -0.24038555741766388, -0.8068835761608635, -0.6205049404967624, -0.18782836989816992, 0.3594254788895578, 0.30141733520965974, -0.05101665461475295]",2.880597352302273,-0.023097446221775564,0.033871026140443614,1386.4363036209688,0.041677326949380374,0.41130548925854643,0.1937181675215623,0.08200879033959188,64
g003_a153c72744cb5ad6,gaussian_0606,gaussian,"[2.0018120531027472, 1.2211840042551074, 0.4989618050237934, 1.0376537576102491, 2.043500377218, -0.06299050349672144, -0.052245827146551654, 2.2183604807378874, -0.24524547766603227, -0.8430060113499704, -0.34474195973885036, 0.1769524767785947, -0.7265018378493912, 0.7175037052368604, -0.2969739285694241]",2.882863896424492,-0.021682629058844882,0.03467897025430274,1379.946020807125,0.04176279144087887,0.4399292184886063,0.1944608969314445,0.07740099161023922,65
g003_9eb3f30171036a48,gaussian_0277,gaussian,"[1.8702020031349251, 1.2049579888338329, 0.2803165768939214, 1.0823543960300037, 2.0541663819798472, 0.03600217449726811, 0.23909736710328655, 1.626837871888243, -0.24874278909265207, -0.04250322369019832, -0.4836738224942726, 0.09389096433362805, 0.2649047175428674, -0.07166325397205695, 0.421625363698243]",2.883151066350037,-0.02561685553399684,0.031657041047987736,915.4020871251014,0.04197548084598041,0.39835817044394195,0.16645194080542197,0.027840835097265496,66
g003_d6ec4b0db56d4c1b,gaussian_0104,gaussian,"[1.9948124270769183, 1.7013269515082303, 0.46065563404703186, 0.929875462819654, 1.6765603039211567, -0.007575213850379155, 0.21532269053897457, 1.7122991659255493, -0.1501235562434216, -0.8151675213097478, -0.12205673936522216, 0.20727224453728707, 0.860122160294205, -0.32852771610401477, -0.09912577196783992]",2.88432329220987,-0.022393631355464794,0.03428166550510394,1046.9713775989148,0.041870154107830015,0.40829234053521263,0.17910617873382365,0.032115133288722154,67
g003_0dfe2bae70e34bd1,gaussian_0569,gaussian,"[1.7210894257052562, 1.6767530767720453, 0.39944127743252417, 1.2319938018438141, 2.1693069274879715, -0.13136771586310164, 0.25614555066784556, 1.651329042970782, -0.20537105496100239, -0.7136775200470071, -0.48814033952428515, 0.04662528644248484, -0.9739645589063922, 0.29003278645981123, -0.14011511972123872]",2.885648838424175,-0.02145959378745732,0.035069161452542116,1331.7241677958555,0.0417015567979449,0.4241682013717294,0.17262477231747064,0.07427525461102448,68
g003_0c5f266d0df46637,gaussian_0177,gaussian,"[2.104915600599863, 1.5602221267455199, 0.5309522324681339, 0.9354064313285597, 1.8217251206437102, -0.05628965582167105, 0.15411627746919912, 1.609066893656272, 0.028037307292015423, -0.5887038171095118, -0.5760931723439616, 0.1456247905559359, -0.3511490624516984, -0.1399531378300246, -0.23652105272949242]",2.888254167593837,-0.024234617966581107,0.03339932440461139,1082.328717132059,0.04177002920139645,0.4093300855944309,0.17604198472175622,0.019503303745624905,69
g003_ff99da2ede2c49ef,gaussian_0388,gaussian,"[1.473213329272705, 1.3970960843372078, 0.2945590985861534, 1.3925602845144165, 1.7012621460119384, 0.24741351825858485, 0.3086574220745996, 1.9640523066924542, -0.22898695913759945, -0.6242038113343776, -0.30475316400644886, -0.33640419089559914, -0.5915535916484032, -0.5723469300341586, -0.024729306390180623]",2.888462744057364,-0.023427265682701814,0.033361715880445716,1263.1081363510893,0.04201441499321883,0.4186176261185023,0.16890485556541424,0.019384068076435817,70
g003_b67dfa4e76a992d8,gaussian_0297,gaussian,"[1.8046854589232586, 1.456035775307258, 0.2959698332302824, 1.1771499506203469, 1.918812743922768, -0.034625776934818636, 0.20332348164933628, 1.7649048138408667, -0.2751462363317924, -0.42701990577814414, -0.8422115287591905, 0.4222675323488163, -1.340154294994654, -0.24381850753448897, 0.01743827302642456]",2.889517632058921,-0.024691392484773367,0.03314090946362089,935.3698023710131,0.041746659440729486,0.4420612474981795,0.2011256615018803,0.022476154602740522,71
g003_2c646a803f4f68f6,gaussian_0701,gaussian,"[1.5772487751718545, 1.5440363699474482, 0.40305707058821005, 1.1216086429963992, 1.8886289211066893, 0.054785987980481184, 0.2136452337129712, 1.7268009740900507, -0.29223126620251794, -0.5973799999532954, -0.5374477612416964, 0.13039320924793638, 0.289224464988144, 0.13134088169401661, 0.16967383422660498]",2.892286769552028,-0.021978804321609147,0.03476359565694365,1051.6369470125865,0.041888701972642495,0.40338054005670376,0.17992631597510492,0.005877922609911704,72
g003_cbe770dad47270c1,gaussian_0604,gaussian,"[2.068565377743814, 1.4805776227252394, 0.5076265154976184, 1.1904021998370338, 2.1081128972180068, -0.3022429115946587, 0.07841962026883686, 1.514986596093837, -0.22793849141405542, -0.7451429860410923, -0.3822642980189015, -0.2893428849235949, 0.0950021922428583, 0.36487486826215065, -0.2315202831311591]",2.8943595491849226,-0.02394670439493718,0.033444743551015156,1582.3233186634425,0.04178464186374845,0.40827432328517,0.17730690159225027,0.07369901450755705,73
g003_388a31824dedadb2,gaussian_0618,gaussian,"[1.5692259370797406, 1.5828295465984583, 0.23366179667272588, 1.3899723501400971, 1.8815542389895785, -0.19265331607596808, 0.4622335178131252, 1.997443819163989, -0.24840391373474097, -0.6053327900169277, -1.021517714586432, 0.10491425451192621, -0.5755651679471443, 0.32922605939128047, 0.07444547135675161]",2.897048248218569,-0.024591022371636573,0.033104698598798374,1195.213425499227,0.04180553591254435,0.42135426127331277,0.21520352991131872,0.058909269048331825,74
g003_06d00150cb999868,gaussian_0474,gaussian,"[2.0159502328449004, 1.3943685507956571, 0.3978401195580795, 1.0905146590740677, 2.2384113618937866, 0.11130235382637177, 0.22294823548598142, 1.4712379641350626, -0.3708117772323687, -0.8223203354679438, -0.46827898820255287, 0.11821242958399644, 0.4282395326783902, -1.0919630659114532, 0.1703012470425001]",2.8977506437119263,-0.024433840140987484,0.033357207751496386,868.1501256195879,0.04173637975576751,0.4297775930938139,0.18868390703962964,0.06891980650330032,75
g003_1c2efa7a790a4d01,gaussian_0438,gaussian,"[2.214871576296753, 1.5854754853660018, 0.3338205967295677, 0.9233199653003997, 1.8884828621686824, -0.1418576927421504, 0.053354241771996824, 1.6155381679267142, -0.0889211375748726, -0.42717705476526036, -0.052440731192693546, 0.15930357804520984, -0.07931048413304548, -0.7516867715469198, -0.059649368029514524]",2.8985214207856798,-0.023175870905357776,0.03385037025992453,1051.5930827731245,0.041954869865935746,0.40324108568501543,0.15175469760763988,0.050543166420414856,76
g003_dfe026d701fdceba,gaussian_0146,gaussian,"[1.740551101381846, 1.4022373244094741, 0.365269603734722, 1.6211014867392048, 2.0267273283540077, 0.028656856906564235, 0.29855403042423695, 1.6068073600907327, -0.25710704622372765, -0.7697322374022028, -0.6812834958109986, 0.1959346721129575, -0.5882753023439264, -0.4602162431272381, -0.08668592201623398]",2.8990491562627088,-0.026528516782325484,0.031580148388687,1026.5855151548458,0.041792088652305034,0.4243695111979047,0.1828641341370492,0.072013199593565,77
g003_4410d3d97f33a309,gaussian_0009,gaussian,"[1.7117781287249254, 1.3305865552239493, 0.14365383842126098, 1.3127932798094415, 1.9338968558345617, -0.012894792452324536, 0.2562581759978167, 1.8277666677739237, -0.3059574377884309, -0.5600499983894967, -0.5221738665980296, 0.6141444000444382, -0.33995318565241706, 0.09178024856859865, -0.19978522166309873]",2.8990751418593583,-0.024811811773710835,0.03270340781485097,1028.703267565208,0.04197264028974768,0.4107477245138904,0.18900294310896545,0.03541834687851636,78
g003_1a1438df21430c4a,gaussian_0068,gaussian,"[1.8759978410923588, 1.4610428568093874, 0.3674743432497397, 1.014773379919114, 2.0817867373326866, -0.03418010043753424, 0.258855451815742, 1.4009401865968862, -0.31275692217831663, -0.944035816691208, -0.055722316131146976, -0.06718129024087302, -0.26236333807742057, -0.7139720822179031, -0.06016553841944875]",2.899908295242114,-0.022480217635077127,0.0346716724096591,1225.6660675237035,0.0418569192807786,0.41408920131189153,0.1584275963730438,0.02888882608451238,79
g003_1110de04e9781b52,gaussian_0643,gaussian,"[1.76444815104436, 1.1476350139360325, 0.22249192122283107, 1.2045154244398415, 1.9788931813182866, 0.12577118075042004, 0.4477216805905298, 1.5993988507475985, 0.008837213253343162, -0.7390244853449079, 0.1670822361252865, -0.10351155375516422, -0.8290083760406476, -0.2948107922297048, -0.27876576300795]",2.9040183065458063,-0.024417396298121008,0.03256175726577226,1300.4221407767473,0.04220588097600152,0.4133523184557327,0.14226302043123268,0.0276728384722526,80
g003_5d43b56032c1a17c,gaussian_0235,gaussian,"[2.037079869277532, 1.4554585663773565, 0.3283538816021206, 0.927046456778766, 1.8278018004471326, 0.07754788555492736, 0.2741514804157445, 1.9060613064415053, -0.4450984393889351, -0.4849512626001401, -0.8183040699749546, 0.29599774035250637, -0.6682497980998165, -1.1130909526780361, 0.1972004864838655]",2.9088332358761804,-0.025064255733094565,0.033095573933512576,783.438303470637,0.04183201098055153,0.4440479126011891,0.19381387537273434,0.044339913133640885,81
g003_cedd11db8d10d7e6,gaussian_0523,gaussian,"[2.2140237499454414, 1.604007882318585, 0.39184153966825747, 1.291913931384788, 2.295676828373954, 0.006801782369453395, -0.0644870170065458, 2.005960614199115, -0.2495321176970029, -0.8965743892490923, -0.9118897987173394, -0.010791827358092476, 0.4487509840117231, -0.2734293827434155, 0.155388396613033]",2.9137475435590203,-0.02316711765409707,0.03442133271813273,1048.3802998814426,0.04166550795626501,0.4343327965624096,0.22023811698668666,0.11185557510906276,82
g003_395b97fd17df3d5b,gaussian_0131,gaussian,"[1.7653084685655787, 1.4123577925923023, 0.49396941286145557, 1.088064699875352, 1.797034681185071, 0.04061429101260116, 0.31458170450540623, 2.0203925742866287, -0.08643141255701134, -0.7830423980119297, -1.0991638706535438, -0.014980402936106918, -0.061530750388206934, 0.01327945003722264, -0.11445454196571145]",2.9153862511427895,-0.024094692937480122,0.03381973698087257,1114.7767231313665,0.04193353892419622,0.4288561519694808,0.22967003300689573,0.007362264109181878,83
g003_adeceb9ea9e0fc08,gaussian_0453,gaussian,"[1.8035371017293262, 1.4706366156396034, 0.5169504728660217, 1.3636905603426646, 1.816894735597955, -0.303898207778599, -0.04901658346935281, 1.6554378575024544, -0.19935274522426993, -0.579910899450971, -0.10763789631265613, -0.14276549800500118, -0.038905554346675086, -0.13934700391825428, -0.050857762006275876]",2.915755283105634,-0.02380094421476686,0.033573730419217115,1348.0931223412772,0.042080834864056116,0.3982938445293814,0.1574035175553737,0.04625661982306281,84
g003_a4a4cf9b89cf06c5,gaussian_0472,gaussian,"[1.9318566277625948, 1.3340224107613639, 0.3558135789631848, 1.2339230927887552, 1.6745313627651073, 0.0789998469879056, 0.11290878829309504, 1.7451853378799256, -0.2574789818103508, -0.6173195047172119, -0.4075317996209765, -0.06479549144806512, -0.23521560461921912, -0.5441683124255284, 0.1648305067089882]",2.915782896200454,-0.026000239654732304,0.03204269269090371,1044.337902479474,0.042074870286338995,0.4105469094863436,0.17140932912555162,0.0,85
g003_1c04edd6ef9368da,gaussian_0271,gaussian,"[1.7544023751893272, 1.4228442829243704, 0.40723807348562063, 1.2566253031652266, 1.7911946359138373, 0.08243450113343459, 0.1733347652092083, 1.4700814304362624, -0.18382786800160522, -0.7136966537069984, -0.0069620763412505116, -0.0875175936739142, -0.8537432471007146, -0.8087378983559911, 0.012141264433729534]",2.9220060614216155,-0.024329020153003533,0.03339111778683243,1097.0901094118271,0.042117245504125655,0.4173135317966179,0.1438886820376154,0.0039053148387279937,86
g003_2bcd33f47e308299,gaussian_0071,gaussian,"[1.9536138740491271, 1.6046673987414077, 0.5305652627930387, 1.453064246008965, 2.0137992084371663, 0.26890017884198697, 0.48306003089899063, 1.160173548452069, -0.03327047327629257, -0.5699716268315245, -0.6059680949660428, -0.3272846424890496, 0.1287713228376385, 0.8159496880204591, 0.1558267381688205]",2.9220718698583212,-0.027735908897943196,0.030572822333945225,1199.6144235422762,0.04203035883654529,0.39943490286278993,0.17470771324338258,0.06948875634303421,87
g003_9402831b239ac321,gaussian_0634,gaussian,"[1.5465347456969114, 1.5390482769626799, 0.2083845800386852, 1.2673016105116233, 1.7048739936923163, -0.03241088032079636, 0.2784190800292255, 1.6076885446311093, 0.05648796667722217, -0.6614396698041172, -0.05485326010001157, -0.03284688469015893, -0.7405824833137221, 0.008791863930399463, 0.04178181624451946]",2.922620557984103,-0.023168967649849104,0.034044699933022116,1172.468693763385,0.042190244464205634,0.40071680211972704,0.138049625907854,0.002752274740024451,88
g003_c8a95f7b4d6fc962,gaussian_0225,gaussian,"[1.307866344215717, 1.817667633620332, 0.36862575714262297, 1.2694256845189926, 1.62445233729171, -0.24824685488504372, 0.5107536429575162, 1.843753052721562, -0.26457731647578625, -0.30324796246346214, -0.4253302020662847, 0.18518630441415582, -1.299555225893979, 1.0987075286538022, -0.00126167353684061]",2.9231259661418076,-0.02196525316445741,0.034639318162121006,1387.4462602150488,0.04224419652646512,0.43033617544749153,0.19052349921952666,0.03229665285738865,89
g003_d5c8174d9e4cb454,gaussian_0245,gaussian,"[1.5701351083802295, 1.4152403113461018, 0.24364279381103476, 1.1926264593371316, 2.0026897628933704, -0.08829188060161934, 0.38941719319909107, 1.5318138502385077, -0.3221951518806454, -0.46129211763830696, -0.05356709288160427, -0.09742085599917291, -0.32994892280737187, -0.7152876475505687, 0.10439800139359348]",2.9233333458803146,-0.02327762193743399,0.033885441193581015,1203.6552635345834,0.04220352945222423,0.3969819467737495,0.13796858526809613,0.036619419966674345,90
g003_34251a50b1a3454e,gaussian_0337,gaussian,"[1.9989784158723554, 1.579091911279725, 0.4939012158727185, 1.194563560702942, 1.7377284881214752, 0.03536006290881657, -0.008433225191137206, 1.4286081835720579, -0.16784352679046885, -0.5868101992902869, -0.39007083799288295, -0.291576712961326, 0.05753594603631382, -0.1443826075818316, -0.1455699590907298]",2.9258862750340824,-0.0251565795057741,0.033047978549249665,1331.9834349199773,0.04204267668929236,0.39756689697652026,0.15835018052575325,0.01711940265624208,91
g003_d908a2c0d0b71735,gaussian_0620,gaussian,"[1.63187284752341, 1.5258802596951073, 0.4505290726885803, 1.2806212437687718, 1.9796558417461063, 0.014265737195548894, 0.15936367079382938, 1.4202947139246773, -0.14758094536132157, -0.5492396220997747, -0.3390312186505465, -0.20296610351422725, -0.18599577755854485, 0.6692988922931813, -0.23268843139372533]",2.926783122314019,-0.023221211577194034,0.034210874860511324,1477.44674537436,0.042122738930462846,0.39698738861427973,0.1553001730357232,0.034484800961062524,92
g003_b611696f1c8e65fd,gaussian_0562,gaussian,"[1.9552098506087452, 1.656759166725553, 0.45205742593824294, 0.775272861098772, 1.82070419696455, 0.21326816842897578, 0.25415359580889996, 1.919305328133269, 0.004729214826208583, -0.03538072699266148, -0.9171605200457498, -0.09218433989886088, -0.2924016183788575, -0.6313582542680339, 0.2041519527351612]",2.9273011804263027,-0.023135821800736256,0.0343674754858503,848.4570323800144,0.04209842995786655,0.4196558007923508,0.1976155712778122,0.028737969074435297,93
g003_314af2ddbe4ea78e,gaussian_0258,gaussian,"[1.7336725012869691, 1.7080551270223008, 0.20227730683376438, 1.1209821143934562, 1.9706466654308314, 0.12675506861617963, 0.34836067139176174, 1.519150063074979, -0.2693658221984505, -0.414946997331081, -0.6608377342147527, -0.0034992086036990874, -0.33775488645699153, 0.4858615077307643, 0.08144232409063433]",2.929307368905267,-0.02348744525501234,0.034172680716392866,1226.1761527914314,0.042082752346667196,0.39622513561975337,0.17168425517316577,0.04138172208963988,94
g003_6a3cddae441e1c3d,gaussian_0364,gaussian,"[1.772661265481054, 1.262952930769766, 0.7021384277842433, 1.1140785811084044, 1.9343725209293308, -0.23541408169696176, 0.22707264044107603, 1.9299570685159773, -0.2053944887867909, -0.4845639652146456, -0.4802951144991725, -0.08122224739658668, -0.2540793572495812, 0.264540549729802, -0.17131708374420127]",2.933164395307195,-0.02353327627611801,0.033823750034757044,1356.4238808752489,0.04225824855845215,0.4070409259064392,0.18664280069594488,0.035052945219188544,95
g003_9dd02fb064012459,gaussian_0422,gaussian,"[2.0251400979764207, 1.611603616399809, 0.4339374850465543, 1.2541002909285979, 1.7755981485342474, -0.2328617577978748, -0.03381937231420937, 1.9296517269190765, -0.33202905461852045, -0.8443991726103969, -0.5397554567218671, 0.036752370891601056, -1.1255004052059387, 0.13154136777266093, 0.1760326135141695]",2.9361065468139254,-0.023590148871709182,0.03440681911011238,1217.823110646892,0.04200130291598525,0.4378593671245885,0.18727599157117977,0.053748913564015635,96
g003_02aaaddc644f74e8,gaussian_0041,gaussian,"[1.6307426712264688, 1.3919665785908613, 0.41688389975865825, 1.2593676653899073, 1.8920334461591728, 0.1888386901072983, 0.15768489792528878, 1.8909178402226374, -0.08618822106092658, -0.9775729900716082, -0.43949448709812916, -0.038685201208050114, -0.6094103056332122, -0.45347523898274344, 0.030101629160227662]",2.9362172733058123,-0.0221770165184626,0.03515885017193359,1031.538221288949,0.042130903057973956,0.4308052246020328,0.18245966330804936,0.021752805329956153,97
g003_efa41dc70a71e230,gaussian_0740,gaussian,"[1.5546039618296343, 1.605930187204451, 0.32319517317379975, 1.2433538927791399, 1.8002683204198624, 0.09804174787683011, 0.06704959140003963, 1.414621969878077, -0.06944061885222295, 0.051365009644935844, -0.4402563646643123, -0.18091381477644383, -0.36190008353798175, -0.020753684664315514, 0.3073236295110992]",2.936785838517995,-0.02424747840723096,0.03356207494510154,1050.7398728756489,0.04223383182518405,0.38403961941112946,0.1484660908127911,0.0027080775788795738,98
g003_f9140555a80e0a72,gaussian_0653,gaussian,"[1.8204906417104476, 1.4750718729975905, 0.4887733469561294, 1.1345160429087882, 1.9739916466655658, -0.1638514297754104, 0.17250535405384107, 1.4091368287375343, -0.20658521797828658, -0.5301860681695258, -0.24842844635290498, -0.17054098403039783, 0.21974166211761367, -0.5265025287548981, 0.09654128829798359]",2.9369290255251617,-0.024198313290061613,0.033720767974156865,1173.606626357945,0.04215850940750987,0.3943291689095602,0.1514612208123585,0.03447810083226397,99
g003_7cf9349e82f1a72f,gaussian_0587,gaussian,"[1.8478760443679287, 1.550419026125941, 0.2602172765322962, 1.2407845571521203, 2.0484399599303287, -0.06254150855478524, 0.028946049435528892, 1.664916004278039, -0.26364834148843436, -0.68811001921675, -0.5019943580187105, 0.014419667809569336, 0.14660240561145912, -0.3515951248636994, 0.002455216441693328]",2.9388434662226746,-0.02308128337553783,0.034672930060361,1177.7407538438347,0.04206523386185558,0.40676987983506724,0.1747373342093298,0.054433568535854376,100
g003_bc5a30b5d51524ef,gaussian_0176,gaussian,"[1.5748100379285856, 1.6520038953772187, 0.2635932255350423, 1.3707107970497254, 1.8945026986869467, -0.31199658223434906, 0.23965752279556823, 1.6299374702838956, -0.19609807151333536, -0.7717561658177199, -0.20386371889885452, -0.01582016256243437, -0.4518707389830715, 0.2875036951191793, -0.03492980184935328]",2.9395288953308287,-0.022482631515852503,0.034804954124318624,1394.7922287053443,0.04216030054061761,0.40172533897370694,0.15529108589161164,0.061897374549506584,101
g003_c201563452ae7dc5,gaussian_0103,gaussian,"[2.0084988747951944, 1.6174115039756771, 0.5149455144031581, 0.9883772558483095, 1.8176712813085234, 0.056018186992064053, 0.17642676582858285, 2.2565982006900382, -0.2766849966716696, -0.6151085602136542, -1.4509738238527923, 0.17643321939342502, -1.0284447817862195, 0.07239966963844044, -0.1817550853205905]",2.9404431068921326,-0.023991806329668797,0.03445883728723552,1095.7090424309135,0.04183587970968442,0.4562712370759506,0.2469813171905941,0.07865868233896656,102
g003_d5df7b1d4b910f47,gaussian_0367,gaussian,"[1.8825050841417803, 1.4801607274027793, 0.5924186212330069, 1.1696476518141252, 1.9293832652813239, 0.05739961032129242, 0.12473235967666126, 1.6734834418116145, 0.06879646397972541, -0.7481765428526141, -0.7683600594298242, 0.016273124227082766, -0.8496291160517856, -0.08200019078663573, -0.195888665633768]",2.9411896754541167,-0.024055166515796977,0.034207387201490976,1077.3658807482498,0.042059996465792386,0.4287364194818038,0.18937898992892982,0.02117390074117355,103
g003_835a0e417f11a9b4,gaussian_0460,gaussian,"[1.8836258236591112, 1.319518907797356, 0.31731073252364994, 1.2580889689605697, 1.812754735743206, 0.016593662831313458, 0.25275325421552663, 1.1482266215961745, -0.07592336700864749, -0.42654359047814905, 0.26793728837330777, 0.09300006880017306, -0.6004193809332806, 0.48594155709200093, -0.14253755999071657]",2.942452640626304,-0.026651015987287696,0.031337318737790325,1269.4785752590142,0.04242038102692462,0.3894481095262849,0.11588017021021584,0.011416489699062227,104
g003_8cca44fa6ce81158,gaussian_0196,gaussian,"[1.918010158351316, 1.5442701418623401, 0.44049334459807593, 1.358263795185608, 1.4776947537647538, -0.03142707233981702, -0.23171415133847467, 1.837994486395191, -0.19013671951043537, -0.21463253560980672, -0.7217144599295381, -0.09351597455189398, -0.5093543254275038, 0.17220081722316413, 0.1381188318890484]",2.9433306979028484,-0.026229316383569512,0.03231945274233822,1156.2067848344268,0.042188041450383816,0.4083280746361922,0.20275124096514383,0.005899955113244793,105
g003_1ab78e8ce81bf39a,gaussian_0150,gaussian,"[2.040883783532389, 1.556234278542589, 0.45110314234277915, 1.1945367308123964, 1.9014247782565195, -0.020043426040924565, 0.0009647909437167368, 1.4111275881943421, 0.0858016479274824, -0.30149055012614573, -0.6042867130149128, -0.06686281147657802, -0.41612186876540447, -0.14164214442316175, -0.19004880203757332]",2.9435537006704426,-0.025890718540630853,0.03272308169408116,1145.5523720206584,0.04212279318356327,0.3981617830165107,0.16343592339508325,0.03167372456035202,106
g003_1111fc749c0d13bd,gaussian_0115,gaussian,"[1.9958217543222403, 1.4873645479165212, 0.284529105020038, 0.9798001007849855, 1.9417916451847053, 0.1058639597471364, 0.11336091793861011, 1.4130322356808895, 0.016600809393630372, -0.08340710637767956, -0.32038061094079384, 0.034444485500798365, 0.022642028527043473, -0.6492770921449686, -0.08744476704451093]",2.9439160871816594,-0.025034567066489766,0.033067537153765106,997.2625474466768,0.042262742616893396,0.3905702241201918,0.14322521260375717,0.024716124725317225,107
g003_bbf9ad942baf6a76,gaussian_0545,gaussian,"[1.633386823968859, 1.6907987649770817, 0.3552271255534091, 1.0262766042030815, 1.7670403523999814, -0.04420389143670461, 0.3955338813251886, 1.483338271049781, -0.1837893798043951, -0.36597545027989264, -0.4240311394822238, -0.4393284697490943, 0.7726762584344996, -0.646982091096015, 0.30344686936816606]",2.9439575952374564,-0.02366248048946762,0.03408561326438854,1168.0076047867806,0.042259086588403064,0.40059458301657563,0.1608068919108563,0.013678384716375702,108
g003_87112e58fd63e0db,gaussian_0109,gaussian,"[1.6536317080084557, 1.5193871193229798, 0.5882900552141992, 1.2153101001972977, 1.8100692364875115, 0.0803422247531083, 0.1441770795512589, 1.5502920475554922, -0.24270688533628512, -0.35332646270708523, -0.19199834452127584, 0.16805395245757557, -0.5774849895027974, -0.026809001344560712, -0.1427901075424583]",2.9448250911888096,-0.023397013976158343,0.034113709859515895,1123.6901955358298,0.04233272133733193,0.39382752708383606,0.14576482974381205,0.014023683943419124,109
g003_06614c1163cb8296,gaussian_0607,gaussian,"[2.026933073659552, 1.4584196109672993, 0.5627397540281772, 0.9600614222317143, 1.4841497997013073, -0.016944023708368353, 0.39889770032282634, 1.7760669570280019, -0.24648935301541774, -0.35713914101484767, -0.41037540208979506, 0.1499583196893902, -0.602248488853408, 0.3918707830234366, -0.30922798645191013]",2.94672442774631,-0.02636898191343806,0.03178745843134054,1283.7901808245006,0.04238355431492073,0.39960603854406485,0.17779417418781449,0.005559616805274843,110
g003_4b9228476f6fa0c9,gaussian_0290,gaussian,"[1.7522211033429451, 1.5032234060460874, 0.5792038510684501, 1.2328452716302056, 1.7926168725529237, 0.04561001437987081, 0.30302314891691917, 1.231625164674095, -0.27506739870272456, -0.30552678728677707, -0.10558309490671508, 0.1668619188185908, -0.3153893869628881, -0.281489405950368, -0.32054400933687405]",2.948241226377887,-0.02599035824180007,0.032244714245064254,1171.2570645456035,0.04234749456430305,0.3829856036382789,0.13151310294306365,0.011735393737463991,111
g003_bb5eb1fcc5aab340,gaussian_0376,gaussian,"[1.6544116588692985, 1.6761010977561517, 0.39188657279714384, 1.0755848759651172, 1.812964516527632, -0.05161143547761115, 0.2243277825321985, 1.6560230407984693, -0.1255937254586713, -0.4085422248207544, -0.6681175868029858, 0.03295995019325763, -0.26014103020468643, -0.635829878566213, -0.13817316381675018]",2.9484210598710825,-0.023076786178917397,0.03481943505435235,1097.6485628756564,0.04216779183239287,0.40697540211828176,0.16786556800747135,0.015823194836605225,112
g003_cd41dcddcca2fad1,gaussian_0173,gaussian,"[1.548615714495633, 1.5253566195575683, 0.2034981330353799, 1.2644414823476327, 1.648251792874, 0.030733532930899476, 0.5038201595402223, 1.829474464212514, -0.3441172683376416, -0.5081147391401144, -0.9214113888266572, -0.023303130717028255, -0.7568306602520841, 0.33538706987539146, 0.21844831995651884]",2.94895594194815,-0.02564483664924011,0.03281802010074657,1177.242040566518,0.04223168162607142,0.4142130928819832,0.20193730749877065,0.012986033528019929,113
g003_1b6904a5258e2b40,gaussian_0211,gaussian,"[1.773162608371734, 1.6005502365613482, 0.5301066306218019, 1.3620159675914647, 1.840499384428444, -0.1535937803369067, 0.12565081215072885, 1.8834758414484791, -0.07990529687467894, -0.7180463959499673, -0.9226951077281882, -0.14541452652574208, -1.5533771062240191, -0.14155032245720658, -0.07061270271506348]",2.9489904555307715,-0.023925722645530723,0.03440380975104558,1237.4354289939474,0.042060819081667505,0.45890716430993156,0.21298616365035133,0.044389591714213694,114
g003_de187a373ba406fb,gaussian_0324,gaussian,"[1.7631439734417012, 1.687636011090846, 0.4537767002762063, 1.3376220979368678, 2.100120418270837, 0.07485657951858514, 0.14180052043266708, 2.151733848672229, -0.10640032121923088, -1.1568522181137637, -1.1634555735489789, -0.10942758495482915, -0.14300316796498952, 0.1917723780333657, 0.17177589803182503]",2.949974158767883,-0.021747552161774264,0.03598635206787955,1085.4244766645024,0.04191130589999059,0.4449631934895137,0.2431040369534367,0.07837414618564029,115
g003_5ad0a6790df63225,gaussian_0669,gaussian,"[1.7462574994541693, 1.657437286454181, 0.3894131421979216, 1.4233832085189602, 1.9164782757077743, 0.10989574356761336, -0.5169407147685778, 2.3536919233287006, -0.2799280620120869, -0.22182519421451857, -1.1004914852782284, -0.19183003528526807, -0.6260968560809701, -0.19929115236555822, -0.11420321660419727]",2.9501523550967392,-0.022240817444644345,0.03541729724662064,1266.292374931989,0.04191179547380997,0.43510446743948633,0.22561405702963896,0.10717954878505356,116
g003_223d99dee5065b94,gaussian_0574,gaussian,"[1.664429231233793, 1.5900559812254298, 0.4521928840562075, 1.1032504751077548, 1.6355054746580056, 0.310776262903069, 0.48942499930741246, 1.7279171426202748, -0.245284751893804, -0.5275352086779675, -0.6565468030081214, 0.041571149568993646, -0.13994745901963132, 0.1827323262900035, 0.3087679745402898]",2.9504247355697437,-0.02472808631141299,0.033331732263515906,913.88122237883,0.042327180014721216,0.39802594414345543,0.18264623018562773,0.009087655591151848,117
g003_238d4eb4630c58f0,gaussian_0649,gaussian,"[1.759731599341436, 1.396949995353296, 0.29642844273487023, 1.5132268280111436, 1.432569420886154, -0.04564739042021959, 0.47384860840186693, 1.5515717737274615, -0.2263506636960044, -0.220746718320262, -0.40067616844502385, -0.07731807364366763, 0.04015677017162009, -0.052156757342589344, -0.060702934540730544]",2.9549064766640085,-0.030101839283310672,0.028350499008817795,1239.0710350035333,0.04245044108992865,0.3856620555773854,0.1510368739138053,0.0,118
g003_dbc22c0264427dab,gaussian_0667,gaussian,"[1.7703263338212305, 1.7593173927486254, 0.4082362068279601, 1.1893348399408408, 1.6726482450476654, -0.21090668191477077, 0.3320441583416599, 1.7274911918822826, -0.20043220860968092, -0.9688073816693876, -0.49403941400088547, 0.022442240968576305, -0.7827926603212993, 0.18462331129425832, -0.12701162232489022]",2.955690358058071,-0.023167499585162177,0.03481678413639245,1333.705672869728,0.04219513830030432,0.4202748767564891,0.181121951658338,0.0352787332326892,119
g003_e057c1321d6aadda,gaussian_0670,gaussian,"[1.4982080276193397, 1.7551093818641945, 0.33482158308054927, 1.550520847448325, 1.5494447068952053, -0.18061955918636474, 0.20444877512610213, 1.774950623207309, -0.1979705986272039, -0.8279563482795449, -0.3644751062273186, -0.12293351410517114, -1.3634222026515959, 0.4441189898292761, -0.09067755886847483]",2.9561861725298293,-0.023503992120938122,0.03439077375647691,1459.2016501096332,0.042286245203151704,0.43617305687676605,0.1810287684117911,0.029807345811549115,120
g003_7fd3a9dbfcc83107,gaussian_0719,gaussian,"[1.774820023801527, 1.530472086010321, 0.5048751965100389, 1.1660148332914657, 1.7883421538666908, 0.13510548066644393, -0.10085706665600885, 1.7263895362223336, -0.08314195036061937, 0.001166484470136675, -1.0057216427373936, 0.12001827887378436, 0.4652771863873876, 0.26755132918577085, -0.05364833210011365]",2.9569235126128994,-0.0248953711996468,0.03352498009473681,1000.2395584030819,0.042267560603438524,0.40814490867493053,0.2085095387684692,0.007474218635958056,121
g003_68e84e72803fc1d6,gaussian_0700,gaussian,"[1.6466861047821235, 1.6718256003394085, 0.28211703969136076, 1.0551889381512527, 1.889559234705557, -0.049620585905143406, 0.1496370583544187, 1.670521971514162, -0.21938297372776605, -0.6181169612086181, -0.5520484461303325, 0.17880661914503804, -0.10589503675662884, -0.17895673663308573, 0.19017877339983447]",2.957160066536479,-0.02173878020979436,0.03582225170629532,1003.2593710516485,0.04219862560439094,0.4026012496568377,0.16985682329032276,0.014622349441347398,122
g003_0b6a3775d3257744,gaussian_0151,gaussian,"[2.1438709684054347, 1.5406400392844743, 0.32139342840240903, 0.8710067927905538, 1.7727993835295577, 0.10211476088664696, 0.14503135821283572, 1.6600581289551968, -0.03699337843012371, -0.6538796144406364, -0.28651377748059437, 0.1014897779604674, 0.36375411421890935, -0.9080974166366129, 0.010795085577829431]",2.9581375528461247,-0.023945772153943667,0.034146687907154985,897.5642577730214,0.042286654173420986,0.4103854981902061,0.17066604303887684,0.03384578292507388,123
g003_20ca14b03e49c1f6,gaussian_0147,gaussian,"[1.852541243025014, 1.67431109111028, 0.4376938979549551, 1.142074450350397, 1.8123520072025807, 0.19847642641141028, 0.3322114675254958, 1.65040834302136, -0.2775555011317332, -0.7238596905127801, -0.9071693035695356, 0.08589465143483058, -0.7305747938314763, -0.45899964942086346, 0.027683649495553284]",2.9582895232412443,-0.024769212295744247,0.033971472566704373,968.9025678414073,0.04212332628575678,0.4274947945772639,0.19143325588487092,0.029549265504454438,124
g003_40cf4691ef08f511,gaussian_0354,gaussian,"[1.860770017201904, 1.2470861772462005, 0.30019953683983064, 1.295661434575413, 1.7635046597953326, -0.16545070782956053, 0.1905923827078243, 1.7109198641486838, -0.1832501552760638, -0.7585912502948494, -0.19500306691304892, -0.027046642271879924, -0.5494291297271111, -0.3677724897470551, -0.11659147950161221]",2.965304308683851,-0.025806522421531697,0.03260151808872548,1270.2990446270705,0.042435727450716006,0.40915622424075243,0.16047837384929448,0.021968882152715672,125
g003_b24cb5a5bb26949b,gaussian_0451,gaussian,"[1.7758554907097583, 1.6010672431588846, 0.3557079413484782, 0.9996626803780421, 1.6494875805356535, -0.3812959111094639, 0.04138587150483741, 2.0547352615277585, -0.2616511912549115, -0.5376947319861819, -0.422911185346575, -0.2647933870194917, -0.648866085236601, 1.09602465867956, -0.10963984945647767]",2.965488065999468,-0.02154816229208445,0.03568669915980113,1723.5306699466928,0.04234345521934922,0.4221373350517002,0.18946774421365442,0.043795275108181105,126
g003_70e24b9fb3688e8e,gaussian_0765,gaussian,"[1.971101466707148, 1.3111800713335093, 0.4036108765071986, 1.1601976582807232, 1.87265317756253, -0.12250633088339785, 0.32640193846916726, 1.3460273387780526, -0.00751819030726239, -0.6596466219745415, -0.24081816897632105, -0.27406877974544197, -0.38185604318861166, -0.37016682746406554, 0.1403077663265856]",2.967216558154591,-0.02685393178238593,0.031937237157176744,1162.8168604255625,0.042388094204215125,0.39670885352355006,0.1514310507893541,0.020362782371936613,127
g003_38d2e8d8a5000278,gaussian_0583,gaussian,"[2.018799576347076, 1.3998392503296246, 0.32793841721322503, 1.0920019293973253, 1.9850778700954383, 0.15310058824511494, -0.19299590971729846, 1.534564140214524, -0.15685894061960032, -0.215210790205706, -0.4753269703236296, 0.24472877659274953, -0.3085679748622039, -0.17153975637816635, -0.02701282897190857]",2.9684567078033544,-0.02462890220106473,0.033858739930215445,966.8518439795807,0.04231995208091857,0.3985285423076302,0.1685325457248666,0.03138295887150165,128
g003_6c8253702d2eb7b7,gaussian_0600,gaussian,"[1.8248641014218197, 1.4325447059077752, 0.35694643878901605, 1.2733705467900907, 2.3016537890452042, -0.07729438891502513, 0.28533577636288876, 1.2578523359588978, 0.047782407623660844, -1.0029410422533265, -0.1268295631304473, 0.013429817451548622, -0.4863507894836713, 0.24781037931647923, -0.14699792425092767]",2.968947113122041,-0.023611543700738258,0.03443637931458851,1243.4579797961414,0.04224326431344355,0.4065099941815638,0.15482719869078002,0.08582893085295024,129
g003_4fa758a7ffa80b89,gaussian_0084,gaussian,"[2.0093356360214507, 1.285085272763733, 0.222636227086341, 1.2469566762266058, 1.8870028961730327, -0.034752686889844356, -0.10478309983002959, 1.5519333697919702, -0.3593403023734997, -0.6144556888555202, -0.2530865703187528, 0.03368759625111161, -0.02726696236041018, 0.16972659745485782, -0.12756125151672304]",2.9697679296511037,-0.025443129081800464,0.033106654606786814,1352.7776174303726,0.042393147231949965,0.3982285130716675,0.16456823758324793,0.025519497901879632,130
g003_13a4a464e72ebca1,gaussian_0057,gaussian,"[1.9797665345526811, 1.29537091189377, 0.3946696517848209, 1.245637258948566, 2.1962610476564928, -0.17327599838317662, -0.0064229880608395185, 1.552907560315758, -0.2879030680210022, -0.5385402731453232, -0.3927462982317464, 0.2249019054772247, -0.5190847407474608, -0.13896866186364382, -0.0982719899746839]",2.971181579405057,-0.024751770518098626,0.033666816794434555,1161.0755864742969,0.04228596911502612,0.406582890635537,0.16955286098911113,0.0756306510422736,131
g003_71308ac4654c82e2,gaussian_0008,gaussian,"[1.7498902811356485, 1.4393012287520845, 0.6655078157213343, 1.2273348833717588, 1.7271233052577721, -0.003307446273917115, -0.008115619942630603, 1.7719043257746685, -0.10658903919949125, -0.44393754137737035, -0.48667483259659977, -0.14814416576958728, -0.6650372303528707, 0.22315118886147198, 0.27312275890315385]",2.9712198502431018,-0.023792048030164326,0.034264580031345526,1081.6739214250374,0.042441036063833384,0.40829659474919916,0.178988688734519,0.010309045152677552,132
g003_0f62fd9351e2490e,gaussian_0482,gaussian,"[1.726915862554673, 1.6080897329885069, 0.41850355163217834, 1.2107185586622164, 1.7278004274146452, 0.20167194859117532, 0.023792895607642, 1.4884761074134443, -0.031924767243919086, -0.5427502028646689, -0.384856271059041, 0.15309736770402588, 0.5661283923345508, 0.6871101954443862, 0.07684273775900034]",2.971422515748826,-0.023933629092467212,0.03421999005825836,1015.1318159928633,0.042424259924674565,0.3955880822522996,0.1697841372572879,0.009376763483991982,133
g003_831289e423950095,gaussian_0442,gaussian,"[1.7684716150422297, 1.6185523828339148, 0.3926107176447743, 1.0844848457202305, 1.7806231064089273, 0.057980280178717994, 0.2593807718179016, 1.5578176530203243, -0.0960600835470474, -0.602205483640752, -0.9167106101224078, -0.24875091359270962, -0.18389441998484848, 0.3272556623919328, -0.0509258858281661]",2.9722874949253564,-0.024593934248352323,0.034175308198932955,1287.1339413430069,0.0422568758830476,0.40413535750846646,0.19289164599904782,0.008278514044293436,134
g003_0a37d27a4cb3d248,gaussian_0502,gaussian,"[1.7967082578992766, 1.4711455192556597, 0.3267280038095659, 1.1753263437338484, 1.9995100679537183, 0.04392421971916008, -0.034510202041081656, 1.5229747869239147, -0.07570245626499578, -0.6345420537954314, -0.45384663862951913, 0.005263366338965032, -0.10416951208823014, -0.3288859882075891, 0.04141489437650277]",2.9723406601310423,-0.02338346425734139,0.03491779948486969,1052.8369220790264,0.04228938794770617,0.40135033817755356,0.16207216987765163,0.02659719084247839,135
g003_26fd70e6f49d324f,gaussian_0154,gaussian,"[2.1038896648787473, 1.5224082635763856, 0.6593943323693352, 1.2653278110546302, 1.5402294390262383, -0.02719481503605626, 0.6180438222759836, 1.4336659029706718, -0.05279268447449778, -0.8867938591023905, -0.66239361821999, -0.04927149399332883, 0.18045778868387372, -0.03047661388324871, 0.024021275116456166]",2.9723546400098475,-0.029653096053862127,0.029594298919375817,1026.170417088164,0.04235084087385673,0.40422357793315544,0.1893387470713629,0.027602530542905308,136
g003_b4a9332a51e704b3,gaussian_0712,gaussian,"[2.0543726100065802, 1.6214710073538516, 0.4052331825554491, 1.1251296008346618, 1.4861821377192206, -0.06676050581921353, -0.07891803200392494, 1.743422939846712, -0.22810562094032458, -0.5045596101824923, -0.1588479298073459, -0.21926236025576085, 0.31365884776252007, -0.36331131686170526, -0.11877305712044435]",2.97276350729764,-0.02461542303055808,0.03361430096126597,1341.216379653717,0.04246514501700487,0.39549641812978725,0.16223172615083126,0.02969742267868522,137
g003_5da1b22a25d8db52,gaussian_0189,gaussian,"[1.4540978477639468, 1.6293138482612677, 0.5922070557210373, 1.4944849676405196, 1.848258514319553, 0.2674471861542842, 0.17874987837399162, 1.7843379600967735, -0.17829604080446707, -0.23736668716241371, -0.5433215129464237, 0.01563954618504648, -1.5706479258484611, 0.37358317042674927, 0.23758486269150123]",2.9728945841096284,-0.023123911984939682,0.03451245803726398,1012.1062249958086,0.04249476973448355,0.43274707566598664,0.19106413676096945,0.04763079865323584,138
g003_c41ba08967a3696d,gaussian_0592,gaussian,"[1.3705496393990475, 1.610138234004167, 0.4681738369162596, 1.313699523599667, 1.9570336391328442, -0.35561676319593843, 0.5402096894895803, 1.8938830931167119, -0.3178415500025795, -0.7818666542288877, -0.21927686943233898, -0.20112424948523738, -1.2749333470291024, -0.2596890658256746, -0.1661062034998942]",2.9747397227252783,-0.021180141212726156,0.03583411791080987,1509.9942661631758,0.0424158960365665,0.4323655705297433,0.16668328334796897,0.0691525003866462,139
g003_3b46fd0507f16f5b,gaussian_0696,gaussian,"[1.6733073969364922, 1.4195857839442407, 0.294120935465128, 1.0488941434890982, 1.9620775788344842, -0.0007906595988402595, 0.09548112501075111, 1.881358563191563, -0.15678555619845938, -0.3187357490690837, -0.8808332675818153, -0.2762186369676094, -0.9385964190506453, -1.0540905412619146, 0.018692081463149914]",2.975855112094632,-0.022843279726820764,0.03534385406589625,1146.6802506516142,0.04230145887055347,0.4455846014485192,0.19690492474734947,0.012426700917832517,140
g003_39cf501c070c6191,gaussian_0717,gaussian,"[1.8877585766264606, 1.2361535885280226, 0.35643147017021437, 1.122933324120444, 1.8777912005733366, -0.16711022625739105, 0.2625739316125409, 1.7146707014445357, -0.3567089616584823, -0.5960241147262811, -0.5775068353485238, -0.1871001138644139, -0.3616061081086296, 0.1675209090442605, 0.07323185266341242]",2.9763948361066097,-0.025633114078159824,0.03300135273308998,1372.122586469417,0.042449729589695076,0.40503987397549945,0.18270609216393313,0.020793873518813424,141
g003_5018ff9d9bc12e94,gaussian_0766,gaussian,"[1.6554726522424583, 1.5026724438625185, 0.3901597888782019, 1.06528730491705, 1.7675233892024584, 0.20318448883920454, 0.08467622761287812, 1.8623033123081276, -0.037832234331585765, -0.3495932722655808, -0.6309160911141001, 0.11166494847870603, -0.7689366302498, -0.2410937844268548, -0.2513532751785544]",2.9764788670101363,-0.02267332047694426,0.03520023136353567,1074.7859495122211,0.0424219650304916,0.4125576468411208,0.18050999775739937,0.001005695126703581,142
g003_ab7671dec6a2c580,gaussian_0080,gaussian,"[1.553942271273403, 1.3185296264261561, 0.5163169802685468, 1.2196262334296275, 1.781757850107716, 0.13441812475840967, 0.12334739253717666, 1.714650909674054, -0.1768268222338316, -0.544432002386443, 0.1296422855326036, 0.0712427972246289, 0.22032665089791106, 0.1380276320294098, -0.09265098444435987]",2.976733660926609,-0.022426321491225587,0.03470962439411917,1172.9531019155547,0.04269475669751719,0.39134029387561864,0.14368971165930886,0.0,143
g003_e414a9d0130393b5,gaussian_0123,gaussian,"[1.6682532296531012, 1.7580999863891944, 0.4020195583723247, 1.1926578232674825, 1.4829084412695603, -0.0508827879475123, 0.36974909655505195, 1.5219363304778386, -0.15776854443669985, -0.1829363917058654, -0.49938825361265027, -0.10851927878475545, -0.7508587967513854, 0.003088963551882151, -0.007667368529756047]",3.0669297186048965,-0.026164487866018993,0.03348517855860985,1223.4483144940787,0.043049807513847606,0.3822969733011659,0.15195188125748976,0.03006914670365066,144
g003_7dbb4eee26fe362c,gaussian_0599,gaussian,"[1.6253732708107185, 1.1140182557454579, 0.30771817085196357, 1.3272980141875186, 1.8970901045571376, 0.024397816058238108, -0.11294562881052322, 2.0450952628433843, -0.12691020789468305, -0.2738414106388681, -0.811501748455505, -0.10192854590769657, -0.9477306547855047, -0.26379664771725897, -0.12820069538840695]",3.1653327580573523,-0.025137772361982336,0.03534739750109302,1214.7147515921752,0.043622842183543224,0.4182637113646918,0.20460573741241816,0.034817253640967265,145
g003_345162e03e70d995,gaussian_0625,gaussian,"[1.317177428109743, 1.350154203781985, 0.24727999781582158, 0.8527225123856885, 1.3459309622130924, -0.0836186409114345, 0.3303299182452604, 1.6016055756488066, -0.33907549031692685, -0.25167908402952477, -0.4574872037396766, 0.15071352486459175, -0.7174562945345498, -0.14695155764237877, -0.2865902266997531]",3.8645946595996516,-0.026788987648516116,0.0407949503653447,1283.375656918215,0.04780142816937907,0.3429134208938374,0.15279996421020836,0.0,146
g003_92bd9cd1c262e782,gaussian_0063,gaussian,"[1.638088315162147, 1.2965821614701372, 0.4679618212038271, 1.4093813552923766, 1.9017054306985237, -0.37422216443400913, 0.0883667229680844, 1.5596931034239492, -0.06536299132285296, -0.7764379193977189, -0.21978740009481673, -0.24692417239812914, -0.8692521312008747, 0.35635459677965253, -0.2454349165368934]",3.163291183228892,-0.024791136679463976,0.035484559524019854,1552.7526314709576,0.04358501581867127,0.405698077054011,0.16156036171454702,0.06409685184126208,147
g003_47980882aa6f96dd,gaussian_0436,gaussian,"[1.8959805791925797, 1.211399387004731, 0.26761405674386285, 1.1846923356125436, 1.8048115071588127, 0.18107750709090648, 0.3039948026909566, 1.1994413510869577, -0.2638403529055844, -0.3744538506675708, -0.40095399596334025, 0.39769759847613323, 0.7970509749707025, -0.115964371344632, 0.048054123798412715]",3.158533084878546,-0.029538881195553146,0.031669599137697804,839.2501915141911,0.04362057131261075,0.38217547419867826,0.1622117146932337,0.00605186270666077,148
g003_0b23c97389dbf6cd,gaussian_0512,gaussian,"[2.2353618564291855, 1.5358706153369241, 0.2237553043687618, 1.201462978272504, 1.9795571328585613, -0.09754304158673104, 0.11235011616239643, 1.7175107573728334, -0.0908571278543098, -1.2092945988698065, -1.1505521599242252, -0.06769589756460645, 0.2875843271427243, 0.28309417759380273, 0.2203967249564637]",3.1169480799765013,-0.026005720136856647,0.03490370519053819,1105.679019946714,0.042955438799916895,0.43031662339006166,0.2432187258491874,0.07272095437053995,149
g003_36c64ce11153a14f,gaussian_0091,gaussian,"[1.5449278140084695, 1.7239880740916336, 0.2832509224269288, 1.2213193256289616, 1.3952570904429709, 0.02906251995957702, 0.2594677311744081, 1.9464303053304128, -0.25487733472416674, -0.8109005284491663, -0.810888254070429, 0.3921079348649123, -0.7741130177318517, 0.32479028823244593, 0.03162271625540122]",3.1491583864853268,-0.02459139201072391,0.03592685370412911,998.3289951587467,0.04339111325080465,0.41277054903241706,0.2076962885591008,0.02306701691191143,150
g003_2a5937299c16de71,gaussian_0753,gaussian,"[1.5816203812912508, 1.2427844591152366, 0.4074612768782026, 0.802923742631402, 2.0947150064370925, 0.5019508460438085, 0.33965663515699823, 1.5583713220716953, -0.2159346735222277, -0.40825603441146974, -0.48090842129131917, 0.32656118727500705, -0.6700222777977576, -0.9161955635883995, -0.10450994619159641]",3.5200203657560305,-0.02438552986916609,0.039228429510119726,749.7074404048544,0.04567643522312633,0.3920893244577821,0.16860871905707825,0.08423335959711013,151
g003_50bb0c60ca1bd6de,gaussian_0500,gaussian,"[1.8680250819967417, 1.13047507067966, 0.36907461684221887, 1.0933382008026247, 2.2505447667166627, 0.22283545939062605, 0.30392680071435985, 1.6417203991911729, -0.4123604826555066, -0.5396992153489898, -1.6946241192119504, 0.387557763344109, -0.5446550510966126, 0.2257133344214143, 0.21772215461627215]",3.276553433666103,-0.028331378262631435,0.034772090178470716,781.7605610948085,0.04391089345251007,0.43854649276532265,0.2641144815373811,0.08023355098921484,152
g003_8754f146c4cb39bf,gaussian_0291,gaussian,"[1.6428529650375838, 1.3626961513675084, 0.2908909978858753, 1.668388866213444, 2.0158158000490554, -0.10300768912148987, 0.00016790618453690898, 2.003671732847267, -0.38958792846968815, -0.8456975598475773, -0.6827254209216844, 0.0932315004522542, -0.986767262746818, 0.33825440283753905, -0.3843021696038685]",3.0630405265504264,-0.024687906945836335,0.03468431371628804,1464.6932285164403,0.04275983110209034,0.43044010374439107,0.19934587232368256,0.1020292207736891,153
g003_5d019d40a5f7fa65,gaussian_0373,gaussian,"[1.6178110706456392, 1.5549229484520593, 0.4018493959836509, 1.1424112553740062, 1.7628664702616341, 0.1757256051740755, 0.098789851933178, 1.5168663898308181, -0.06097719228291808, -0.7025423319125538, -0.1800322973700867, -0.23100595594614637, -0.3483226227291638, -0.4634922835926938, 0.028758275938921322]",3.0247025662050655,-0.022631799961431387,0.0357558048913951,1135.157471130402,0.042714421640145606,0.3967966442527463,0.14445813688266734,0.0,154
g003_eb008bd52ac04b12,gaussian_0447,gaussian,"[1.8440930986429398, 1.618872807938934, 0.30463282571408956, 0.7741388593849639, 1.587927705908161, 0.4012658751937185, 0.30638636666949143, 1.529898257415839, -0.24099968125243593, -0.36393797326019967, -0.697880570335242, 0.3192257088793974, 0.3806918508148147, -0.7330023301732199, 0.2455741707253374]",3.28266516663714,-0.025950561738317335,0.03622460377280236,613.0519729724183,0.044259281468335014,0.3894068522514975,0.1748971276336385,0.01830909422238972,155
g003_596eb055d876f156,gaussian_0535,gaussian,"[1.3383104453996524, 1.3748149301245969, 0.45120121851550765, 1.3125134218867867, 1.716833753077127, -0.07507105012693761, 0.2497217314247401, 1.4295332318845915, -0.2693692941451652, -0.48649627821728225, -0.6311541929494644, -0.029188241479199135, -0.8523143946049694, 0.5314496832430455, -0.010655831389385419]",3.373183447774313,-0.02611683005724974,0.03684905731836308,1286.3271605712398,0.04486733120927337,0.3830788243776764,0.17059387265400533,0.0112448058293396,156
g003_4804fb4f1999f0aa,gaussian_0716,gaussian,"[1.7528987271052539, 1.765072240857731, 0.3096904383463731, 1.1701134036008227, 1.7064622500125581, 0.1484833001413814, -0.1159505463319564, 1.26261548135166, -0.08978915167065919, -0.5324311352060983, -0.7303017648707149, -0.3252679317452463, -0.41063753373570683, -0.025850844593692746, 0.1707502687362468]",3.2473068484971614,-0.025067513451544343,0.03690352216488625,1162.2358048823226,0.04385887052233403,0.38635936068954146,0.16490757922892008,0.027985424175536757,157
g003_9772952c306ac220,gaussian_0713,gaussian,"[1.7263792232716537, 1.924294126681832, 0.27381609558888165, 1.0222687272986515, 1.707176390047015, 0.00045565535595312213, 0.6428174150599768, 1.0917012957056624, -0.2527578518959348, -0.49518139735778643, -0.9055312705443807, 0.010802400974999127, -0.4183205197972495, -0.39860051465085056, 0.36297615625351326]",3.230940498374379,-0.02743278003184013,0.034919863398161284,902.723290644306,0.043764901441940014,0.388488461866988,0.1607389700543415,0.04894796124877748,158
g003_a58a95f3ca7e82c6,gaussian_0349,gaussian,"[1.7174017839549267, 1.57160370163148, 0.5487469632564053, 0.8561210526626578, 1.626312920011684, -0.16189158061310452, -0.24237877736990032, 1.5412121803519407, -0.1698036195518794, -0.38089288678411093, -0.5078624152789862, -0.032282316161674256, 0.018609498738991953, -0.6856793294706593, -0.4055391014887996]",3.504833486696762,-0.023637612600360458,0.04006762647826356,1269.454605411458,0.04548851521150367,0.37968476563294323,0.1638345002367327,0.017695472351809537,159
g003_657ff94c37b638bb,gaussian_0708,gaussian,"[1.7190374403633857, 1.2278189583182253, 0.31881794664171037, 0.8458981167404725, 1.3895127183358476, -0.047812868758875804, 0.2529525692049087, 0.9378575121675592, -0.199962351356058, 0.01647632545584521, 0.24578760311892023, 0.1817291214360974, -0.34555711242107046, -0.568420111426933, -0.171636643843381]",3.818018745819021,-0.030535321153253858,0.037354891594327526,1079.7019561169764,0.047651592195915304,0.31998797030050413,0.10531154880038075,0.0,160
g003_aa0d049926a6ee85,gaussian_0513,gaussian,"[1.4152045746550834, 1.4678785477821754, 0.2601866989447757, 1.3764849273255122, 2.140350755099971, -0.15874257232327724, -0.1339120220916491, 1.6376883960984399, -0.2178483109282002, -1.0458145829285859, -0.39443757685800546, 0.3120984763805806, -1.172733053385777, 0.5830731821499108, -0.3171984910057089]",3.287098069707323,-0.020809000503759334,0.039647377063584587,1363.4964403262165,0.044070587260873095,0.43335164424102696,0.18175754317040732,0.07668732972006019,161
g003_62256403a479d08c,gaussian_0630,gaussian,"[1.2539988888269873, 1.3469127419509255, 0.25183297576271785, 1.1474683022752903, 1.9013315735397243, -0.17836263868588015, 0.02578141776301543, 1.3810308994670657, -0.24752302994871034, -0.9496114004809784, -0.02772720698025749, -0.11585729881498594, -0.4842024548146552, -0.18703814495208398, 0.24567426070711598]",3.5822257723496844,-0.022187099040070546,0.04140598603938696,1230.4491950691117,0.04601157781975589,0.376415955055884,0.13874379855111746,0.026597614316346933,162
g003_1deea76f7faee6c3,gaussian_0641,gaussian,"[1.7308199483584132, 1.2260020002795196, 0.4368805493790807, 1.436887127336942, 1.7885425071824803, -0.074341856582998, 0.0004874808202003367, 1.5231565622259626, -0.28202839456896445, -0.891308182774857, -0.36636337116829193, -0.0975107361783078, 0.18937703344611986, -1.0006608078826666, -0.0422608024365361]",3.2061286461824205,-0.026970563768443645,0.03462804173763252,1111.8751404310642,0.04379425037494503,0.40877772238237353,0.17703221883259462,0.030720814278327072,163
g003_78dac54c96ad0082,gaussian_0590,gaussian,"[1.4998848641225855, 1.3768825561349871, 0.4941302345129865, 1.4841585034904665, 1.8450160425716717, 0.04596416376861921, 0.03621490070179731, 1.8254835420137692, -0.3111953835832293, -0.7461263189769947, -0.6982496871977337, 0.3014387447489769, -1.4901144453734705, 0.35420444923195205, -0.46281568048240335]",3.07852847260045,-0.024026477058410878,0.03549278100838735,1291.4739988388428,0.042972226232183136,0.44603690226429926,0.20674109255279655,0.035342725436828454,164
g003_b61fc47dc30d782b,gaussian_0637,gaussian,"[1.8394664444543027, 1.7143054499075954, 0.4857210770717307, 0.7855592384981596, 1.4146871081386974, -0.05563208680278806, 0.1834040753292976, 1.5603854534098793, 0.027843730482793178, -0.7016713132116075, -0.5886984819702983, -0.22046223319321118, -0.08340150275989272, -0.22963060974092195, -0.08356479281023972]",3.496025582648798,-0.02521326653942524,0.03891030595504387,1187.269502043444,0.04546419817247185,0.36898158773887985,0.17009845744351015,0.03487195571691617,165
g003_7d6c84758db78341,gaussian_0049,gaussian,"[1.9937962728499106, 1.6179842026398559, 0.2446281574491526, 0.994526614337752, 1.3136082265129956, -0.00789709534159514, -0.06173933835851192, 1.8968393166350004, -0.18230410891498744, -0.8239916350404769, -1.0225578407004787, -0.23675047877808436, -0.23658316506142285, 0.4038879711235889, 0.2584749368053459]",3.4396307413034597,-0.026547957713459858,0.03764803878990451,1212.1057322472152,0.04504686307460954,0.39802103427470414,0.22593669856517787,0.03619064248794904,166
g003_63d9ef154a381b2f,gaussian_0174,gaussian,"[1.8255110179124319, 1.385561901789218, 0.4899328072594456, 1.1024654816335129, 1.7370238987211477, 0.21907920896710295, 0.3137953358621928, 1.6389305613222707, -0.12779419517840082, -0.6631872448847562, -0.7075211053159594, 0.09532417052485681, -0.5443437136621916, 0.23101421120598734, -0.07923022628087967]",3.013580101922542,-0.0257996821771036,0.033431491193580305,1050.3507817409009,0.042637818828339294,0.40603037711696804,0.18472093225142028,0.0,167
g003_cd81bd688ad362f2,gaussian_0078,gaussian,"[1.9932705278161884, 1.6428666097254907, 0.3779162718624464, 1.154844275078572, 1.6588374704589766, 0.01598382788463146, 0.30793617941426155, 1.0079310646090471, 0.13152870040480133, 0.021102298696779487, 0.14207743686719843, -0.29486103690871557, -0.3402866602002079, -0.5678310140130373, -0.1637246276739932]",2.981811544649482,-0.0277598365040308,0.030951429822792302,1215.33459173132,0.042609901825619245,0.3732938700387967,0.11273622754249531,0.029620928877529477,168
g003_d1798ee6149fb5be,gaussian_0693,gaussian,"[1.5093857804090658, 1.254128483623357, 0.3091186731448723, 1.113240887553651, 1.9520568684100557, 0.14941920953862445, 0.4404803443480779, 0.7918629518730574, -0.015271262191097867, -0.7388958018797298, 0.5309984495845794, 0.2846193463181674, 0.3563443456503249, -0.6861976572257535, 0.171151910211515]",3.393203780154894,-0.026392707304920937,0.03642831437863394,755.0620831415836,0.045157022281147575,0.3616752075566448,0.14603995242951534,0.02483797613934421,169
g003_746ed0006f71d256,gaussian_0098,gaussian,"[1.7552655512504138, 1.3073652364205643, 0.35409109528573834, 0.972801656015124, 1.7618327091920394, -0.17462823783146597, 0.37096019402993385, 1.601115253426344, -0.2744379053313698, -0.5976256897932497, -0.5328116993710177, -0.0807958312227576, -1.0546886727206108, -1.0637579288379535, -0.07670348357055633]",3.1826057923664286,-0.025873250335649578,0.035257198975599195,1170.8772137002197,0.04365012523331782,0.42453448753625533,0.17081571374058313,0.0,170
g003_a4f9e9931975e1df,gaussian_0424,gaussian,"[2.050032697209727, 1.5208479568311553, 0.4074878776062667, 1.1358182960831877, 1.8264203599345021, -0.010375321244646669, -0.3383971078019638, 1.8349668450985341, -0.19830356453975861, -0.6333024428238884, -1.3415468231686045, -0.07889374853754336, -1.1462790397676323, 0.2187012230952903, -0.05679574930989252]",3.0952891540642926,-0.02461187111712504,0.035996428379159506,1227.193149779443,0.042786044603424604,0.4536280324692208,0.24430981807238572,0.020642725679633142,171
g003_d0ab8bf3bdb57761,gaussian_0065,gaussian,"[1.421831934564831, 1.572931461601143, 0.4164249298276434, 1.3568895461444637, 2.029372398951312, 0.06972055136864974, 0.406683770017877, 1.4946306905915319, -0.20186035800409086, -0.8991672014444134, -0.40934314400810834, 0.14283069509070473, -0.2549464162723245, -0.47542044128694805, 0.18737463062875379]",2.9864064635220013,-0.022930354087369986,0.035219494077019124,910.7275672702381,0.042410612510995656,0.4071860063508603,0.16456000770894455,0.045005726580811874,172
g003_b4bf74ada3d0d5b1,gaussian_0031,gaussian,"[1.8219507897364082, 1.434522972177635, 0.4406630758616093, 0.6313767658913816, 1.897521479776316, 0.1571574274239545, 0.35991672812041703, 1.2864747619642114, -0.20295737519897086, -0.6757620171654075, -0.1311200485801618, 0.03630836001643212, 0.4141839000489338, -0.3823991580452678, 0.04729446202480345]",3.237601880041833,-0.023412535973498017,0.03734578272607232,1016.3457933768441,0.04404590320222384,0.37527773107518203,0.1566600157592873,0.010510438075983775,173
g003_9bb9f76bd6300493,gaussian_0514,gaussian,"[2.0130772564034722, 1.6997477523407307, 0.32542392579447743, 1.1917347765364548, 1.5018564521672553, 0.02781507567285766, 0.3376501030091702, 1.5400477291347883, -0.1685335036022691, -0.5586113038291831, -0.47695618845419385, 0.289863655476317, -0.12338108437728615, 0.09709816863658952, -0.0831158912244749]",3.0043479419276733,-0.027250063872839236,0.0320191358700699,1035.4002285173337,0.04259808534689749,0.3868019731783914,0.1638409877030753,0.041557158521392586,174
g003_a73fc1e4945cc3b9,gaussian_0140,gaussian,"[1.3112227964008207, 1.463076674719477, 0.3186113947757368, 1.0386380049782704, 1.645378112887575, -0.1276425221256204, 0.3803118494533881, 1.5865875723651697, -0.3151587785231329, -0.9908604489781807, -0.6131380442022655, 0.40601549722192887, -1.0498053220672496, 0.26342259558142556, 0.01532595695432793]",3.5110495070774426,-0.02404295459995842,0.0398422915600584,1069.9956587117413,0.045547895106555866,0.403589593165736,0.18509975522948052,0.0,175
g003_6894f0183c4c042d,gaussian_0112,gaussian,"[1.7251872764284013, 1.35584257560974, 0.357589704268778, 1.1135567187950453, 1.8070679015389521, 0.19406872473509057, 0.15564018411872887, 1.3285877053925708, -0.12623929829264569, -0.49785940629845166, -0.09923841394212479, 0.3298392917556683, 0.27668600772044705, -0.7989683786766165, 0.10774578328620969]",3.1438911504379043,-0.025741781794460183,0.034658585727484065,726.8723973843698,0.04353792387767573,0.3840567790480207,0.14372240691597457,0.006900528446710262,176
g003_befc59805cce61b6,gaussian_0217,gaussian,"[1.5747931497506718, 1.1924689409820397, 0.2594843636293406, 1.066673518925749, 1.876680514575003, -0.1813710052422796, 0.5151989260610566, 1.3816786254691011, -0.27707793405044545, -0.8878124178662379, -0.2857766095421884, 0.23672372996079857, -0.32281204281361603, -0.5621852120106332, 0.1653072078080075]",3.340068213581037,-0.0264314636623606,0.03627418563115787,974.9467732152661,0.04467775276283943,0.38535324517197417,0.16149928612062792,0.016778094348892336,177
g003_6c85068b8c5e8208,gaussian_0674,gaussian,"[1.7299603104621417, 1.4122315633629838, 0.19339079584946667, 0.9506749430471347, 1.697016264053761, -0.018566303620161477, 0.09172994072065664, 1.8579661961656933, -0.031295273872564325, -0.8348491053711415, -0.8120848755233436, -0.09456038233732256, -0.1731708934231719, -0.09515832744319935, 0.320683263525318]",3.2326743857535747,-0.023855013840651695,0.037344963777348736,1015.0073435738741,0.04387355580197662,0.4040249469748968,0.2015650785579637,0.0,178
g003_b86ab269e126373b,gaussian_0059,gaussian,"[1.6254143207690137, 1.0263559360329433, 0.3526613755305493, 1.284933706939531, 1.8992882138563296, 0.24549718530016967, 0.25120613781800955, 1.3890347916129486, -0.25509569194207105, -0.6883470379628734, -0.41802424700323165, -0.19908535504882652, 0.34208219737708734, -0.08183654703278255, 0.23934694841725612]",3.3886965344724596,-0.027996066389767038,0.035342362898149834,1069.870248450461,0.04505050211876539,0.3725393330582589,0.16748183658719015,0.029617117614976034,179
g003_7e59304057cc9f3a,gaussian_0392,gaussian,"[1.7322911326694383, 1.4761537406569867, 0.1070868311965823, 0.9561853313055818, 1.7625098313489125, 0.030351157033626452, 0.40286870958020643, 1.3176870350651197, -0.19977363337579762, -0.6964383512805483, -0.430993137833459, 0.22044570225085552, 0.17647694996681065, -0.5997989222550393, -0.2729835047147099]",3.205777030164722,-0.026024977867277088,0.03542690378773225,1105.1639485616433,0.0437795216101057,0.3814824343628515,0.15874042239444974,0.0056452989619682195,180
g003_ec90185296e3c47f,gaussian_0745,gaussian,"[1.7184330394370686, 1.2593350046599632, 0.46896605585307394, 0.7866187724287809, 1.7236230093727698, 0.10934360565957252, -0.08900803517727773, 2.202064204297532, -0.26772822871285673, -0.5758927061745425, -0.61724855167602, 0.2844835557507449, -0.5333828295030918, -0.45635420705829344, -0.07278831620901312]",3.4015519462995965,-0.022589673744042083,0.03944979070241601,945.866976141242,0.04491807483594156,0.4038663906337909,0.18811701638698208,0.06652516575144712,181
g003_380a42031d8e8082,gaussian_0640,gaussian,"[2.136382248660597, 1.395677842851354, 0.16041494420030658, 0.9907611085198731, 1.6799038997684204, -0.04346018028744263, 0.28186798695026943, 1.5469394376552268, -0.3562449124849706, -0.741314726171056, -0.6849057621144966, 0.23449035295103032, 0.15767385793736152, 0.22256875724983535, 0.2699447979008969]",3.138341611583915,-0.027713678081659143,0.03337683791434668,1016.9918450858277,0.04335435006648019,0.3937489011762498,0.19169110938445644,0.027436438923744057,182
g003_751f9f1683229d7f,gaussian_0454,gaussian,"[1.5286122254278731, 1.4477251264867639, 0.4405989049794461, 1.5154096811354867, 2.149954883728865, -0.0675390956080758, 0.21531681629532046, 1.3606438131552172, -0.21926659642671695, -0.8344439364380977, -0.6166925757250552, -0.6530021702499316, -0.4885411245424315, -0.2745676065109869, -0.0873620010321881]",3.1254635593893845,-0.024773152485853878,0.03546901878377964,1535.8026103830161,0.043144419172387434,0.41032743646625863,0.17222678770412556,0.08328486575403382,183
g003_37d65aac1fe2fa4a,gaussian_0762,gaussian,"[1.7939899332893796, 1.7788691967220154, 0.5227252902303182, 1.3912461030178886, 1.3303035357366175, 0.0447036501348053, -0.21589527157814065, 2.007379311548047, -0.23181276530234207, -0.5594862609087868, -0.37655973188137676, -0.11638225039161179, -1.133959811521284, -0.24181364608232622, -0.05408789301559271]",3.106070134020642,-0.024178723585555173,0.03545973907788785,1226.581896503758,0.04319085492736429,0.41916481164952846,0.18318322598720246,0.05844730791571212,184
g003_4f961aedee62327e,gaussian_0488,gaussian,"[1.4873689867281685, 1.214128017900841, 0.3119390128708848, 1.2536447518576865, 1.8130728326855279, 0.034618924610088496, 0.17943039909860126, 1.377292194914239, -0.15623911633186727, -0.32520837134817077, -0.7956112310648367, -0.13497070805601882, -1.3486824406802649, -0.048120017289552536, 0.09926502615628394]",3.4453191841314967,-0.027761548331941,0.03651711761657447,1138.7643684935283,0.04523219696096649,0.3974985394679441,0.1758964424487597,0.009757920331011355,185
g003_b65d457339c54366,gaussian_0427,gaussian,"[2.1944648692473665, 1.2105069117613725, 0.34019189374590963, 1.144282683355113, 2.0442919978785388, -0.03600001255184125, -0.3261146898958955, 2.0388299830304906, -0.11012246123363165, -0.24913058177790576, -1.2947943202579106, 0.3443919622285614, -0.762852975791264, -0.7126488506183435, -0.1132109394099632]",2.9877411107123826,-0.026443308135253085,0.033165959210990956,844.4587075476375,0.04222301574283626,0.459476839159414,0.2424100697491866,0.04275606185662242,186
g003_eecd2b1e6d4ae4f3,gaussian_0761,gaussian,"[1.90975335648481, 1.213444134215498, 0.45995753720446797, 1.0272085239403115, 1.8487525553944715, -0.017703561750809983, -0.020314305746556766, 2.0895801428982814, -0.32944875760319475, 0.05743653577623575, -0.7343038994487874, 0.5341606091627843, -0.744307998726704, -0.9436500844279401, -0.5161665357477961]",2.9978539656240852,-0.02557332202791074,0.03322626984405929,981.4147440674569,0.04254542520522121,0.43281868996287365,0.2075218386966822,0.05807498509038793,187
g003_aa95b180962fa4b1,gaussian_0335,gaussian,"[1.7073613900035598, 1.3849828833987503, 0.26771945040787776, 1.0175053813858748, 1.7012909827399938, -0.10806176990673458, 0.4956101562935847, 1.3632018246174546, -0.2232207222146695, -1.1415423771280553, 0.08805367230733485, -0.04771674239251609, -0.9538374667734476, -0.6441990625793382, 0.05378758628855767]",3.186003738834658,-0.02487535245906458,0.03586091135593189,1186.0275538668684,0.04373128071526755,0.41286360474751604,0.15225809900861115,0.0,188
g003_0cea0eadefe7be2d,gaussian_0359,gaussian,"[1.5205234732509816, 1.723180952703196, 0.5272745670118512, 1.2243411631424053, 2.1572458216828876, -0.007705282540381381, 0.2819100560208408, 1.4720190526219756, -0.1630921407633501, -0.9003844337620917, -0.6828164753752328, 0.1650571671356431, -0.5744064062443675, 0.9353203832415564, 0.14906155222585604]",3.204218406094144,-0.021898976612432897,0.03811839306346824,1122.316126816164,0.0436437806133323,0.41215973009493634,0.19186112525911855,0.0744242931918644,189
g003_366b0de6e249278f,gaussian_0706,gaussian,"[2.0126635454537323, 1.6201257364992028, 0.3531217662464933, 1.3430864585725129, 1.8654123391271902, -0.19979653375225861, -0.05787214864191015, 1.7123822902414527, -0.05288195489538275, -0.9075016859160496, -0.8194262151576448, -0.42144175909836556, -0.6939545253361894, 0.8595872939892719, -0.22337525921798188]",3.0393491700992232,-0.024361558526215243,0.03503067608918563,1651.692053598712,0.04259715200454935,0.4330112602278654,0.21409108450899197,0.06164340114759499,190
g003_3ecf8845e9f34a9a,gaussian_0522,gaussian,"[1.747180613863434, 1.283217607551027, 0.4205064358690657, 1.224630769742363, 1.7731017787410428, -0.3956787855799022, 0.3483665632945879, 1.5104434403254794, -0.3399880831743954, -0.5688402805367146, -0.3433431315048552, -0.03054270740685259, -0.6178706822544914, 0.5880691960660654, -0.21980281645409858]",3.1115337566410566,-0.026672472134585568,0.03348419006206953,1549.0204958284667,0.043348335812589026,0.3939706891399397,0.1638790874369846,0.03363362041933529,191
