experiment_id,phase,scenario,target_id,policy_id,actual_action_delay_steps,controller_action_delay_steps,actual_slew_scale,controller_slew_scale_estimate,calibration_token,trusted_calibration_model,success,failure_reason,n_trajectory_steps,n_terminal_feedback_steps,uniform_hold_start_step,source_prefix_exact,source_prefix_numeric,source_prefix_max_abs_difference,source_prefix_component_max_abs_difference,streaming_queue_consistent,pending_queue_bypassed,hold_box_max_error_m,hold_speed_max_m_per_s,hold_ip_max_abs_error_A,final_window_box_max_error_m,final_window_speed_rms_m_per_s,final_window_speed_max_m_per_s,final_window_ip_rms_error_A,final_window_ip_max_abs_error_A,terminal_ip_abs_error_A,tail_box_max_error_m,max_current_utilization,final_window_current_mean_shift_max_A,final_window_current_net_change_max_A,final_window_current_linear_drift_max_A_per_step,final_window_issued_desired_rms,final_window_issued_desired_mean_norm,maximum_final_pending_desired_physical_norm,final_window_vessel_abs_sum_max_A,final_window_vessel_mean_growth_A,long_hold_margins,long_hold_combined_minimum_signed_margin,long_hold_guards,long_hold_pass,full_action_rms,wall_time_s,physics_signature,terminal_issued_signature,terminal_applied_signature
s41r11_3ba47e6bbc4b0932b224,calibrated_long_hold,qp28_c0p50_v1p50_p1p25_position__nominal__d0__s0.9,nominal,qp28_c0p50_v1p50_p1p25_position,0,0,0.9,0.9,s41r8_96f124360adfe0ea785a,True,True,,201,165,65,True,True,0.0,"{""physics"":0.0,""main_issued"":0.0,""main_applied"":0.0,""original_main_issued"":0.0,""preview_issued_applied"":0.0,""terminal_first40"":0.0}",True,False,0.016434939,0.04029848297594469,211.53610000000117,0.00808301669,0.017814906464529007,0.028294910042486923,168.14702401563076,206.90590000000157,123.09530000000086,0.0191437359,0.41155,0.12749999999999773,0.20000000000000284,0.004618847539015184,0.05368791024213589,0.003250503650843159,0.0,52.735,0.6632800000000003,"{""hold_box"":0.4521687,""hold_speed_max"":0.5970151702405531,""hold_ip_max"":0.9471159749999997,""final_box"":0.7305661103333333,""final_speed_rms"":0.6437018707094199,""final_speed_max"":0.7170508995751308,""final_ip_rms"":0.9299387399934872,""final_ip_max"":0.9482735249999996,""terminal_ip_abs"":0.9384523499999996,""tail_box"":0.680937735,""current_utilization"":0.4512666666666666,""current_mean_shift"":0.9840625000000003,""current_net_change"":0.9833333333333331,""current_linear_drift"":0.9815246098439393,""issued_rms"":0.32890112197330135,""issued_mean_norm"":0.945824939152614,""final_pending"":1.0,""vessel_abs_sum"":0.78906,""vessel_mean_growth"":0.9933672}",0.32890112197330135,"{""complete_horizon"":true,""source_prefix_exact"":true,""source_prefix_numeric"":true,""streaming_queue"":true,""all_thresholds"":true,""minimum_margin"":true}",True,0.12487722463830798,3075.4605560302734,physics_2424b85d9f93bef72f66,terminalissued_5a7bce2ee79354e4b46d,terminalapplied_5a7bce2ee79354e4b46d
s41r11_34d1db527d2bd88caf2e,calibrated_long_hold,qp28_c0p50_v1p50_p1p25_position__RZ_p10_m10__d0__s0.9,RZ_p10_m10,qp28_c0p50_v1p50_p1p25_position,0,0,0.9,0.9,s41r8_96f124360adfe0ea785a,True,True,,201,165,65,True,True,0.0,"{""physics"":0.0,""main_issued"":0.0,""main_applied"":0.0,""original_main_issued"":0.0,""preview_issued_applied"":0.0,""terminal_first40"":0.0}",True,False,0.024919285200000002,0.03359311777081179,175.27580000000307,0.01263384126,0.01364623461519981,0.023342374685211744,144.27495567214967,175.27580000000307,148.32520000000295,0.028064657200000002,0.4119,0.16916666666666913,0.3125,0.007319927971188086,0.03807215389911864,0.0050405529670904635,0.0,50.765,-7.899159999999998,"{""hold_box"":0.1693571599999999,""hold_speed_max"":0.6640688222918821,""hold_ip_max"":0.9561810499999992,""final_box"":0.5788719579999999,""final_speed_rms"":0.7270753076960038,""final_speed_max"":0.7665762531478826,""final_ip_rms"":0.9398854351366043,""final_ip_max"":0.9561810499999992,""terminal_ip_abs"":0.9258373999999985,""tail_box"":0.5322557133333332,""current_utilization"":0.4508,""current_mean_shift"":0.9788541666666664,""current_net_change"":0.9739583333333334,""current_linear_drift"":0.9707202881152477,""issued_rms"":0.524098076261017,""issued_mean_norm"":0.9159907838818256,""final_pending"":1.0,""vessel_abs_sum"":0.79694,""vessel_mean_growth"":1.0}",0.1693571599999999,"{""complete_horizon"":true,""source_prefix_exact"":true,""source_prefix_numeric"":true,""streaming_queue"":true,""all_thresholds"":true,""minimum_margin"":true}",True,0.12492755850018081,3036.4598038196564,physics_b5e22873908ff5852aab,terminalissued_1e65c6cdf5e0546cb8dc,terminalapplied_1e65c6cdf5e0546cb8dc
s41r11_9ddda30af283f1fdf985,calibrated_long_hold,qp28_c0p50_v1p50_p1p25_position__nominal__d1__s0.9,nominal,qp28_c0p50_v1p50_p1p25_position,1,1,0.9,0.9,s41r8_b2208612681b9ad35531,True,True,,201,165,65,True,True,0.0,"{""physics"":0.0,""main_issued"":0.0,""main_applied"":0.0,""original_main_issued"":0.0,""preview_issued_applied"":0.0,""terminal_first40"":0.0}",True,False,0.019494741,0.048628198219181934,255.57700000000114,0.0117170093,0.02918559283930021,0.043000281212213394,176.44121888176562,255.57700000000114,134.2430000000022,0.0217832063,0.41174999999999995,0.1920000000000215,0.5,0.0053013205282117825,0.06687324970704196,0.008069700631541655,0.12644874135738146,72.863,-3.5630800000000065,"{""hold_box"":0.35017529999999997,""hold_speed_max"":0.5137180178081806,""hold_ip_max"":0.9361057499999997,""final_box"":0.6094330233333334,""final_speed_rms"":0.4162881432139959,""final_speed_max"":0.569997187877866,""final_ip_rms"":0.926482825465931,""final_ip_max"":0.9361057499999997,""terminal_ip_abs"":0.9328784999999988,""tail_box"":0.6369465616666666,""current_utilization"":0.45100000000000007,""current_mean_shift"":0.9759999999999973,""current_net_change"":0.9583333333333334,""current_linear_drift"":0.9787947178871529,""issued_rms"":0.16408437866197545,""issued_mean_norm"":0.8655049894743058,""final_pending"":0.15700839095079022,""vessel_abs_sum"":0.708548,""vessel_mean_growth"":1.0}",0.15700839095079022,"{""complete_horizon"":true,""source_prefix_exact"":true,""source_prefix_numeric"":true,""streaming_queue"":true,""all_thresholds"":true,""minimum_margin"":true}",True,0.12601688096270944,3068.9411141872406,physics_f1198cb1dfdd2a4d4e37,terminalissued_5f62915567715ae7a3ca,terminalapplied_4019e8b2b0150ddc90ff
s41r11_8a9ecb6e7dad072bcaa8,calibrated_long_hold,qp28_c0p50_v1p50_p1p25_position__RZ_p10_m10__d1__s0.9,RZ_p10_m10,qp28_c0p50_v1p50_p1p25_position,1,1,0.9,0.9,s41r8_b2208612681b9ad35531,True,True,,201,165,65,True,True,0.0,"{""physics"":0.0,""main_issued"":0.0,""main_applied"":0.0,""original_main_issued"":0.0,""preview_issued_applied"":0.0,""terminal_first40"":0.0}",True,False,0.0271961042,0.04464192828924517,234.00580000000264,0.01724728398,0.02445676670877288,0.036812709421951494,172.19389770908856,234.00580000000264,157.1761000000006,0.0299386086,0.41195,0.14666666666667538,0.5,0.003899559823930415,0.05994679747558543,0.005355889712500416,0.05491478338575067,66.534,-5.076440000000012,"{""hold_box"":0.0934631933333333,""hold_speed_max"":0.5535807171075484,""hold_ip_max"":0.9414985499999994,""final_box"":0.42509053399999996,""final_speed_rms"":0.5108646658245424,""final_speed_max"":0.631872905780485,""final_ip_rms"":0.9282525426212132,""final_ip_max"":0.9414985499999994,""terminal_ip_abs"":0.9214119499999998,""tail_box"":0.50102319,""current_utilization"":0.4507333333333333,""current_mean_shift"":0.9816666666666656,""current_net_change"":0.9583333333333334,""current_linear_drift"":0.9844017607042783,""issued_rms"":0.25066503155518216,""issued_mean_norm"":0.9107351714583264,""final_pending"":0.6339014440949955,""vessel_abs_sum"":0.733864,""vessel_mean_growth"":1.0}",0.0934631933333333,"{""complete_horizon"":true,""source_prefix_exact"":true,""source_prefix_numeric"":true,""streaming_queue"":true,""all_thresholds"":true,""minimum_margin"":true}",True,0.12598626346980818,3044.585381746292,physics_f56b3d9caa430ecdbfa7,terminalissued_48454fd2ef6c6df73ef1,terminalapplied_4b6c07cd74348ad77454
s41r11_907e0bbb4febc31c41f0,calibrated_long_hold,qp28_c0p50_v1p50_p1p25_position__nominal__d2__s0.9,nominal,qp28_c0p50_v1p50_p1p25_position,2,2,0.9,0.9,s41r8_1755db2b033e3c882e1b,True,True,,201,165,65,True,True,0.0,"{""physics"":0.0,""main_issued"":0.0,""main_applied"":0.0,""original_main_issued"":0.0,""preview_issued_applied"":0.0,""terminal_first40"":0.0}",True,False,0.0218488678,0.04869939249355,215.32670000000144,0.0154479877,0.028610281731271465,0.044172669740961984,204.95349166840364,211.20160000000033,202.80520000000251,0.0238392592,0.41174999999999995,0.11800000000000921,0.5600000000000023,0.004916686674670362,0.04878372875060756,0.012473897022572417,0.10336546027333791,55.328,-1.227160000000005,"{""hold_box"":0.2717044066666666,""hold_speed_max"":0.5130060750645,""hold_ip_max"":0.9461683249999997,""final_box"":0.4850670766666666,""final_speed_rms"":0.4277943653745707,""final_speed_max"":0.5582733025903801,""final_ip_rms"":0.9146027118048318,""final_ip_max"":0.9471995999999999,""terminal_ip_abs"":0.8985973999999988,""tail_box"":0.6026790133333333,""current_utilization"":0.45100000000000007,""current_mean_shift"":0.9852499999999988,""current_net_change"":0.9533333333333331,""current_linear_drift"":0.9803332533013186,""issued_rms"":0.3902033906174055,""issued_mean_norm"":0.7921017162904597,""final_pending"":0.31089693151108055,""vessel_abs_sum"":0.778688,""vessel_mean_growth"":1.0}",0.2717044066666666,"{""complete_horizon"":true,""source_prefix_exact"":true,""source_prefix_numeric"":true,""streaming_queue"":true,""all_thresholds"":true,""minimum_margin"":true}",True,0.12494836723670558,3062.8218116760254,physics_b94a6cb07c02534eaaa4,terminalissued_5b6eeeb8a8518d323163,terminalapplied_37917bb0a124b259a072
s41r11_98544e35b760ccad0a8d,calibrated_long_hold,qp28_c0p50_v1p50_p1p25_position__RZ_p10_m10__d2__s0.9,RZ_p10_m10,qp28_c0p50_v1p50_p1p25_position,2,2,0.9,0.9,s41r8_1755db2b033e3c882e1b,True,True,,201,165,65,True,True,0.0,"{""physics"":0.0,""main_issued"":0.0,""main_applied"":0.0,""original_main_issued"":0.0,""preview_issued_applied"":0.0,""terminal_first40"":0.0}",True,False,0.0288000843,0.041449960341384776,197.37400000000343,0.0200694835,0.012308797125463587,0.020558226534414022,157.11143909192276,197.37400000000343,184.04190000000017,0.0317484966,0.41195,0.18749999999997158,0.2708333333333286,0.0073059223689483305,0.019197850893435585,0.0025345249472026998,0.03617044796664673,32.153000000000006,2.472999999999999,"{""hold_box"":0.039997189999999905,""hold_speed_max"":0.5855003965861523,""hold_ip_max"":0.9506564999999991,""final_box"":0.3310172166666667,""final_speed_rms"":0.7538240574907282,""final_speed_max"":0.7944177346558599,""final_ip_rms"":0.9345369003783655,""final_ip_max"":0.9506564999999991,""terminal_ip_abs"":0.9079790499999999,""tail_box"":0.47085838999999996,""current_utilization"":0.4507333333333333,""current_mean_shift"":0.9765625000000036,""current_net_change"":0.9774305555555559,""current_linear_drift"":0.9707763105242067,""issued_rms"":0.7600268638320552,""issued_mean_norm"":0.9577579175466217,""final_pending"":0.7588636802223552,""vessel_abs_sum"":0.8713879999999999,""vessel_mean_growth"":0.97527}",0.039997189999999905,"{""complete_horizon"":true,""source_prefix_exact"":true,""source_prefix_numeric"":true,""streaming_queue"":true,""all_thresholds"":true,""minimum_margin"":true}",True,0.12440874403506225,3071.672201395035,physics_472d91824333d5ce870e,terminalissued_176b4a3fe06de417039f,terminalapplied_d8c4a6cf9d842e508e6d
s41r11_076c2e2752cc8914bcf9,calibrated_long_hold,qp28_c0p50_v1p50_p1p25_position__nominal__d0__s1.0,nominal,qp28_c0p50_v1p50_p1p25_position,0,0,1.0,1.0,s41r8_323e2cee1e36e56b87b5,True,True,,201,165,65,True,True,0.0,"{""physics"":0.0,""main_issued"":0.0,""main_applied"":0.0,""original_main_issued"":0.0,""preview_issued_applied"":0.0,""terminal_first40"":0.0}",True,False,0.0192914468,0.037723925561296466,220.27690000000075,0.00967907256,0.019271584120908004,0.02689578552785862,167.66998999651418,220.27690000000075,117.66270000000077,0.0221162192,0.4114,0.1666666666666714,0.4583333333333428,0.006122448979592276,0.06353164448630105,0.004592088768934133,0.0,66.365,-0.34435999999999467,"{""hold_box"":0.3569517733333333,""hold_speed_max"":0.6227607443870353,""hold_ip_max"":0.9449307749999998,""final_box"":0.677364248,""final_speed_rms"":0.6145683175818399,""final_speed_max"":0.7310421447214138,""final_ip_rms"":0.9301375041681191,""final_ip_max"":0.9449307749999998,""terminal_ip_abs"":0.9411686499999996,""tail_box"":0.6313963466666667,""current_utilization"":0.4514666666666667,""current_mean_shift"":0.9791666666666661,""current_net_change"":0.9618055555555548,""current_linear_drift"":0.9755102040816309,""issued_rms"":0.20585444392123686,""issued_mean_norm"":0.9234651871844312,""final_pending"":1.0,""vessel_abs_sum"":0.73454,""vessel_mean_growth"":1.0}",0.20585444392123686,"{""complete_horizon"":true,""source_prefix_exact"":true,""source_prefix_numeric"":true,""streaming_queue"":true,""all_thresholds"":true,""minimum_margin"":true}",True,0.12097397192127654,3049.859350681305,physics_708c8c7618062a30d6ef,terminalissued_7074ff89b9b070d56232,terminalapplied_7074ff89b9b070d56232
s41r11_2f8571253fb3d4fecc7d,calibrated_long_hold,qp28_c0p50_v1p50_p1p25_position__RZ_p10_m10__d0__s1.0,RZ_p10_m10,qp28_c0p50_v1p50_p1p25_position,0,0,1.0,1.0,s41r8_323e2cee1e36e56b87b5,True,True,,201,165,65,True,True,0.0,"{""physics"":0.0,""main_issued"":0.0,""main_applied"":0.0,""original_main_issued"":0.0,""preview_issued_applied"":0.0,""terminal_first40"":0.0}",True,False,0.027618727599999997,0.03716283517731632,189.2530000000006,0.0142483949,0.014708197832394982,0.02340168861146625,151.06224285995046,189.2530000000006,173.1661000000022,0.030872348299999998,0.41195,0.1908333333333445,0.2916666666666714,0.008780512204882645,0.040507453813395815,0.004276073271724732,0.0,51.498999999999995,0.6908800000000035,"{""hold_box"":0.07937574666666669,""hold_speed_max"":0.6283716482268369,""hold_ip_max"":0.9526867499999998,""final_box"":0.5250535033333333,""final_speed_rms"":0.7058360433521004,""final_speed_max"":0.7659831138853375,""final_ip_rms"":0.9370573988083539,""final_ip_max"":0.9526867499999998,""terminal_ip_abs"":0.9134169499999989,""tail_box"":0.4854608616666667,""current_utilization"":0.4507333333333333,""current_mean_shift"":0.9761458333333319,""current_net_change"":0.9756944444444441,""current_linear_drift"":0.9648779511804694,""issued_rms"":0.49365682733255234,""issued_mean_norm"":0.9287321121379212,""final_pending"":1.0,""vessel_abs_sum"":0.794004,""vessel_mean_growth"":0.9930912}",0.07937574666666669,"{""complete_horizon"":true,""source_prefix_exact"":true,""source_prefix_numeric"":true,""streaming_queue"":true,""all_thresholds"":true,""minimum_margin"":true}",True,0.12080980395545525,3041.333557367325,physics_f225a71d45ad3c0e4a12,terminalissued_363d9846794cad03204d,terminalapplied_363d9846794cad03204d
s41r11_32e058387b57496e214b,calibrated_long_hold,qp28_c0p50_v1p50_p1p25_position__nominal__d1__s1.0,nominal,qp28_c0p50_v1p50_p1p25_position,1,1,1.0,1.0,s41r8_b8694b26ade3584683b1,True,True,,201,165,65,True,True,0.0,"{""physics"":0.0,""main_issued"":0.0,""main_applied"":0.0,""original_main_issued"":0.0,""preview_issued_applied"":0.0,""terminal_first40"":0.0}",True,False,0.0185928626,0.046993580722754766,240.6214,0.0112011013,0.02693077912114142,0.03927147815859819,184.70893087787002,240.6214,140.30720000000292,0.0208066737,0.4113,0.21079999999999188,0.8333333333333286,0.005210564225691332,0.061946684020856235,0.010928939816118142,0.10027151019827767,72.88999999999999,-4.037680000000002,"{""hold_box"":0.38023791333333334,""hold_speed_max"":0.5300641927724523,""hold_ip_max"":0.93984465,""final_box"":0.6266299566666667,""final_speed_rms"":0.46138441757717163,""final_speed_max"":0.6072852184140181,""final_ip_rms"":0.9230379454675541,""final_ip_max"":0.93984465,""terminal_ip_abs"":0.9298463999999985,""tail_box"":0.653222105,""current_utilization"":0.4516,""current_mean_shift"":0.973650000000001,""current_net_change"":0.9305555555555559,""current_linear_drift"":0.9791577430972347,""issued_rms"":0.22566644973929706,""issued_mean_norm"":0.8178510030646976,""final_pending"":0.3315232653448156,""vessel_abs_sum"":0.7084400000000001,""vessel_mean_growth"":1.0}",0.22566644973929706,"{""complete_horizon"":true,""source_prefix_exact"":true,""source_prefix_numeric"":true,""streaming_queue"":true,""all_thresholds"":true,""minimum_margin"":true}",True,0.12116692139843033,3089.9523179531097,physics_502256478957299402b0,terminalissued_df6dff3da25d19473814,terminalapplied_86f09dfb8b6214a25ee3
s41r11_1a68ddcfee975c919917,calibrated_long_hold,qp28_c0p50_v1p50_p1p25_position__RZ_p10_m10__d1__s1.0,RZ_p10_m10,qp28_c0p50_v1p50_p1p25_position,1,1,1.0,1.0,s41r8_b8694b26ade3584683b1,True,True,,201,165,65,True,True,0.0,"{""physics"":0.0,""main_issued"":0.0,""main_applied"":0.0,""original_main_issued"":0.0,""preview_issued_applied"":0.0,""terminal_first40"":0.0}",True,False,0.026962412999999998,0.04549358345432064,243.06660000000193,0.01711469833,0.02517104246154749,0.04047687101988015,174.46586427949683,243.06660000000193,143.97680000000037,0.0296988074,0.41195,0.1720000000000539,0.480000000000004,0.004528211284512106,0.06210695628503022,0.005437132131500251,0.038218716360362386,69.33699999999999,-4.483200000000004,"{""hold_box"":0.10125290000000009,""hold_speed_max"":0.5450641654567936,""hold_ip_max"":0.9392333499999995,""final_box"":0.42951005566666667,""final_speed_rms"":0.49657915076905024,""final_speed_max"":0.5952312898011984,""final_ip_rms"":0.927305889883543,""final_ip_max"":0.9392333499999995,""terminal_ip_abs"":0.9280115999999998,""tail_box"":0.5050198766666667,""current_utilization"":0.4507333333333333,""current_mean_shift"":0.9784999999999933,""current_net_change"":0.9599999999999996,""current_linear_drift"":0.9818871548619515,""issued_rms"":0.22366304643712231,""issued_mean_norm"":0.9093811311416625,""final_pending"":0.7452085575975841,""vessel_abs_sum"":0.7226520000000001,""vessel_mean_growth"":1.0}",0.10125290000000009,"{""complete_horizon"":true,""source_prefix_exact"":true,""source_prefix_numeric"":true,""streaming_queue"":true,""all_thresholds"":true,""minimum_margin"":true}",True,0.12176356984403226,3060.7892286777496,physics_6dbe680cbc49de793753,terminalissued_7607e98f23a4c33653bb,terminalapplied_8ca024ae9267794a5e65
s41r11_e96eda15dbe928fd28b4,calibrated_long_hold,qp28_c0p50_v1p50_p1p25_position__nominal__d2__s1.0,nominal,qp28_c0p50_v1p50_p1p25_position,2,2,1.0,1.0,s41r8_e10061668c7e87d2d1d2,True,True,,201,165,65,True,True,0.0,"{""physics"":0.0,""main_issued"":0.0,""main_applied"":0.0,""original_main_issued"":0.0,""preview_issued_applied"":0.0,""terminal_first40"":0.0}",True,False,0.0203222927,0.04864517707021482,214.38290000000052,0.0137404981,0.02665101859695632,0.044110014707987116,199.88011106990712,209.84590000000026,187.4297000000006,0.0220076501,0.4113,0.18080000000000496,0.7708333333333286,0.005485714285714726,0.048708528476119124,0.009876681934407501,0.08722474187413905,54.489999999999995,5.670799999999996,"{""hold_box"":0.3225902433333333,""hold_speed_max"":0.5135482292978518,""hold_ip_max"":0.9464042749999999,""final_box"":0.5419833966666667,""final_speed_rms"":0.4669796280608737,""final_speed_max"":0.5588998529201288,""final_ip_rms"":0.9167166203875388,""final_ip_max"":0.9475385249999999,""terminal_ip_abs"":0.9062851499999998,""tail_box"":0.6332058316666667,""current_utilization"":0.4516,""current_mean_shift"":0.9773999999999994,""current_net_change"":0.9357638888888893,""current_linear_drift"":0.9780571428571411,""issued_rms"":0.39114339404851095,""issued_mean_norm"":0.8353886344265417,""final_pending"":0.418501720839073,""vessel_abs_sum"":0.7820400000000001,""vessel_mean_growth"":0.943292}",0.3225902433333333,"{""complete_horizon"":true,""source_prefix_exact"":true,""source_prefix_numeric"":true,""streaming_queue"":true,""all_thresholds"":true,""minimum_margin"":true}",True,0.12066359355429955,3052.721917152405,physics_70f3e4d81acd40f47d35,terminalissued_e94ec9fac43ce0afb6e3,terminalapplied_bf38a9886d3961c47607
s41r11_440ab07f7bda1daaae91,calibrated_long_hold,qp28_c0p50_v1p50_p1p25_position__RZ_p10_m10__d2__s1.0,RZ_p10_m10,qp28_c0p50_v1p50_p1p25_position,2,2,1.0,1.0,s41r8_e10061668c7e87d2d1d2,True,True,,201,165,65,True,True,0.0,"{""physics"":0.0,""main_issued"":0.0,""main_applied"":0.0,""original_main_issued"":0.0,""preview_issued_applied"":0.0,""terminal_first40"":0.0}",True,False,0.0263320419,0.04215694555237351,197.02830000000176,0.018240158880000003,0.016320736699320493,0.02956953256240695,151.71783818931087,197.02830000000176,161.13140000000203,0.0290375094,0.41195,0.11666666666666003,0.3333333333333286,0.005264105642257566,0.030060588654645976,0.004666887809779567,0.023883131026964752,48.611,-5.381760000000003,"{""hold_box"":0.12226526999999998,""hold_speed_max"":0.578430544476265,""hold_ip_max"":0.9507429249999996,""final_box"":0.3919947039999999,""final_speed_rms"":0.6735852660135901,""final_speed_max"":0.7043046743759305,""final_ip_rms"":0.9367842340877871,""final_ip_max"":0.9507429249999996,""terminal_ip_abs"":0.9194342999999989,""tail_box"":0.51604151,""current_utilization"":0.4507333333333333,""current_mean_shift"":0.9854166666666675,""current_net_change"":0.9722222222222227,""current_linear_drift"":0.9789435774309697,""issued_rms"":0.6242426418169253,""issued_mean_norm"":0.9222185365036739,""final_pending"":0.8407791264869017,""vessel_abs_sum"":0.805556,""vessel_mean_growth"":1.0}",0.12226526999999998,"{""complete_horizon"":true,""source_prefix_exact"":true,""source_prefix_numeric"":true,""streaming_queue"":true,""all_thresholds"":true,""minimum_margin"":true}",True,0.12126241191465337,3101.192656993866,physics_de9c6af411c2d04e549f,terminalissued_e98ec4658f10cccb123e,terminalapplied_c9400fdc8035e21edfe2
s41r11_4d30bd7baa9ca45ebae9,calibrated_long_hold,qp28_c0p50_v1p50_p1p25_position__nominal__d0__s1.1,nominal,qp28_c0p50_v1p50_p1p25_position,0,0,1.1,1.1,s41r8_8f82d0b573eea7605820,True,True,,201,165,65,True,True,0.0,"{""physics"":0.0,""main_issued"":0.0,""main_applied"":0.0,""original_main_issued"":0.0,""preview_issued_applied"":0.0,""terminal_first40"":0.0}",True,False,0.018924409,0.039228519474210896,222.50400000000081,0.00956028591,0.01821385022105649,0.027235700368930242,165.20919316050282,222.50400000000081,121.87220000000161,0.0214938307,0.41165,0.1416666666666515,0.4583333333333428,0.005938375350140409,0.059335307384287016,0.007089921517577547,0.0,65.16400000000002,1.2075200000000095,"{""hold_box"":0.3691863666666666,""hold_speed_max"":0.6077148052578911,""hold_ip_max"":0.9443739999999998,""final_box"":0.681323803,""final_speed_rms"":0.6357229955788702,""final_speed_max"":0.7276429963106976,""final_ip_rms"":0.9311628361831238,""final_ip_max"":0.9443739999999998,""terminal_ip_abs"":0.9390638999999992,""tail_box"":0.6417694883333334,""current_utilization"":0.4511333333333333,""current_mean_shift"":0.9822916666666686,""current_net_change"":0.9618055555555548,""current_linear_drift"":0.9762464985994384,""issued_rms"":0.2583086576964123,""issued_mean_norm"":0.8818346413737076,""final_pending"":1.0,""vessel_abs_sum"":0.739344,""vessel_mean_growth"":0.9879247999999999}",0.2583086576964123,"{""complete_horizon"":true,""source_prefix_exact"":true,""source_prefix_numeric"":true,""streaming_queue"":true,""all_thresholds"":true,""minimum_margin"":true}",True,0.11279215010639623,3077.0537209510803,physics_efc9988fb54934f09df5,terminalissued_d27fc5a642f626e25915,terminalapplied_d27fc5a642f626e25915
s41r11_73f1c535b04749e85080,calibrated_long_hold,qp28_c0p50_v1p50_p1p25_position__RZ_p10_m10__d0__s1.1,RZ_p10_m10,qp28_c0p50_v1p50_p1p25_position,0,0,1.1,1.1,s41r8_8f82d0b573eea7605820,True,True,,201,165,65,True,True,0.0,"{""physics"":0.0,""main_issued"":0.0,""main_applied"":0.0,""original_main_issued"":0.0,""preview_issued_applied"":0.0,""terminal_first40"":0.0}",True,False,0.027513423199999998,0.03625968326750809,195.16359999999986,0.01367810157,0.01641444992628176,0.025199022961664343,156.28396194767546,195.16359999999986,157.76540000000023,0.0303822723,0.41225,0.1458333333333428,0.3333333333333428,0.007177871148459197,0.05087216929876942,0.0024033679570783935,0.0,57.149,-5.910799999999998,"{""hold_box"":0.0828858933333334,""hold_speed_max"":0.6374031673249191,""hold_ip_max"":0.9512091,""final_box"":0.5440632809999999,""final_speed_rms"":0.6717110014743648,""final_speed_max"":0.7480097703833566,""final_ip_rms"":0.9348816825218019,""final_ip_max"":0.9512091,""terminal_ip_abs"":0.9211172999999999,""tail_box"":0.493628795,""current_utilization"":0.45033333333333336,""current_mean_shift"":0.9817708333333321,""current_net_change"":0.9722222222222214,""current_linear_drift"":0.9712885154061632,""issued_rms"":0.3640978837653822,""issued_mean_norm"":0.9599438673820267,""final_pending"":1.0,""vessel_abs_sum"":0.771404,""vessel_mean_growth"":1.0}",0.0828858933333334,"{""complete_horizon"":true,""source_prefix_exact"":true,""source_prefix_numeric"":true,""streaming_queue"":true,""all_thresholds"":true,""minimum_margin"":true}",True,0.1138284479004262,3037.604612350464,physics_9aaf79acffae9365c6d9,terminalissued_16dda906822ead8e92ff,terminalapplied_16dda906822ead8e92ff
s41r11_d7c1a2e54d420e9431d3,calibrated_long_hold,qp28_c0p50_v1p50_p1p25_position__nominal__d1__s1.1,nominal,qp28_c0p50_v1p50_p1p25_position,1,1,1.1,1.1,s41r8_badc5183f5be7ee119c9,True,True,,201,165,65,True,True,0.0,"{""physics"":0.0,""main_issued"":0.0,""main_applied"":0.0,""original_main_issued"":0.0,""preview_issued_applied"":0.0,""terminal_first40"":0.0}",True,False,0.0182726968,0.0464932023220436,247.6089000000029,0.0109982642,0.028132775164001197,0.04016923160300873,179.84482622544064,247.6089000000029,123.48689999999988,0.0203693707,0.4113,0.18679999999999097,0.8125,0.005759303721488517,0.06473190690371237,0.01056420431702852,0.10048961816883793,77.477,-3.072959999999995,"{""hold_box"":0.3909101066666667,""hold_speed_max"":0.5350679767795641,""hold_ip_max"":0.9380977749999992,""final_box"":0.6333911933333334,""final_speed_rms"":0.4373444967199761,""final_speed_max"":0.5983076839699126,""final_ip_rms"":0.9250646557393998,""final_ip_max"":0.9380977749999992,""terminal_ip_abs"":0.9382565500000001,""tail_box"":0.6605104883333333,""current_utilization"":0.4516,""current_mean_shift"":0.9766500000000011,""current_net_change"":0.9322916666666666,""current_linear_drift"":0.9769627851140459,""issued_rms"":0.19085116370359534,""issued_mean_norm"":0.8239299280495247,""final_pending"":0.3300692122077471,""vessel_abs_sum"":0.6900919999999999,""vessel_mean_growth"":1.0}",0.19085116370359534,"{""complete_horizon"":true,""source_prefix_exact"":true,""source_prefix_numeric"":true,""streaming_queue"":true,""all_thresholds"":true,""minimum_margin"":true}",True,0.11243074694099846,3065.125196456909,physics_c14ff5f1dbce248f6692,terminalissued_6274a33b1372076aec80,terminalapplied_206e27c0f935f583282b
s41r11_a8f9a350bbff387ee6ea,calibrated_long_hold,qp28_c0p50_v1p50_p1p25_position__RZ_p10_m10__d1__s1.1,RZ_p10_m10,qp28_c0p50_v1p50_p1p25_position,1,1,1.1,1.1,s41r8_badc5183f5be7ee119c9,True,True,,201,165,65,True,True,0.0,"{""physics"":0.0,""main_issued"":0.0,""main_applied"":0.0,""original_main_issued"":0.0,""preview_issued_applied"":0.0,""terminal_first40"":0.0}",True,False,0.0275634088,0.04471165953275078,244.09920000000056,0.0174414123,0.024973723369520664,0.037859246823920334,175.56070114198775,244.09920000000056,127.46850000000268,0.030240061899999997,0.41195,0.14833333333334053,0.2499999999999858,0.003997599039616135,0.06077696225756277,0.001808038313550132,0.10323292391323403,70.261,-5.271919999999994,"{""hold_box"":0.08121970666666656,""hold_speed_max"":0.5528834046724922,""hold_ip_max"":0.9389751999999999,""final_box"":0.41861958999999993,""final_speed_rms"":0.5005255326095868,""final_speed_max"":0.6214075317607967,""final_ip_rms"":0.9268497078575051,""final_ip_max"":0.9389751999999999,""terminal_ip_abs"":0.9362657499999987,""tail_box"":0.49599896833333335,""current_utilization"":0.4507333333333333,""current_mean_shift"":0.9814583333333324,""current_net_change"":0.9791666666666679,""current_linear_drift"":0.9840096038415355,""issued_rms"":0.24028797178046546,""issued_mean_norm"":0.9698660281074978,""final_pending"":0.3117805072451064,""vessel_abs_sum"":0.718956,""vessel_mean_growth"":1.0}",0.08121970666666656,"{""complete_horizon"":true,""source_prefix_exact"":true,""source_prefix_numeric"":true,""streaming_queue"":true,""all_thresholds"":true,""minimum_margin"":true}",True,0.11221105727568856,3036.5729212760925,physics_18b430975f3de48505dc,terminalissued_3689c3e2918bcf241879,terminalapplied_7d4a70f7eb177a26a869
s41r11_2e9da0089b814ed4be5f,calibrated_long_hold,qp28_c0p50_v1p50_p1p25_position__nominal__d2__s1.1,nominal,qp28_c0p50_v1p50_p1p25_position,2,2,1.1,1.1,s41r8_f128ff9ac029a5898f16,True,True,,201,165,65,True,True,0.0,"{""physics"":0.0,""main_issued"":0.0,""main_applied"":0.0,""original_main_issued"":0.0,""preview_issued_applied"":0.0,""terminal_first40"":0.0}",True,False,0.0193638955,0.04595411673482131,215.39300000000003,0.012666894,0.024874481088331686,0.04392073707262278,200.98376728677198,215.03870000000097,196.05720000000292,0.0209563534,0.4113,0.1115999999999957,0.2599999999999909,0.0037478991596637526,0.048171709230094915,0.001998182492403467,0.0983791931949213,54.747,4.335439999999998,"{""hold_box"":0.3545368166666667,""hold_speed_max"":0.540458832651787,""hold_ip_max"":0.94615175,""final_box"":0.5777702,""final_speed_rms"":0.5025103782333663,""final_speed_max"":0.5607926292737723,""final_ip_rms"":0.9162567636305117,""final_ip_max"":0.9462403249999998,""terminal_ip_abs"":0.9019713999999985,""tail_box"":0.6507274433333333,""current_utilization"":0.4516,""current_mean_shift"":0.9860500000000005,""current_net_change"":0.978333333333334,""current_linear_drift"":0.985008403361345,""issued_rms"":0.3978536346238136,""issued_mean_norm"":0.9666969584599422,""final_pending"":0.34413871203385793,""vessel_abs_sum"":0.781012,""vessel_mean_growth"":0.9566456}",0.34413871203385793,"{""complete_horizon"":true,""source_prefix_exact"":true,""source_prefix_numeric"":true,""streaming_queue"":true,""all_thresholds"":true,""minimum_margin"":true}",True,0.11134449715643625,3066.003492116928,physics_1c749421fed45b521aef,terminalissued_e04fb569646f13b6b42b,terminalapplied_b7bb7e54d9868d863a0d
s41r11_5e3711ab18fb9f1f3565,calibrated_long_hold,qp28_c0p50_v1p50_p1p25_position__RZ_p10_m10__d2__s1.1,RZ_p10_m10,qp28_c0p50_v1p50_p1p25_position,2,2,1.1,1.1,s41r8_f128ff9ac029a5898f16,True,True,,201,165,65,True,True,0.0,"{""physics"":0.0,""main_issued"":0.0,""main_applied"":0.0,""original_main_issued"":0.0,""preview_issued_applied"":0.0,""terminal_first40"":0.0}",True,False,0.0262598677,0.04601861977168816,194.44090000000142,0.0180977133,0.015284114138164462,0.02774698922181488,153.3238204138193,194.44090000000142,158.60320000000138,0.028898407600000002,0.41195,0.1624999999999659,0.375,0.0062394957983192886,0.027250535971408706,0.004377967612974111,0.025535652380076157,43.947,-4.654519999999998,"{""hold_box"":0.12467107666666655,""hold_speed_max"":0.5398138022831185,""hold_ip_max"":0.9513897749999997,""final_box"":0.39674289000000007,""final_speed_rms"":0.6943177172367108,""final_speed_max"":0.7225301077818512,""final_ip_rms"":0.9361150748275753,""final_ip_max"":0.9513897749999997,""terminal_ip_abs"":0.9206983999999994,""tail_box"":0.5183598733333332,""current_utilization"":0.4507333333333333,""current_mean_shift"":0.9796875000000043,""current_net_change"":0.96875,""current_linear_drift"":0.9750420168067229,""issued_rms"":0.6593683003573911,""issued_mean_norm"":0.9270338731170982,""final_pending"":0.8297623174661589,""vessel_abs_sum"":0.824212,""vessel_mean_growth"":1.0}",0.12467107666666655,"{""complete_horizon"":true,""source_prefix_exact"":true,""source_prefix_numeric"":true,""streaming_queue"":true,""all_thresholds"":true,""minimum_margin"":true}",True,0.11204604139407878,3052.9038355350494,physics_e39889b2999e5c41fdc9,terminalissued_93ae8fa845a6251e3005,terminalapplied_7007caf1084919e9add1
