stage,generation,candidate_id,population_index,source_name,source_type,linear_prefilter_score,proposal_rank_score,parameter_vector,validation_id,predicted_final3_box_max_error_m,predicted_terminal_velocity_m_per_s,predicted_late_velocity_rms_m_per_s,predicted_corner_max_violation,predicted_corner_sum_violation,candidate_label,candidate_n_modes,candidate_target_fraction,sequence_scale,success,failure_reason,n_trajectory_steps,terminal_R_error_m,terminal_Z_error_m,terminal_Ip_error_A,terminal_RZ_euclidean_error_m,terminal_RZ_box_max_error_m,terminal_normalized_RZ_distance,min_normalized_RZ_distance,min_normalized_RZ_distance_after_step0,min_RZ_euclidean_error_after_step0_m,closest_step_after_step0,closest_velocity_after_step0_m_per_s,relative_distance_reduction,relative_distance_reduction_after_step0,first_step_within_2x_RZ_only,first_step_within_1x_RZ_only,first_step_within_2x,first_step_within_1x,first_step_after_step0_within_2x,first_step_after_step0_within_1x,terminal_within_2x_RZ_only,terminal_within_1x_RZ_only,terminal_within_2x,terminal_within_1x,gate_ip_tolerance_A,terminal_Ip_safe,late_Ip_safe_fraction,late_fraction_within_2x,late_fraction_within_1x,late_R_rms_m,late_Z_rms_m,late_RZ_euclidean_rms_m,terminal_velocity_m_per_s,max_velocity_m_per_s,late_velocity_mean_m_per_s,late_velocity_rms_m_per_s,max_current_utilization,wall_time_s,first_step_after_step0_within_30mm,ever_after_step0_within_30mm,terminal_within_30mm,late_fraction_within_30mm,longest_streak_after_step0_within_30mm_steps,trailing_streak_within_30mm_steps,first_step_after_step0_within_40mm,ever_after_step0_within_40mm,terminal_within_40mm,late_fraction_within_40mm,longest_streak_after_step0_within_40mm_steps,trailing_streak_within_40mm_steps,first_step_after_step0_within_80mm,ever_after_step0_within_80mm,terminal_within_80mm,late_fraction_within_80mm,longest_streak_after_step0_within_80mm_steps,trailing_streak_within_80mm_steps,gate_tier,gate_label,strict_gate_pass,relaxed_gate_pass,terminal_RZ_reduction_vs_zero_action_fraction,continuous_objective,selection_score,position_excess_objective,velocity_excess_objective,precise_streak_deficit,action_rms,delta_action_rms,repair_excess_rms,stage2_legacy_selection_score,stage2_legacy_continuous_objective,stage2_2_final3_box_errors_m,stage2_2_final3_box_max_error_m,stage2_2_final3_box_mean_error_m,stage2_2_terminal_box_error_m,stage2_2_final3_R_abs_max_error_m,stage2_2_final3_Z_abs_max_error_m,stage2_2_position_violation,stage2_2_terminal_speed_violation,stage2_2_late_speed_violation,stage2_2_ip_violation,stage2_2_max_violation,stage2_2_sum_violation,stage2_2_l2_violation,stage2_2_quality,stage2_2_selection_score,generation_rank,source_stage,source_run,source_generation_group,vector,vector_digest,result_relative_path
Stage2.2,3,s22g003_c102765468b3b691,21,probe_c1_h01_p,multi_center_probes,2.9601389780400553,49.52465625808356,"[2.3911854335466187,1.204177336495726,0.471384395947247,1.2444621768972368,1.8390350748969635,0.1220083421788616,-0.3380156520551947,2.226666881772964,-0.18080008593500527,-1.0915080457377542,-1.4536137584692328,0.22302807007822167,-0.6564544086987542,-0.2219980047699112,-0.03731127915377853]",s22g003_c102765468b3b691,0.0314277419673549,0.023926293094379002,0.09988187861547926,0.04759139891182995,0.04759139891182995,,,,,True,,11,-0.02753214599999998,0.0308041446,694.1676000000007,0.04131482043895415,0.0308041446,1.3771606812984718,0.5817437020072838,0.7819332053556993,0.02345799616067098,1,0.6279867362113741,0.0,-0.3441197603990719,0,0,0,0,1,1,True,False,True,False,10000.0,True,1.0,1.0,0.0,0.027658664773231832,0.031247430535856043,0.04173012882955388,0.032717034420764055,0.6493068888016089,0.09089964197175797,0.09973839456974262,0.41450000000000004,269.2946479320526,1,True,False,0.0,2,0,1,True,True,1.0,10,10,1,True,True,1.0,10,10,1,PASS_DAMPED_HOLD_40MM,False,True,0.5241876466083708,4128.270405342104,1004128.2704053421,0.002340418436831946,0.0,1.0,0.4834565479300444,0.2624785905265248,0.061771204376954505,1000038.9391223221,38.939122322084316,"[0.0311780206,0.0304909282,0.0308041446]",0.0311780206,0.030824364466666667,0.0308041446,0.02766087100000003,0.0311780206,0.03926735333333342,0.0,0.0,0.0,0.03926735333333342,0.03926735333333342,0.03926735333333342,5.198305342136287,1004128.2704053421,14,Stage2.2,/home/yangshen0711/tsc_all/tsc_rzip_rllib/stage2_2_runs/stage2_2_svd3_corner_feasibility_100ms_20260721_085327,2003,"[2.3911854335466187,1.204177336495726,0.471384395947247,1.2444621768972368,1.8390350748969635,0.1220083421788616,-0.3380156520551947,2.226666881772964,-0.18080008593500527,-1.0915080457377542,-1.4536137584692328,0.22302807007822167,-0.6564544086987542,-0.2219980047699112,-0.03731127915377853]",v_c102765468b3b691,
Stage2.2,3,s22g003_9a38726fe805d1d7,29,probe_c2_h06_p,multi_center_probes,2.9600481294766143,46.41691696419565,"[2.4156833455235933,1.2134774513649513,0.47907036778035206,1.248195434942497,1.8000944869218463,0.11666845403562731,-0.4054248495828374,2.169363648757632,-0.32146902265432653,-0.8840062129819165,-1.3447246074137584,0.22790091051340608,-0.5999012891487809,0.06017319409651051,0.026043307691845728]",s22g003_9a38726fe805d1d7,0.031338095667775984,0.02787823041209533,0.09783784548643616,0.04460318892586623,0.04460318892586623,,,,,True,,11,-0.027842495999999994,0.0304325636,738.125,0.041247369743755306,0.0304325636,1.3749123247918438,0.5817437020072838,0.7819410457617871,0.023458231372853616,1,0.6280101555085302,0.0,-0.3441332378223096,0,0,0,0,1,1,True,False,True,False,10000.0,True,1.0,1.0,0.0,0.027891241969876242,0.03116225291227479,0.04182113562770342,0.012687795678291258,0.6494449219864435,0.0877788061081758,0.09974965583509365,0.41465,267.5575942993164,1,True,False,0.0,2,0,1,True,True,1.0,10,10,1,True,True,1.0,10,10,1,PASS_DAMPED_HOLD_40MM,False,True,0.5249644592310442,4286.298342821305,1004286.2983428213,0.0022941467428648195,0.0,1.0,0.4665901449569199,0.25409481627534436,0.07348845128191231,1000038.778143125,38.77814312499335,"[0.0312231882,0.0304152057,0.0304325636]",0.0312231882,0.03069031916666667,0.0304325636,0.02786838700000005,0.0312231882,0.04077294000000009,0.0,0.0,0.0,0.04077294000000009,0.04077294000000009,0.04077294000000009,5.13964282127856,1004286.2983428213,36,Stage2.2,/home/yangshen0711/tsc_all/tsc_rzip_rllib/stage2_2_runs/stage2_2_svd3_corner_feasibility_100ms_20260721_085327,2003,"[2.4156833455235933,1.2134774513649513,0.47907036778035206,1.248195434942497,1.8000944869218463,0.11666845403562731,-0.4054248495828374,2.169363648757632,-0.32146902265432653,-0.8840062129819165,-1.3447246074137584,0.22790091051340608,-0.5999012891487809,0.06017319409651051,0.026043307691845728]",v_9a38726fe805d1d7,
Stage2.2,1,s22g001_f1eb833836e195bf,27,probe_c1_h12_p,multi_center_probes,2.9546746160728903,52.16365798114523,"[2.3911854335466187,1.204177336495726,0.471384395947247,1.2313401768972367,1.8521570748969636,0.1161763421788616,-0.31250065205519467,2.201151881772964,-0.16986508593500527,-1.1243130457377541,-1.4208087584692328,0.20990607007822168,-0.6236494086987542,-0.2548030047699112,-0.024189279153778526]",s22g001_f1eb833836e195bf,0.03150023007808045,0.02637173253588278,0.1003153379871557,0.0500076692693483,0.05316104914090514,,,,,True,,11,-0.027418632000000054,0.0308806712,688.661500000002,0.041296455471552716,0.0308806712,1.376548515718424,0.5817437020072838,0.7819332053556993,0.02345799616067098,1,0.6279867362113741,0.0,-0.3441197603990719,0,0,0,0,1,1,True,False,True,False,10000.0,True,1.0,1.0,0.0,0.02759612708449518,0.03130964126181438,0.04173535510819476,0.03308223748723968,0.6493204618607247,0.0908707311620637,0.09956731401330152,0.41445,262.78078627586365,1,True,False,0.0,2,0,1,True,True,1.0,10,10,1,True,True,1.0,10,10,1,PASS_DAMPED_HOLD_40MM,False,True,0.5243991513000625,4325.788167966646,1004325.7881679666,0.002506567715010924,0.0,1.0,0.4828778246520502,0.26048070495125875,0.056133575669967135,1000038.9475780955,38.94757809551184,"[0.0312344516,0.0305542023,0.0308806712]",0.0312344516,0.030889775033333334,0.0308806712,0.027620777999999957,0.0312344516,0.04114838666666665,0.0,0.0,0.0,0.04114838666666665,0.04114838666666665,0.04114838666666665,5.207567966630894,1004325.7881679666,6,Stage2.2,/home/yangshen0711/tsc_all/tsc_rzip_rllib/stage2_2_runs/stage2_2_svd3_corner_feasibility_100ms_20260721_085327,2001,"[2.3911854335466187,1.204177336495726,0.471384395947247,1.2313401768972367,1.8521570748969636,0.1161763421788616,-0.31250065205519467,2.201151881772964,-0.16986508593500527,-1.1243130457377541,-1.4208087584692328,0.20990607007822168,-0.6236494086987542,-0.2548030047699112,-0.024189279153778526]",v_f1eb833836e195bf,
Stage2.2,2,s22g002_4926e3d444417c86,53,corner_local_0044,corner_local,2.9443738503832324,49.462931615520546,"[2.3911854335466187,1.204177336495726,0.471384395947247,1.2660385071924694,1.8570016136333662,0.10470602439297488,-0.3769506497998415,2.1408581448686297,-0.26446717133561637,-0.9774064250936187,-1.305892641861523,0.1642753617368049,-0.5533492495813076,-0.13920569536014982,0.021097077157371594]",s22g002_4926e3d444417c86,0.03142596599645241,0.028543134441503866,0.09979676707013062,0.04753219988174684,0.04753219988174684,,,,,True,,11,-0.027495351999999973,0.0305816371,744.5312000000013,0.04112457792269726,0.0305816371,1.3708192640899086,0.5817437020072838,0.7819332053556993,0.02345799616067098,1,0.6279867362113741,0.0,-0.3441197603990719,0,0,0,0,1,1,True,False,True,False,10000.0,True,1.0,1.0,0.0,0.027668738239328396,0.031222473464749278,0.041718124658395736,0.011505272429739356,0.6493257223837073,0.08712544317431144,0.0994570922636169,0.41455,272.8762803077698,1,True,False,0.0,2,0,1,True,True,1.0,10,10,1,True,True,1.0,10,10,1,PASS_DAMPED_HOLD_40MM,False,True,0.5263786216244449,4359.023495158646,1004359.0234951586,0.0023865930633030596,0.0,1.0,0.4698801347677136,0.25043316937575977,0.061449345064098104,1000038.7041857089,38.70418570887322,"[0.0312439669,0.0304750856,0.0305816371]",0.0312439669,0.030766896533333334,0.0305816371,0.02769628199999996,0.0312439669,0.0414655633333334,0.0,0.0,0.0,0.0414655633333334,0.0414655633333334,0.0414655633333334,5.139345158622397,1004359.0234951586,33,Stage2.2,/home/yangshen0711/tsc_all/tsc_rzip_rllib/stage2_2_runs/stage2_2_svd3_corner_feasibility_100ms_20260721_085327,2002,"[2.3911854335466187,1.204177336495726,0.471384395947247,1.2660385071924694,1.8570016136333662,0.10470602439297488,-0.3769506497998415,2.1408581448686297,-0.26446717133561637,-0.9774064250936187,-1.305892641861523,0.1642753617368049,-0.5533492495813076,-0.13920569536014982,0.021097077157371594]",v_4926e3d444417c86,
Stage2.2,3,s22g003_fb22949c5f253acb,18,probe_c0_h15_m,multi_center_probes,2.9443202911411412,53.61376100938253,"[2.3911854335466187,1.204177336495726,0.471384395947247,1.2327981768972367,1.8182990748969636,0.1140883421788616,-0.36636565205519467,2.3180168817729636,-0.19295008593500526,-1.120668045737754,-1.343453758469233,0.20844807007822166,-0.5390044086987542,-0.2430580047699112,0.0035127208462214735]",s22g003_fb22949c5f253acb,0.03154570147518666,0.020135888728288958,0.09822544004498707,0.05152338250622224,0.05152338250622224,,,,,True,,11,-0.02710183399999999,0.0308480298,685.619200000001,0.04106227403231881,0.0308480298,1.3687424677439604,0.5817437020072838,0.7819332053556993,0.02345799616067098,1,0.6279867362113741,0.0,-0.3441197603990719,0,0,0,0,1,1,True,False,True,False,10000.0,True,1.0,1.0,0.0,0.027459695994337945,0.03130467172431671,0.04164153426410576,0.02997840668514738,0.6493193964569677,0.09109149759246653,0.09997163598009833,0.41455,274.2059898376465,1,True,False,0.0,2,0,1,True,True,1.0,10,10,1,True,True,1.0,10,10,1,PASS_DAMPED_HOLD_40MM,False,True,0.5270961597957708,4360.67000752897,1004360.670007529,0.0024937080747050124,0.0,1.0,0.47926091203075954,0.25702790795437863,0.07814515767068576,1000038.8516787576,38.85167875759815,"[0.0312444156,0.0305613628,0.0308480298]",0.0312444156,0.030884602733333332,0.0308480298,0.02755886799999996,0.0312444156,0.04148051999999991,0.0,0.0,0.0,0.04148051999999991,0.04148051999999991,0.04148051999999991,5.215407528874668,1004360.670007529,44,Stage2.2,/home/yangshen0711/tsc_all/tsc_rzip_rllib/stage2_2_runs/stage2_2_svd3_corner_feasibility_100ms_20260721_085327,2003,"[2.3911854335466187,1.204177336495726,0.471384395947247,1.2327981768972367,1.8182990748969636,0.1140883421788616,-0.36636565205519467,2.3180168817729636,-0.19295008593500526,-1.120668045737754,-1.343453758469233,0.20844807007822166,-0.5390044086987542,-0.2430580047699112,0.0035127208462214735]",v_fb22949c5f253acb,
Stage2.2,2,s22g002_422a7557eda90739,49,corner_local_0033,corner_local,2.9414763367987176,47.515070197097124,"[2.4156833455235933,1.2134774513649513,0.47907036778035206,1.254424879423267,1.8195233517283687,0.10387914431481625,-0.37182731225446475,2.1761019499461427,-0.24881447193111866,-1.0319904203648966,-1.292929749909382,0.19696843701774067,-0.5061477648964752,-0.17203682004625032,0.05165392902816747]",s22g002_422a7557eda90739,0.031349739034997055,0.02848441505586574,0.10173675555124455,0.044991301166568576,0.062358856679014085,,,,,True,,11,-0.02747117499999996,0.0306495017,699.4372000000003,0.04115892868308073,0.0306495017,1.3719642894360244,0.5817437020072838,0.7819410457617871,0.023458231372853616,1,0.6280101555085302,0.0,-0.3441332378223096,0,0,0,0,1,1,True,False,True,False,10000.0,True,1.0,1.0,0.0,0.027695813399179356,0.03124608363881524,0.041753752197928276,0.015059401665036547,0.6494588800435576,0.08804321502794087,0.09971437817545217,0.41465,272.60831570625305,1,True,False,0.0,2,0,1,True,True,1.0,10,10,1,True,True,1.0,10,10,1,PASS_DAMPED_HOLD_40MM,False,True,0.5259830125920155,4368.618835747358,1004368.6188357474,0.0024207486264860964,0.0,1.0,0.471699397485719,0.2511941584973689,0.06401332764871152,1000038.7561760324,38.756176032411844,"[0.0312467033,0.03049892,0.0306495017]",0.0312467033,0.030798375,0.0306495017,0.027747049000000024,0.0312467033,0.041556776666666684,0.0,0.0,0.0,0.041556776666666684,0.041556776666666684,0.041556776666666684,5.157285747374715,1004368.6188357474,34,Stage2.2,/home/yangshen0711/tsc_all/tsc_rzip_rllib/stage2_2_runs/stage2_2_svd3_corner_feasibility_100ms_20260721_085327,2002,"[2.4156833455235933,1.2134774513649513,0.47907036778035206,1.254424879423267,1.8195233517283687,0.10387914431481625,-0.37182731225446475,2.1761019499461427,-0.24881447193111866,-1.0319904203648966,-1.292929749909382,0.19696843701774067,-0.5061477648964752,-0.17203682004625032,0.05165392902816747]",v_422a7557eda90739,
Stage2.2,3,s22g003_74f6c68312aa64a0,74,bridge_d05_p18_c18_041,boundary_bridge,2.9439436243862978,45.609065918761644,"[2.4156833455235933,1.2134774513649513,0.47907036778035206,1.2287877522743555,1.8383142529597192,0.10878180703214343,-0.3230785373626094,2.190975822510477,-0.2776435365973445,-1.0242969672347688,-1.3536427048179505,0.2143869394025164,-0.627287975122084,0.0773765749530799,0.02822187625965196]",s22g003_74f6c68312aa64a0,0.03129880845143621,0.025779411545987157,0.10138566708182264,0.04329361504787377,0.05715028586610016,,,,,True,,11,-0.027532093000000035,0.0306284042,740.1433000000034,0.04118392026992123,0.0306284042,1.3727973423307076,0.5817437020072838,0.7819410457617871,0.023458231372853616,1,0.6280101555085302,0.0,-0.3441332378223096,0,0,0,0,1,1,True,False,True,False,10000.0,True,1.0,1.0,0.0,0.027706606120836193,0.03124362538071914,0.04175907266290614,0.014119440965365222,0.6494457964441472,0.08784560729824661,0.09977523591246257,0.41450000000000004,247.2081527709961,1,True,False,0.0,2,0,1,True,True,1.0,10,10,1,True,True,1.0,10,10,1,PASS_DAMPED_HOLD_40MM,False,True,0.5256951907977241,4383.2663622762775,1004383.2663622763,0.002436141034130297,0.0,1.0,0.472177350397477,0.2567869846911114,0.06999232216165019,1000038.7626816818,38.76268168180863,"[0.0312508879,0.030488603,0.0306284042]",0.0312508879,0.030789298366666665,0.0306284042,0.027734629999999982,0.0312508879,0.04169626333333354,0.0,0.0,0.0,0.04169626333333354,0.04169626333333354,0.04169626333333354,5.158712276255097,1004383.2663622763,51,Stage2.2,/home/yangshen0711/tsc_all/tsc_rzip_rllib/stage2_2_runs/stage2_2_svd3_corner_feasibility_100ms_20260721_085327,2003,"[2.4156833455235933,1.2134774513649513,0.47907036778035206,1.2287877522743555,1.8383142529597192,0.10878180703214343,-0.3230785373626094,2.190975822510477,-0.2776435365973445,-1.0242969672347688,-1.3536427048179505,0.2143869394025164,-0.627287975122084,0.0773765749530799,0.02822187625965196]",v_74f6c68312aa64a0,
Stage2.2,2,s22g002_237c301c9b1fa6dd,20,probe_c1_h13_m,multi_center_probes,2.9536339626255046,51.18880356071998,"[2.3911854335466187,1.204177336495726,0.471384395947247,1.2167601768972367,1.8667370748969636,0.1096963421788616,-0.2841506520551947,2.229501881772964,-0.18201508593500526,-1.087863045737754,-1.457258758469233,0.2244860700782217,-0.6600994086987542,-0.21835300476991118,-0.03876927915377852]",s22g002_237c301c9b1fa6dd,0.03145661083346388,0.026354130848728674,0.10165856248586508,0.04855369444879587,0.06513931930744654,,,,,True,,11,-0.027458219999999978,0.0308206523,697.3735000000015,0.04127791726535986,0.0308206523,1.3759305755119957,0.5817437020072838,0.7819332053556993,0.02345799616067098,1,0.6279867362113741,0.0,-0.3441197603990719,0,0,0,0,1,1,True,False,True,False,10000.0,True,1.0,1.0,0.0,0.027576342568172593,0.03130797151443721,0.041721022875596175,0.029555023202327578,0.6493109287304325,0.09057330887300805,0.09978947600487098,0.41435,267.23640608787537,1,True,False,0.0,2,0,1,True,True,1.0,10,10,1,True,True,1.0,10,10,1,PASS_DAMPED_HOLD_40MM,False,True,0.5246126511391653,4409.736310707289,1004409.7363107073,0.0025442764986796872,0.0,1.0,0.4826422866848425,0.2622921088231114,0.0624282488411059,1000038.9080859041,38.908085904065906,"[0.0312584376,0.0305438924,0.0308206523]",0.0312584376,0.030874327433333335,0.0308206523,0.027572648000000033,0.0312584376,0.04194792000000014,0.0,0.0,0.0,0.04194792000000014,0.04194792000000014,0.04194792000000014,5.20471070728505,1004409.7363107073,40,Stage2.2,/home/yangshen0711/tsc_all/tsc_rzip_rllib/stage2_2_runs/stage2_2_svd3_corner_feasibility_100ms_20260721_085327,2002,"[2.3911854335466187,1.204177336495726,0.471384395947247,1.2167601768972367,1.8667370748969636,0.1096963421788616,-0.2841506520551947,2.229501881772964,-0.18201508593500526,-1.087863045737754,-1.457258758469233,0.2244860700782217,-0.6600994086987542,-0.21835300476991118,-0.03876927915377852]",v_237c301c9b1fa6dd,
Stage2.2,3,s22g003_7fcad4b0bff5a4a7,53,corner_local_0078,corner_local,2.947611392560147,54.05467261422823,"[2.3911854335466187,1.204177336495726,0.471384395947247,1.216063653155821,1.7821864628687243,0.10798442888878436,-0.38521379286823787,2.222933230828287,-0.26724344657153437,-0.9476370560044537,-1.314680846520637,0.17823283548230584,-0.5504403195566367,-0.054694065031483705,0.05749497644320074]",s22g003_7fcad4b0bff5a4a7,0.03155841912981642,0.02030871207256478,0.09392140684381528,0.05194730432721406,0.05194730432721406,,,,,True,,11,-0.027467737000000048,0.030552199,722.8148000000001,0.041084223731704755,0.030552199,1.3694741243901587,0.5817437020072838,0.7819332053556993,0.02345799616067098,1,0.6279867362113741,0.0,-0.3441197603990719,0,0,0,0,1,1,True,False,True,False,10000.0,True,1.0,1.0,0.0,0.02767170891134189,0.03122567312750543,0.041722489575046366,0.00712880542534524,0.6492819949469225,0.08604669243688434,0.09920464790371578,0.4146,270.4754536151886,1,True,False,0.0,2,0,1,True,True,1.0,10,10,1,True,True,1.0,10,10,1,PASS_DAMPED_HOLD_40MM,False,True,0.5268433706510982,4427.8601643492,1004427.8601643492,0.0024122075175719553,0.0,1.0,0.4683258851595983,0.25223116700178255,0.07323813394930892,1000038.6772916613,38.67729166130769,"[0.0312636365,0.0304832258,0.030552199]",0.0312636365,0.030766353766666667,0.030552199,0.027710111999999953,0.0312636365,0.04212121666666668,0.0,0.0,0.0,0.04212121666666668,0.04212121666666668,0.04212121666666668,5.132414349084087,1004427.8601643492,57,Stage2.2,/home/yangshen0711/tsc_all/tsc_rzip_rllib/stage2_2_runs/stage2_2_svd3_corner_feasibility_100ms_20260721_085327,2003,"[2.3911854335466187,1.204177336495726,0.471384395947247,1.216063653155821,1.7821864628687243,0.10798442888878436,-0.38521379286823787,2.222933230828287,-0.26724344657153437,-0.9476370560044537,-1.314680846520637,0.17823283548230584,-0.5504403195566367,-0.054694065031483705,0.05749497644320074]",v_7fcad4b0bff5a4a7,
Stage2.2,3,s22g003_e0d1cd7f3dcc50db,65,bridge_d19_p14_c17_051,boundary_bridge,2.9542140039366784,44.80488270600545,"[2.4156833455235933,1.2134774513649513,0.47907036778035206,1.2381458806201155,1.830365884470172,0.10688446644053472,-0.35682719317221345,2.1176883335824894,-0.2880737594543799,-0.8873176554753388,-1.3816902181852921,0.189799776009415,-0.5360847357537182,0.009867566352342946,0.045130753328212404]",s22g003_e0d1cd7f3dcc50db,0.03128634309481753,0.02971958182495298,0.10045528319739612,0.04287810316058427,0.04743093513454544,,,,,True,,11,-0.027934632000000015,0.0304595727,733.5933000000005,0.041329520128378094,0.0304595727,1.3776506709459364,0.5817437020072838,0.7819410457617871,0.023458231372853616,1,0.6280101555085302,0.0,-0.3441332378223096,0,0,0,0,1,1,True,False,True,False,10000.0,True,1.0,1.0,0.0,0.027903120459339778,0.031200708759331605,0.041857715638255494,0.020140514842728385,0.6494473079046765,0.08956390684152099,0.0999672059895705,0.41455,267.54385781288147,1,True,False,0.0,2,0,1,True,True,1.0,10,10,1,True,True,1.0,10,10,1,PASS_DAMPED_HOLD_40MM,False,True,0.5240183539975203,4435.289912356879,1004435.2899123569,0.002406016205146697,0.0,1.0,0.46663453482056044,0.2552215464540832,0.06047717176557549,1000038.8699246561,38.869924656071234,"[0.0312657503,0.0304515928,0.0304595727]",0.0312657503,0.030725638600000004,0.0304595727,0.027934632000000015,0.0312657503,0.04219167666666657,0.0,0.0,0.0,0.04219167666666657,0.04219167666666657,0.04219167666666657,5.163862356917949,1004435.2899123569,58,Stage2.2,/home/yangshen0711/tsc_all/tsc_rzip_rllib/stage2_2_runs/stage2_2_svd3_corner_feasibility_100ms_20260721_085327,2003,"[2.4156833455235933,1.2134774513649513,0.47907036778035206,1.2381458806201155,1.830365884470172,0.10688446644053472,-0.35682719317221345,2.1176883335824894,-0.2880737594543799,-0.8873176554753388,-1.3816902181852921,0.189799776009415,-0.5360847357537182,0.009867566352342946,0.045130753328212404]",v_e0d1cd7f3dcc50db,
Stage2.2,1,s22g001_41a1b010debca502,21,probe_c1_h09_p,multi_center_probes,2.9555740631863903,54.90526934795504,"[2.3911854335466187,1.204177336495726,0.471384395947247,1.2313401768972367,1.8197570748969636,0.1161763421788616,-0.37550065205519473,2.2641518817729636,-0.16986508593500527,-1.0433130457377542,-1.4208087584692328,0.20990607007822168,-0.5426494086987542,-0.2548030047699112,0.008210720846221473]",s22g001_41a1b010debca502,0.03158295327713432,0.024599512677632333,0.09729836235244756,0.05276510923781075,0.05276510923781075,,,,,True,,11,-0.027444537000000047,0.0308548001,669.8995000000032,0.04129432528030131,0.0308548001,1.376477509343377,0.5817437020072838,0.7819332053556993,0.02345799616067098,1,0.6279867362113741,0.0,-0.3441197603990719,0,0,0,0,1,1,True,False,True,False,10000.0,True,1.0,1.0,0.0,0.027609136977143275,0.03132706763683445,0.041757030681616486,0.027426240837389936,0.6493194042143073,0.0884430793356076,0.09775029460843611,0.41455,262.26359248161316,1,True,False,0.0,2,0,1,True,True,1.0,10,10,1,True,True,1.0,10,10,1,PASS_DAMPED_HOLD_40MM,False,True,0.5244236841747486,4473.618658629828,1004473.6186586298,0.00255794302533406,0.0,1.0,0.4792777187802069,0.2603625663893569,0.06625270630919095,1000038.821566991,38.821566990986526,"[0.0312767068,0.0305915849,0.0308548001]",0.0312767068,0.030907697266666662,0.0308548001,0.02762561699999999,0.0312767068,0.042556893333333345,0.0,0.0,0.0,0.042556893333333345,0.042556893333333345,0.042556893333333345,5.144858629853737,1004473.6186586298,13,Stage2.2,/home/yangshen0711/tsc_all/tsc_rzip_rllib/stage2_2_runs/stage2_2_svd3_corner_feasibility_100ms_20260721_085327,2001,"[2.3911854335466187,1.204177336495726,0.471384395947247,1.2313401768972367,1.8197570748969636,0.1161763421788616,-0.37550065205519473,2.2641518817729636,-0.16986508593500527,-1.0433130457377542,-1.4208087584692328,0.20990607007822168,-0.5426494086987542,-0.2548030047699112,0.008210720846221473]",v_41a1b010debca502,
Stage2.2,3,s22g003_da0d6f5432ba0c69,76,bridge_d13_p12_c18_032,boundary_bridge,2.9516504630228666,46.59721098971111,"[2.4156833455235933,1.2134774513649513,0.47907036778035206,1.2375034306778723,1.8359842756719555,0.1123882894588817,-0.35333551401442875,2.1763281475451492,-0.26289578447288875,-1.0009904676177679,-1.3722733960342854,0.174257371173148,-0.5916491291860524,-0.16093130294685573,0.02773741947622705]",s22g003_da0d6f5432ba0c69,0.03133602310370243,0.025563735475795324,0.10063056722515765,0.04453410345674791,0.05083977570832432,,,,,True,,11,-0.02763382999999997,0.0307123064,728.7048000000032,0.04131433558556133,0.0307123064,1.377144519518711,0.5817437020072838,0.7819410457617871,0.023458231372853616,1,0.6280101555085302,0.0,-0.3441332378223096,0,0,0,0,1,1,True,False,True,False,10000.0,True,1.0,1.0,0.0,0.02773199707435981,0.03128602087394759,0.041807640017793225,0.0204784748448231,0.6494458866218471,0.08800183613147286,0.09854144490377828,0.41455,264.5438678264618,1,True,False,0.0,2,0,1,True,True,1.0,10,10,1,True,True,1.0,10,10,1,PASS_DAMPED_HOLD_40MM,False,True,0.5241932305424516,4481.6215451969765,1004481.621545197,0.0025142490278713464,0.0,1.0,0.4741019190448821,0.25465634148215877,0.06587501246949018,1000038.8048003901,38.80480039014219,"[0.0312789941,0.0305399124,0.0307123064]",0.0312789941,0.03084373763333333,0.0307123064,0.027726169999999994,0.0312789941,0.04263313666666657,0.0,0.0,0.0,0.04263313666666657,0.04263313666666657,0.04263313666666657,5.142195197069076,1004481.621545197,60,Stage2.2,/home/yangshen0711/tsc_all/tsc_rzip_rllib/stage2_2_runs/stage2_2_svd3_corner_feasibility_100ms_20260721_085327,2003,"[2.4156833455235933,1.2134774513649513,0.47907036778035206,1.2375034306778723,1.8359842756719555,0.1123882894588817,-0.35333551401442875,2.1763281475451492,-0.26289578447288875,-1.0009904676177679,-1.3722733960342854,0.174257371173148,-0.5916491291860524,-0.16093130294685573,0.02773741947622705]",v_da0d6f5432ba0c69,
Stage2.2,2,s22g002_7569ebf93e67ba7e,76,bridge_d13_p04_c10_020,boundary_bridge,2.9292163073885717,54.89939098144567,"[2.3911854335466187,1.204177336495726,0.471384395947247,1.2045159283653541,1.8294936487920672,0.11005291883027342,-0.33084409890980027,2.1911265557342716,-0.2045220310054512,-1.083339356349685,-1.3119045720060603,0.2423719283842639,-0.5834596909890196,0.025495101433885448,-0.010377749562985704]",s22g002_7569ebf93e67ba7e,0.03158279131206842,0.022388706352743953,0.0964191910852815,0.05275971040228056,0.05275971040228056,,,,,True,,11,-0.027059161000000054,0.030762095,716.2661000000007,0.040969558001190946,0.030762095,1.3656519333730315,0.5817437020072838,0.7819332053556993,0.02345799616067098,1,0.6279867362113741,0.0,-0.3441197603990719,0,0,0,0,1,1,True,False,True,False,10000.0,True,1.0,1.0,0.0,0.027429440354583282,0.03130316448656167,0.04162045536798435,0.023685147760407213,0.649322526270294,0.09002320347451537,0.09986413550889632,0.41445,266.9608266353607,1,True,False,0.0,2,0,1,True,True,1.0,10,10,1,True,True,1.0,10,10,1,PASS_DAMPED_HOLD_40MM,False,True,0.5281639469118559,4487.151122829993,1004487.15112283,0.0025414265252615433,0.0,1.0,0.4740171508997829,0.25638514446183486,0.05873880072545406,1000038.7535711727,38.75357117272088,"[0.0312805602,0.0305584485,0.030762095]",0.0312805602,0.03086703456666667,0.030762095,0.027535584000000002,0.0312805602,0.042685340000000016,0.0,0.0,0.0,0.042685340000000016,0.042685340000000016,0.042685340000000016,5.190422830089023,1004487.15112283,50,Stage2.2,/home/yangshen0711/tsc_all/tsc_rzip_rllib/stage2_2_runs/stage2_2_svd3_corner_feasibility_100ms_20260721_085327,2002,"[2.3911854335466187,1.204177336495726,0.471384395947247,1.2045159283653541,1.8294936487920672,0.11005291883027342,-0.33084409890980027,2.1911265557342716,-0.2045220310054512,-1.083339356349685,-1.3119045720060603,0.2423719283842639,-0.5834596909890196,0.025495101433885448,-0.010377749562985704]",v_7569ebf93e67ba7e,
Stage2.2,2,s22g002_3d82e87c07773f3a,67,bridge_d06_p01_c05_021,boundary_bridge,2.9524405043694846,45.33659166287537,"[2.4156833455235933,1.2134774513649513,0.47907036778035206,1.2475954094843074,1.8566898417052116,0.10950059313525225,-0.34757168838089453,2.0944889988562228,-0.27379056261670665,-0.9436419178488031,-1.3668903079627088,0.1798669119212038,-0.5187850032191539,0.014611321340282923,0.07403694778522547]",s22g002_3d82e87c07773f3a,0.031286405966434123,0.031163130917979176,0.10177915105362145,0.04288019888113759,0.060671709417352115,,,,,True,,11,-0.027806722000000006,0.0305713484,724.4169000000002,0.04132579256807384,0.0305713484,1.3775264189357945,0.5817437020072838,0.7819410457617871,0.023458231372853616,1,0.6280101555085302,0.0,-0.3441332378223096,0,0,0,0,1,1,True,False,True,False,10000.0,True,1.0,1.0,0.0,0.027832332434197887,0.031245715317596075,0.041844156753792536,0.01676102353736467,0.6494946052854963,0.08778019581123964,0.09893422972962962,0.41450000000000004,247.55206203460693,1,True,False,0.0,2,0,1,True,True,1.0,10,10,1,True,True,1.0,10,10,1,PASS_DAMPED_HOLD_40MM,False,True,0.52406128336819,4491.014622246032,1004491.014622246,0.0024708507869532423,0.0,1.0,0.46767967765231916,0.25510378801769495,0.05553775946245316,1000038.8022066099,38.80220660991273,"[0.0312816797,0.0305015574,0.0305713484]",0.0312816797,0.030784861833333333,0.0305713484,0.027806722000000006,0.0312816797,0.04272265666666675,0.0,0.0,0.0,0.04272265666666675,0.04272265666666675,0.04272265666666675,5.13567224600836,1004491.014622246,52,Stage2.2,/home/yangshen0711/tsc_all/tsc_rzip_rllib/stage2_2_runs/stage2_2_svd3_corner_feasibility_100ms_20260721_085327,2002,"[2.4156833455235933,1.2134774513649513,0.47907036778035206,1.2475954094843074,1.8566898417052116,0.10950059313525225,-0.34757168838089453,2.0944889988562228,-0.27379056261670665,-0.9436419178488031,-1.3668903079627088,0.1798669119212038,-0.5187850032191539,0.014611321340282923,0.07403694778522547]",v_3d82e87c07773f3a,
Stage2.2,1,s22g001_381cc4c1fb093bc2,38,corner_local_0020,corner_local,2.9425189192994456,46.76906911691932,"[2.4156833455235933,1.2134774513649513,0.47907036778035206,1.2498078611033498,1.856359172881685,0.0984126663248569,-0.33272266485685964,2.1544954035221413,-0.27187038940020275,-0.9762734075623282,-1.3247208499652159,0.17653074172450903,-0.5524302443921469,-0.09717901479571954,0.07544684427155904]",s22g001_381cc4c1fb093bc2,0.03126286179488655,0.03265846550627691,0.10433229117319336,0.04332291173193359,0.0854183048948185,,,,,True,,11,-0.027648450000000047,0.0305791251,718.7295000000013,0.04122523110043111,0.0305791251,1.3741743700143705,0.5817437020072838,0.7819410457617871,0.023458231372853616,1,0.6280101555085302,0.0,-0.3441332378223096,0,0,0,0,1,1,True,False,True,False,10000.0,True,1.0,1.0,0.0,0.02775772506209272,0.031249692567125936,0.041797542824460576,0.012235792969633263,0.6495056426623746,0.08757096322392008,0.09974941450099117,0.41455,282.11932706832886,1,True,False,0.0,2,0,1,True,True,1.0,10,10,1,True,True,1.0,10,10,1,PASS_DAMPED_HOLD_40MM,False,True,0.525219424395338,4496.538462245255,1004496.5384622453,0.0024894417109842812,0.0,1.0,0.4694027724131288,0.2516070103589912,0.06445570705949014,1000038.7761606318,38.77616063178822,"[0.0312832521,0.0304962167,0.0305791251]",0.0312832521,0.030786197966666668,0.0305791251,0.02776039500000005,0.0312832521,0.042775070000000026,0.0,0.0,0.0,0.042775070000000026,0.042775070000000026,0.042775070000000026,5.15611224532411,1004496.5384622453,17,Stage2.2,/home/yangshen0711/tsc_all/tsc_rzip_rllib/stage2_2_runs/stage2_2_svd3_corner_feasibility_100ms_20260721_085327,2001,"[2.4156833455235933,1.2134774513649513,0.47907036778035206,1.2498078611033498,1.856359172881685,0.0984126663248569,-0.33272266485685964,2.1544954035221413,-0.27187038940020275,-0.9762734075623282,-1.3247208499652159,0.17653074172450903,-0.5524302443921469,-0.09717901479571954,0.07544684427155904]",v_381cc4c1fb093bc2,
Stage2.2,3,s22g003_e5a8ea7af4fc6aa3,20,probe_c1_h01_m,multi_center_probes,2.9495980184392288,51.16320087195781,"[2.3911854335466187,1.204177336495726,0.471384395947247,1.2182181768972367,1.8652790748969637,0.11034434217886159,-0.28698565205519466,2.175636881772964,-0.15893008593500527,-1.1571180457377541,-1.3880037584692329,0.19678407007822168,-0.5908444086987542,-0.2876080047699112,-0.011067279153778526]",s22g003_e5a8ea7af4fc6aa3,0.031467199063221866,0.023775844273968977,0.10067701008353862,0.04890663544072882,0.055676736276115024,,,,,True,,11,-0.027268818000000028,0.0309627288,685.9752000000008,0.04125868405389919,0.0309627288,1.3752894684633061,0.5817437020072838,0.7819332053556993,0.02345799616067098,1,0.6279867362113741,0.0,-0.3441197603990719,0,0,0,0,1,1,True,False,True,False,10000.0,True,1.0,1.0,0.0,0.0275057624084654,0.031367982023877646,0.04171950697121503,0.0346204091550418,0.6493113093527376,0.09093682533690252,0.09926877353688715,0.4144,274.834534406662,1,True,False,0.0,2,0,1,True,True,1.0,10,10,1,True,True,1.0,10,10,1,PASS_DAMPED_HOLD_40MM,False,True,0.5248341551784218,4498.42787594744,1004498.4278759474,0.0026611619447902313,0.0,1.0,0.48237356581202323,0.2586710788683538,0.05059657818364297,1000038.9548606045,38.954860604481446,"[0.0312837747,0.0306165913,0.0309627288]",0.0312837747,0.03095436493333333,0.0309627288,0.027555796999999993,0.0312837747,0.04279249000000007,0.0,0.0,0.0,0.04279249000000007,0.04279249000000007,0.04279249000000007,5.2164259474731445,1004498.4278759474,61,Stage2.2,/home/yangshen0711/tsc_all/tsc_rzip_rllib/stage2_2_runs/stage2_2_svd3_corner_feasibility_100ms_20260721_085327,2003,"[2.3911854335466187,1.204177336495726,0.471384395947247,1.2182181768972367,1.8652790748969637,0.11034434217886159,-0.28698565205519466,2.175636881772964,-0.15893008593500527,-1.1571180457377541,-1.3880037584692329,0.19678407007822168,-0.5908444086987542,-0.2876080047699112,-0.011067279153778526]",v_e5a8ea7af4fc6aa3,
Stage2.2,2,s22g002_abe5cd259581f312,12,probe_c0_h08_m,multi_center_probes,2.9561256609663453,56.19710736274788,"[2.3911854335466187,1.204177336495726,0.471384395947247,1.2167601768972367,1.8051770748969636,0.0952963421788616,-0.34085065205519466,2.2358018817729635,-0.18201508593500526,-1.1607630457377542,-1.376258758469233,0.2244860700782217,-0.5061994086987542,-0.1373530047699112,-0.009609279153778526]",s22g002_abe5cd259581f312,0.0316202176761386,0.01857381141603248,0.09491959206350457,0.05400725587128674,0.05400725587128674,,,,,True,,11,-0.027220487000000015,0.0309865146,697.1851999999999,0.04124462388691626,0.0309865146,1.374820796230542,0.5817437020072838,0.7819332053556993,0.02345799616067098,1,0.6279867362113741,0.0,-0.3441197603990719,0,0,0,0,1,1,True,False,True,False,10000.0,True,1.0,1.0,0.0,0.02752300902428066,0.03137412266637944,0.04173549567018054,0.034872534685521185,0.6493228804178092,0.09007480815111188,0.09822351219528146,0.4146,269.67101097106934,1,True,False,0.0,2,0,1,True,True,1.0,10,10,1,True,True,1.0,10,10,1,PASS_DAMPED_HOLD_40MM,False,True,0.5249960825708236,4499.46223012323,1004499.4622301232,0.0026497289833600753,0.0,1.0,0.47894084789241054,0.26086323001084794,0.06258749469346812,1000038.9222259562,38.92222595622406,"[0.0312840775,0.0306424623,0.0309865146]",0.0312840775,0.030971018133333333,0.0309865146,0.027600771999999996,0.0312840775,0.04280258333333342,0.0,0.0,0.0,0.04280258333333342,0.04280258333333342,0.04280258333333342,5.190980123211306,1004499.4622301232,54,Stage2.2,/home/yangshen0711/tsc_all/tsc_rzip_rllib/stage2_2_runs/stage2_2_svd3_corner_feasibility_100ms_20260721_085327,2002,"[2.3911854335466187,1.204177336495726,0.471384395947247,1.2167601768972367,1.8051770748969636,0.0952963421788616,-0.34085065205519466,2.2358018817729635,-0.18201508593500526,-1.1607630457377542,-1.376258758469233,0.2244860700782217,-0.5061994086987542,-0.1373530047699112,-0.009609279153778526]",v_abe5cd259581f312,
Stage2.2,2,s22g002_76aa5dbac370d9af,77,bridge_d01_p18_c22_032,boundary_bridge,2.9597995458839508,46.51665613073759,"[2.415683345523593,1.2134774513649513,0.47907036778035206,1.2296261245071467,1.84286368906309,0.10993258251563484,-0.33612346490922745,2.113552455729595,-0.2718584625389854,-0.9459578374436113,-1.4070321550473708,0.18949755567530988,-0.5824001676836212,-0.11577359608208485,0.0262444260455428]",s22g002_76aa5dbac370d9af,0.03133649970503644,0.029163625877913914,0.1003876709017052,0.044549990167881415,0.048426699184933364,,,,,True,,11,-0.027906207999999988,0.0306271418,724.0574000000015,0.04143402297359708,0.0306271418,1.3811340991199026,0.5817437020072838,0.7819410457617871,0.023458231372853616,1,0.6280101555085302,0.0,-0.3441332378223096,0,0,0,0,1,1,True,False,True,False,10000.0,True,1.0,1.0,0.0,0.027866351924769266,0.031264437013144505,0.04188076636528959,0.024356107458035098,0.6494459826614913,0.08919570693694143,0.09890121202736994,0.41450000000000004,280.01499128341675,1,True,False,0.0,2,0,1,True,True,1.0,10,10,1,True,True,1.0,10,10,1,PASS_DAMPED_HOLD_40MM,False,True,0.5228148211201782,4502.918808807153,1004502.9188088072,0.002499619720977915,0.0,1.0,0.47167246075749475,0.255830647836989,0.05738871336358245,1000038.8996942732,38.899694273223055,"[0.0312850754,0.0305161142,0.0306271418]",0.0312850754,0.030809443800000003,0.0306271418,0.027906207999999988,0.0312850754,0.04283584666666673,0.0,0.0,0.0,0.04283584666666673,0.04283584666666673,0.04283584666666673,5.154908807110893,1004502.9188088072,56,Stage2.2,/home/yangshen0711/tsc_all/tsc_rzip_rllib/stage2_2_runs/stage2_2_svd3_corner_feasibility_100ms_20260721_085327,2002,"[2.415683345523593,1.2134774513649513,0.47907036778035206,1.2296261245071467,1.84286368906309,0.10993258251563484,-0.33612346490922745,2.113552455729595,-0.2718584625389854,-0.9459578374436113,-1.4070321550473708,0.18949755567530988,-0.5824001676836212,-0.11577359608208485,0.0262444260455428]",v_76aa5dbac370d9af,
Stage2.2,2,s22g002_404fc1c15099f20e,23,probe_c1_h14_p,multi_center_probes,2.9529286173509823,51.46951246752877,"[2.3911854335466187,1.204177336495726,0.471384395947247,1.2459201768972368,1.8667370748969636,0.1096963421788616,-0.34085065205519466,2.1728018817729637,-0.18201508593500526,-1.087863045737754,-1.3843587584692327,0.19532607007822167,-0.6600994086987542,-0.21835300476991118,-0.009609279153778526]",s22g002_404fc1c15099f20e,0.031479976787980174,0.027418990217346957,0.10033530299510614,0.04933255959933924,0.05268558955040059,,,,,True,,11,-0.02733096300000004,0.0309125375,705.3235000000022,0.041262168062236836,0.0309125375,1.3754056020745613,0.5817437020072838,0.7819332053556993,0.02345799616067098,1,0.6279867362113741,0.0,-0.3441197603990719,0,0,0,0,1,1,True,False,True,False,10000.0,True,1.0,1.0,0.0,0.027549710077521362,0.031351442546483206,0.04173606923394822,0.030538360130917843,0.6493157026910822,0.08950206912318853,0.09834189002632293,0.41445,276.0579903125763,1,True,False,0.0,2,0,1,True,True,1.0,10,10,1,True,True,1.0,10,10,1,PASS_DAMPED_HOLD_40MM,False,True,0.5247940307342451,4504.333893249626,1004504.3338932496,0.0026200180504857883,0.0,1.0,0.4805406498944761,0.2574688375344428,0.054292153695232076,1000038.8692645356,38.86926453561648,"[0.0312854744,0.0306076141,0.0309125375]",0.0312854744,0.03093520866666667,0.0309125375,0.02759133199999997,0.0312854744,0.042849146666666726,0.0,0.0,0.0,0.042849146666666726,0.042849146666666726,0.042849146666666726,5.173493249541236,1004504.3338932496,57,Stage2.2,/home/yangshen0711/tsc_all/tsc_rzip_rllib/stage2_2_runs/stage2_2_svd3_corner_feasibility_100ms_20260721_085327,2002,"[2.3911854335466187,1.204177336495726,0.471384395947247,1.2459201768972368,1.8667370748969636,0.1096963421788616,-0.34085065205519466,2.1728018817729637,-0.18201508593500526,-1.087863045737754,-1.3843587584692327,0.19532607007822167,-0.6600994086987542,-0.21835300476991118,-0.009609279153778526]",v_404fc1c15099f20e,
Stage2.2,3,s22g003_9e88dafd78f51b73,26,probe_c1_h04_m,multi_center_probes,2.95047530189022,53.205828057365984,"[2.3911854335466187,1.204177336495726,0.471384395947247,1.2182181768972367,1.8390350748969635,0.11034434217886159,-0.3380156520551947,2.226666881772964,-0.15893008593500527,-1.0915080457377542,-1.3880037584692329,0.19678407007822168,-0.6564544086987542,-0.2876080047699112,-0.03731127915377853]",s22g003_9e88dafd78f51b73,0.03153393240301001,0.02330882727308254,0.09873166004039503,0.05113108010033374,0.05113108010033374,,,,,True,,11,-0.027235094000000015,0.0309090072,700.3384000000005,0.04119608077570595,0.0309090072,1.3732026925235314,0.5817437020072838,0.7819332053556993,0.02345799616067098,1,0.6279867362113741,0.0,-0.3441197603990719,0,0,0,0,1,1,True,False,True,False,10000.0,True,1.0,1.0,0.0,0.027493038503652412,0.03135091241929456,0.04169828384580823,0.030575745517532324,0.6493225113731855,0.0901479245487709,0.09895868956762183,0.41445,249.49613785743713,1,True,False,0.0,2,0,1,True,True,1.0,10,10,1,True,True,1.0,10,10,1,PASS_DAMPED_HOLD_40MM,False,True,0.5255551413236036,4506.707872862928,1004506.7078728629,0.002624004469197496,0.0,1.0,0.48218366406401636,0.2578663173969417,0.05853966823541782,1000038.8692492925,38.86924929257074,"[0.0312861472,0.0306032845,0.0309090072]",0.0312861472,0.030932812966666667,0.0309090072,0.027548719,0.0312861472,0.04287157333333358,0.0,0.0,0.0,0.04287157333333358,0.04287157333333358,0.04287157333333358,5.192672862867936,1004506.7078728629,62,Stage2.2,/home/yangshen0711/tsc_all/tsc_rzip_rllib/stage2_2_runs/stage2_2_svd3_corner_feasibility_100ms_20260721_085327,2003,"[2.3911854335466187,1.204177336495726,0.471384395947247,1.2182181768972367,1.8390350748969635,0.11034434217886159,-0.3380156520551947,2.226666881772964,-0.15893008593500527,-1.0915080457377542,-1.3880037584692329,0.19678407007822168,-0.6564544086987542,-0.2876080047699112,-0.03731127915377853]",v_9e88dafd78f51b73,
Stage2.2,3,s22g003_42eb09af54d13c16,51,corner_local_0032,corner_local,2.952597716922801,51.601893008561845,"[2.3911854335466187,1.204177336495726,0.471384395947247,1.2563415434810952,1.8569589007863008,0.11021566188856004,-0.3825686309351075,2.233814606397556,-0.22861898945879836,-1.0499862039743852,-1.3807419663557459,0.19362437198382207,-0.517998841770435,-0.12187247292877822,0.0028321496686839233]",s22g003_42eb09af54d13c16,0.031487664433597864,0.02314598621546852,0.09791686647929955,0.04958881445326213,0.04958881445326213,,,,,True,,11,-0.027318944999999983,0.0308248643,720.6348000000035,0.041188554417780174,0.0308248643,1.3729518139260057,0.5817437020072838,0.7819332053556993,0.02345799616067098,1,0.6279867362113741,0.0,-0.3441197603990719,0,0,0,0,1,1,True,False,True,False,10000.0,True,1.0,1.0,0.0,0.027546450425679086,0.03132608181203094,0.04171486944422158,0.023210544524900515,0.649324224051886,0.08787386921467746,0.09786888530752637,0.41450000000000004,258.238361120224,1,True,False,0.0,2,0,1,True,True,1.0,10,10,1,True,True,1.0,10,10,1,PASS_DAMPED_HOLD_40MM,False,True,0.5256418204871357,4512.530125411926,1004512.5301254119,0.002570060215617751,0.0,1.0,0.47514484309493565,0.25839136727854567,0.07062352333644352,1000038.7506009666,38.75060096666161,"[0.0312878261,0.0305931175,0.0308248643]",0.0312878261,0.03090193596666667,0.0308248643,0.027589635999999973,0.0312878261,0.0429275366666666,0.0,0.0,0.0,0.0429275366666666,0.0429275366666666,0.0429275366666666,5.138775411949158,1004512.5301254119,64,Stage2.2,/home/yangshen0711/tsc_all/tsc_rzip_rllib/stage2_2_runs/stage2_2_svd3_corner_feasibility_100ms_20260721_085327,2003,"[2.3911854335466187,1.204177336495726,0.471384395947247,1.2563415434810952,1.8569589007863008,0.11021566188856004,-0.3825686309351075,2.233814606397556,-0.22861898945879836,-1.0499862039743852,-1.3807419663557459,0.19362437198382207,-0.517998841770435,-0.12187247292877822,0.0028321496686839233]",v_42eb09af54d13c16,
Stage2.2,2,s22g002_e8ff98f95470a160,18,probe_c0_h11_m,multi_center_probes,2.9458797552616836,54.23892158894525,"[2.3911854335466187,1.204177336495726,0.471384395947247,1.2167601768972367,1.8343370748969636,0.1082563421788616,-0.34085065205519466,2.2358018817729635,-0.15771508593500527,-1.087863045737754,-1.376258758469233,0.2244860700782217,-0.5790994086987542,-0.2102530047699112,-0.009609279153778526]",s22g002_e8ff98f95470a160,0.03156373450359786,0.023150815081012976,0.09830681341068566,0.05212448345326215,0.05212448345326215,,,,,True,,11,-0.02719751199999998,0.030862606,675.4896000000008,0.04113642070114242,0.030862606,1.371214023371414,0.5817437020072838,0.7819332053556993,0.02345799616067098,1,0.6279867362113741,0.0,-0.3441197603990719,0,0,0,0,1,1,True,False,True,False,10000.0,True,1.0,1.0,0.0,0.027480817128129154,0.03134092242953051,0.041682714987912255,0.026830939950356066,0.6493224368876472,0.08961962438846721,0.09900547209592794,0.41445,269.14351654052734,1,True,False,0.0,2,0,1,True,True,1.0,10,10,1,True,True,1.0,10,10,1,PASS_DAMPED_HOLD_40MM,False,True,0.5262422313358556,4526.398234127206,1004526.3982341272,0.002612864148720353,0.0,1.0,0.4790889889319244,0.25860875440358455,0.05977778960701257,1000038.8107445656,38.81074456561081,"[0.0312917762,0.0305958874,0.030862606]",0.0312917762,0.030916756533333336,0.030862606,0.027547145999999967,0.0312917762,0.04305920666666685,0.0,0.0,0.0,0.04305920666666685,0.04305920666666685,0.04305920666666685,5.181534127178823,1004526.3982341272,59,Stage2.2,/home/yangshen0711/tsc_all/tsc_rzip_rllib/stage2_2_runs/stage2_2_svd3_corner_feasibility_100ms_20260721_085327,2002,"[2.3911854335466187,1.204177336495726,0.471384395947247,1.2167601768972367,1.8343370748969636,0.1082563421788616,-0.34085065205519466,2.2358018817729635,-0.15771508593500527,-1.087863045737754,-1.376258758469233,0.2244860700782217,-0.5790994086987542,-0.2102530047699112,-0.009609279153778526]",v_e8ff98f95470a160,
Stage2.2,1,s22g001_864d6549f8e1cf39,43,corner_local_0076,corner_local,2.949822235209978,47.16269664921042,"[2.4156833455235933,1.2134774513649513,0.47907036778035206,1.2382744918900657,1.8310676032703788,0.10309538143594564,-0.3854294151531512,2.1186594858114516,-0.2793939230138057,-0.8478686468376404,-1.3447190731871195,0.1564640202271711,-0.47086988099096605,-0.06266076634457382,0.09152854827940989]",s22g001_864d6549f8e1cf39,0.03135748110267789,0.033789493613708796,0.10018463383506229,0.045249370089262886,0.04709570843988575,,,,,True,,11,-0.02784188300000001,0.0304269192,719.2429000000011,0.04124279162458597,0.0304269192,1.3747597208195321,0.5817437020072838,0.7819410457617871,0.023458231372853616,1,0.6280101555085302,0.0,-0.3441332378223096,0,0,0,0,1,1,True,False,True,False,10000.0,True,1.0,1.0,0.0,0.02784427606984948,0.031207742424776537,0.041823759958965784,0.019040485729651925,0.6494480833769104,0.08928821681733803,0.09973120801541306,0.4146,278.39069962501526,1,True,False,0.0,2,0,1,True,True,1.0,10,10,1,True,True,1.0,10,10,1,PASS_DAMPED_HOLD_40MM,False,True,0.5250171842733639,4529.532002664288,1004529.5320026643,0.002447486390219273,0.0,1.0,0.4640991616720616,0.25180161391238626,0.05975413908312845,1000038.8263423933,38.82634239328441,"[0.0312926786,0.0304654089,0.0304269192]",0.0312926786,0.030728335566666667,0.0304269192,0.02784188300000001,0.0312926786,0.04308928666666656,0.0,0.0,0.0,0.04308928666666656,0.04308928666666656,0.04308928666666656,5.156902664299685,1004529.5320026643,19,Stage2.2,/home/yangshen0711/tsc_all/tsc_rzip_rllib/stage2_2_runs/stage2_2_svd3_corner_feasibility_100ms_20260721_085327,2001,"[2.4156833455235933,1.2134774513649513,0.47907036778035206,1.2382744918900657,1.8310676032703788,0.10309538143594564,-0.3854294151531512,2.1186594858114516,-0.2793939230138057,-0.8478686468376404,-1.3447190731871195,0.1564640202271711,-0.47086988099096605,-0.06266076634457382,0.09152854827940989]",v_864d6549f8e1cf39,
Stage2.2,3,s22g003_6776d7aca52a6430,70,bridge_d17_p01_c14_018,boundary_bridge,2.9449403555027938,46.207174679022124,"[2.4156833455235933,1.2134774513649513,0.47907036778035206,1.2207468502025784,1.8463258347216076,0.10163590281681043,-0.3097114219671976,2.126273197074563,-0.2875677339032016,-0.9889296193196296,-1.3285053911664018,0.17470280065923363,-0.5369170703742644,-0.09737799836072678,0.04308378535956058]",s22g003_6776d7aca52a6430,0.03131369938751162,0.0267755751555161,0.101590366270994,0.04378997958372066,0.0596936422936607,,,,,True,,11,-0.02764760200000005,0.0306025583,741.0796000000009,0.041242047364980626,0.0306025583,1.3747349121660208,0.5817437020072838,0.7819410457617871,0.023458231372853616,1,0.6280101555085302,0.0,-0.3441332378223096,0,0,0,0,1,1,True,False,True,False,10000.0,True,1.0,1.0,0.0,0.02773918954845094,0.03126376769187763,0.041795763028046044,0.013896126427988587,0.6495012450988533,0.08769182413691086,0.09951061982387745,0.41450000000000004,272.17990589141846,1,True,False,0.0,2,0,1,True,True,1.0,10,10,1,True,True,1.0,10,10,1,PASS_DAMPED_HOLD_40MM,False,True,0.5250257557232839,4530.661580756772,1004530.6615807568,0.002521906435212673,0.0,1.0,0.4689131434521132,0.25138471302903914,0.06132751783317812,1000038.7795714397,38.77957143973001,"[0.0312930023,0.0305101128,0.0306025583]",0.0312930023,0.030801891133333332,0.0306025583,0.02773387500000002,0.0312930023,0.04310007666666671,0.0,0.0,0.0,0.04310007666666671,0.04310007666666671,0.04310007666666671,5.153530756876868,1004530.6615807568,65,Stage2.2,/home/yangshen0711/tsc_all/tsc_rzip_rllib/stage2_2_runs/stage2_2_svd3_corner_feasibility_100ms_20260721_085327,2003,"[2.4156833455235933,1.2134774513649513,0.47907036778035206,1.2207468502025784,1.8463258347216076,0.10163590281681043,-0.3097114219671976,2.126273197074563,-0.2875677339032016,-0.9889296193196296,-1.3285053911664018,0.17470280065923363,-0.5369170703742644,-0.09737799836072678,0.04308378535956058]",v_6776d7aca52a6430,
Stage2.2,3,s22g003_b7a67ed92b69109b,85,trust_mix_0036,trust_mix,2.955079919771403,46.6638249395323,"[2.4156833455235933,1.2134774513649513,0.47907036778035206,1.2135130531852059,1.8277314949773988,0.11114151502332208,-0.3269228419579093,2.1313374211816507,-0.3041428412697222,-0.9580659795035387,-1.3744828304900005,0.17078790663574722,-0.6082693953138535,0.008447721846381824,0.10713702310554041]",s22g003_b7a67ed92b69109b,0.03134521944635581,0.0251451210689034,0.09865542542221523,0.04484064821186018,0.04484064821186018,,,,,True,,11,-0.027785861999999995,0.0306202832,725.482,0.04134798508187849,0.0306202832,1.3782661693959497,0.5817437020072838,0.7819410457617871,0.023458231372853616,1,0.6280101555085302,0.0,-0.3441332378223096,0,0,0,0,1,1,True,False,True,False,10000.0,True,1.0,1.0,0.0,0.02781470617020685,0.0312680735847237,0.04184913744672211,0.018034654318398093,0.6494457294059137,0.087859652075698,0.09875930019322557,0.41450000000000004,268.05223393440247,1,True,False,0.0,2,0,1,True,True,1.0,10,10,1,True,True,1.0,10,10,1,PASS_DAMPED_HOLD_40MM,False,True,0.5238056977911774,4532.164137245854,1004532.1641372459,0.002517645777439994,0.0,1.0,0.46985313613940644,0.25473796601027626,0.06425968813792177,1000038.8159515251,38.81595152510858,"[0.0312934355,0.0305193161,0.0306202832]",0.0312934355,0.030811011600000004,0.0306202832,0.027785861999999995,0.0312934355,0.04311451666666666,0.0,0.0,0.0,0.04311451666666666,0.04311451666666666,0.04311451666666666,5.139887245973996,1004532.1641372459,66,Stage2.2,/home/yangshen0711/tsc_all/tsc_rzip_rllib/stage2_2_runs/stage2_2_svd3_corner_feasibility_100ms_20260721_085327,2003,"[2.4156833455235933,1.2134774513649513,0.47907036778035206,1.2135130531852059,1.8277314949773988,0.11114151502332208,-0.3269228419579093,2.1313374211816507,-0.3041428412697222,-0.9580659795035387,-1.3744828304900005,0.17078790663574722,-0.6082693953138535,0.008447721846381824,0.10713702310554041]",v_b7a67ed92b69109b,
Stage2.2,0,s22g000_5e57ae5fdeac374a,22,probe_c1_h06_m,multi_center_probes,2.95247209177793,54.816764771250156,"[2.3911854335466187,1.204177336495726,0.471384395947247,1.1791401768972367,1.8359570748969636,0.1089763421788616,-0.27400065205519464,2.302651881772964,-0.15636508593500525,-1.0838130457377542,-1.4703087584692327,0.1901060700782217,-0.5831494086987542,-0.2143030047699112,0.02801072084622147]",s22g000_5e57ae5fdeac374a,0.03157655940829497,0.025647448276083958,0.1003329514069333,0.0525519802764991,0.055881494345831895,,,,,True,,11,-0.027332412000000028,0.0308457244,671.9545000000035,0.04121309815457339,0.0308457244,1.3737699384857798,0.5817437020072838,0.7819332053556993,0.02345799616067098,1,0.6279867362113741,0.0,-0.3441197603990719,0,0,0,0,1,1,True,False,True,False,10000.0,True,1.0,1.0,0.0,0.027494808358188745,0.031351100987303517,0.04169959256119452,0.02651632231634841,0.64931078720255,0.08972918807415191,0.09930421948994132,0.41435,256.65545558929443,1,True,False,0.0,2,0,1,True,True,1.0,10,10,1,True,True,1.0,10,10,1,PASS_DAMPED_HOLD_40MM,False,True,0.5253591564687392,4595.346431274433,1004595.3464312744,0.0026737917956707277,0.0,1.0,0.4812938453580693,0.2640575431878279,0.06996277015004229,1000038.8471917118,38.84719171174057,"[0.031311472,0.0305934782,0.0308457244]",0.031311472,0.030916891533333334,0.0308457244,0.027506198999999953,0.031311472,0.04371573333333334,0.0,0.0,0.0,0.04371573333333334,0.04371573333333334,0.04371573333333334,5.194431274371794,1004595.3464312744,6,Stage2.2,/home/yangshen0711/tsc_all/tsc_rzip_rllib/stage2_2_runs/stage2_2_svd3_corner_feasibility_100ms_20260721_085327,2000,"[2.3911854335466187,1.204177336495726,0.471384395947247,1.1791401768972367,1.8359570748969636,0.1089763421788616,-0.27400065205519464,2.302651881772964,-0.15636508593500525,-1.0838130457377542,-1.4703087584692327,0.1901060700782217,-0.5831494086987542,-0.2143030047699112,0.02801072084622147]",v_5e57ae5fdeac374a,
Stage2.2,1,s22g001_244bafe485570118,39,corner_local_0023,corner_local,2.948419050758158,46.84402370809462,"[2.4156833455235933,1.2134774513649513,0.47907036778035206,1.218498405595204,1.8567149646670127,0.09719995522745697,-0.3149994457115725,2.1578101768988924,-0.25512739700570997,-0.9488750330523418,-1.42641324112032,0.23601866355454976,-0.4340156340504522,0.08413748960746519,0.0715705767303558]",s22g001_244bafe485570118,0.03133963029235562,0.03138346574902228,0.10093505678981383,0.044654343078520675,0.05400491097665894,,,,,True,,11,-0.027743778000000052,0.0305603556,689.6714000000029,0.04127532619025243,0.0305603556,1.3758442063417478,0.5817437020072838,0.7819410457617871,0.023458231372853616,1,0.6280101555085302,0.0,-0.3441332378223096,0,0,0,0,1,1,True,False,True,False,10000.0,True,1.0,1.0,0.0,0.027752064977832756,0.03126636165838545,0.04180624931618247,0.017821751139882075,0.6494909066242455,0.08843966576999343,0.09936308617555505,0.41445,254.56297397613525,1,True,False,0.0,2,0,1,True,True,1.0,10,10,1,True,True,1.0,10,10,1,PASS_DAMPED_HOLD_40MM,False,True,0.5246424918968301,4604.07470608491,1004604.0747060849,0.002556966503284239,0.0,1.0,0.46826925844084083,0.2614621109994688,0.06184236123036391,1000038.8116572963,38.81165729625845,"[0.0313139766,0.0305186752,0.0305603556]",0.0313139766,0.030797669133333334,0.0305603556,0.027743778000000052,0.0313139766,0.04379922000000014,0.0,0.0,0.0,0.04379922000000014,0.04379922000000014,0.04379922000000014,5.1566060849232676,1004604.0747060849,28,Stage2.2,/home/yangshen0711/tsc_all/tsc_rzip_rllib/stage2_2_runs/stage2_2_svd3_corner_feasibility_100ms_20260721_085327,2001,"[2.4156833455235933,1.2134774513649513,0.47907036778035206,1.218498405595204,1.8567149646670127,0.09719995522745697,-0.3149994457115725,2.1578101768988924,-0.25512739700570997,-0.9488750330523418,-1.42641324112032,0.23601866355454976,-0.4340156340504522,0.08413748960746519,0.0715705767303558]",v_244bafe485570118,
Stage2.2,3,s22g003_2cb7d2b533a717ff,23,probe_c1_h02_p,multi_center_probes,2.972686285052587,51.57951108335564,"[2.3911854335466187,1.204177336495726,0.471384395947247,1.2444621768972368,1.8652790748969637,0.11034434217886159,-0.3380156520551947,2.226666881772964,-0.15893008593500527,-1.1571180457377541,-1.4536137584692328,0.22302807007822167,-0.5908444086987542,-0.2876080047699112,-0.03731127915377853]",s22g003_2cb7d2b533a717ff,0.031487013006360726,0.02225913244132863,0.09930781767917514,0.04956710021202415,0.04956710021202415,,,,,True,,11,-0.02738242099999999,0.0311196632,679.7934000000023,0.04145154300508818,0.0311196632,1.381718100169606,0.5817437020072838,0.7819332053556993,0.02345799616067098,1,0.6279867362113741,0.0,-0.3441197603990719,0,0,0,0,1,1,True,False,True,False,10000.0,True,1.0,1.0,0.0,0.027564772322292656,0.03143525784005813,0.04180899554702035,0.042192531477544856,0.6493157026910822,0.09019993514592732,0.09745777500730152,0.41445,269.43987703323364,1,True,False,0.0,2,0,1,True,True,1.0,10,10,1,True,True,1.0,10,10,1,PASS_DAMPED_HOLD_40MM,False,True,0.5226130473419865,4609.545951654902,1004609.5459516549,0.002804917745484609,0.0,1.0,0.48520030888658033,0.26361764996263115,0.05982587546981037,1000039.0822911242,39.08229112413638,"[0.0313155245,0.0307017488,0.0311196632]",0.0313155245,0.031045645499999996,0.0311196632,0.027589611999999986,0.0313155245,0.04385081666666668,0.0,0.0,0.0,0.04385081666666668,0.04385081666666668,0.04385081666666668,5.2102016548785715,1004609.5459516549,69,Stage2.2,/home/yangshen0711/tsc_all/tsc_rzip_rllib/stage2_2_runs/stage2_2_svd3_corner_feasibility_100ms_20260721_085327,2003,"[2.3911854335466187,1.204177336495726,0.471384395947247,1.2444621768972368,1.8652790748969637,0.11034434217886159,-0.3380156520551947,2.226666881772964,-0.15893008593500527,-1.1571180457377541,-1.4536137584692328,0.22302807007822167,-0.5908444086987542,-0.2876080047699112,-0.03731127915377853]",v_2cb7d2b533a717ff,
,3,s21g003_4338ac59779c4c9a,,damped_parent_03,damped_tail,,,,s21g003_4338ac59779c4c9a,,,,,,,,,,True,,11,-0.02729957999999999,0.0307784398,672.8808000000026,0.04114097014775689,0.0307784398,1.3713656715918965,0.5817437020072838,0.7819332053556993,0.02345799616067098,1,0.6279867362113741,0.0,-0.3441197603990719,0,0,0,0,1,1,True,False,True,False,10000.0,True,1.0,1.0,0.0,0.027473906557257694,0.03133309389370141,0.041672272729819236,0.02115822404751545,0.6493157177046192,0.08869873109991105,0.09912588778895529,0.4144,748.6405630111694,1,True,False,0.0,2,0,1,True,True,1.0,10,10,1,True,True,1.0,10,10,1,PASS_DAMPED_HOLD_40MM,False,True,0.5261898365081095,4613.994718906935,1004613.9947189069,0.0026448021683428114,0.0,1.0,0.4783643946278272,0.2599754307646949,0.06684632576843982,1000038.7623898109,38.762389810922926,"[0.0313168065,0.0305808141,0.0307784398]",0.0313168065,0.030892020133333337,0.0307784398,0.02749041299999999,0.0313168065,0.04389355000000017,0.0,0.0,0.0,0.04389355000000017,0.04389355000000017,0.04389355000000017,5.171968906827892,1004613.9947189069,,Stage2.1,/home/yangshen0711/tsc_all/tsc_rzip_rllib/stage2_1_runs/stage2_1_svd3_dual_archive_tail_cem_100ms_20260720_151221,1003,"[2.3911854335466187,1.204177336495726,0.471384395947247,1.1971401768972367,1.8539570748969636,0.1009763421788616,-0.30900065205519467,2.267651881772964,-0.17136508593500524,-1.0388130457377542,-1.4253087584692328,0.20810607007822168,-0.5381494086987542,-0.2593030047699112,0.010010720846221472]",v_4338ac59779c4c9a,stage2_1_evaluations/gen_003/s21g003_4338ac59779c4c9a.json.gz
Stage2.2,1,s22g001_5f8e932fef357dfb,87,trust_mix_0025,trust_mix,2.936814199047321,56.350287828368835,"[2.3911854335466187,1.204177336495726,0.471384395947247,1.1695172989777023,1.8351499953003325,0.10252110457569817,-0.2845567907358456,2.240937441432277,-0.18530998246767777,-1.0535112501721775,-1.3916988545478854,0.17863404639521724,-0.5126339565563931,-0.1392231152787347,0.0306588040616278]",s22g001_5f8e932fef357dfb,0.031624641914030145,0.02338222635066181,0.09727939347534553,0.0541547304676715,0.0541547304676715,,,,,True,,11,-0.027178794000000006,0.0307336637,696.2604000000028,0.04102736803304757,0.0307336637,1.3675789344349194,0.5817437020072838,0.7819332053556993,0.02345799616067098,1,0.6279867362113741,0.0,-0.3441197603990719,0,0,0,0,1,1,True,False,True,False,10000.0,True,1.0,1.0,0.0,0.027422426640238067,0.03132205396298331,0.04163004380611768,0.016570054759716808,0.6493117208702934,0.08851034273696627,0.09983956693135256,0.41435,281.2868642807007,1,True,False,0.0,2,0,1,True,True,1.0,10,10,1,True,True,1.0,10,10,1,PASS_DAMPED_HOLD_40MM,False,True,0.5274981633742513,4623.02974605991,1004623.0297460599,0.0026371638444871973,0.0,1.0,0.47491018222828635,0.2588293346675005,0.06353412622030782,1000038.7182583282,38.718258328202225,"[0.0313193853,0.0305682207,0.0307336637]",0.0313193853,0.030873756566666664,0.0307336637,0.027468948999999965,0.0313193853,0.04397951000000022,0.0,0.0,0.0,0.04397951000000022,0.04397951000000022,0.04397951000000022,5.181196059896153,1004623.0297460599,34,Stage2.2,/home/yangshen0711/tsc_all/tsc_rzip_rllib/stage2_2_runs/stage2_2_svd3_corner_feasibility_100ms_20260721_085327,2001,"[2.3911854335466187,1.204177336495726,0.471384395947247,1.1695172989777023,1.8351499953003325,0.10252110457569817,-0.2845567907358456,2.240937441432277,-0.18530998246767777,-1.0535112501721775,-1.3916988545478854,0.17863404639521724,-0.5126339565563931,-0.1392231152787347,0.0306588040616278]",v_5f8e932fef357dfb,
Stage2.2,2,s22g002_4dedadde8029267b,69,bridge_d15_p03_c21_034,boundary_bridge,2.9449683583158834,47.44901922905241,"[2.4156833455235933,1.2134774513649513,0.47907036778035206,1.2230168833379471,1.8604451163202258,0.1001880548140481,-0.3111637762861765,2.109283942365199,-0.288684649625298,-1.0054180419240877,-1.3033713891105145,0.17203659731286602,-0.5082207012361661,-0.12317307400158739,0.057089643159039694]",s22g002_4dedadde8029267b,0.0313480293747472,0.02835864597299099,0.10171971138558251,0.044934312491573314,0.06213142634739843,,,,,True,,11,-0.02756399899999995,0.0306487837,731.1987000000008,0.0412204073628753,0.0306487837,1.37401357876251,0.5817437020072838,0.7819410457617871,0.023458231372853616,1,0.6280101555085302,0.0,-0.3441332378223096,0,0,0,0,1,1,True,False,True,False,10000.0,True,1.0,1.0,0.0,0.02769352261784628,0.03129531839465413,0.041789091260853485,0.01259143205383626,0.6494940486409446,0.08693453177565084,0.09895837443513773,0.41445,267.58657455444336,1,True,False,0.0,2,0,1,True,True,1.0,10,10,1,True,True,1.0,10,10,1,PASS_DAMPED_HOLD_40MM,False,True,0.5252749781625863,4623.564944777521,1004623.5649447775,0.00259377713641935,0.0,1.0,0.4682610761483074,0.24972547031084616,0.05926785862159931,1000038.7494879348,38.74948793473161,"[0.0313195493,0.0305468845,0.0306487837]",0.0313195493,0.030838405833333332,0.0306487837,0.027704877000000017,0.0313195493,0.043984976666666675,0.0,0.0,0.0,0.043984976666666675,0.043984976666666675,0.043984976666666675,5.142394777667474,1004623.5649447775,62,Stage2.2,/home/yangshen0711/tsc_all/tsc_rzip_rllib/stage2_2_runs/stage2_2_svd3_corner_feasibility_100ms_20260721_085327,2002,"[2.4156833455235933,1.2134774513649513,0.47907036778035206,1.2230168833379471,1.8604451163202258,0.1001880548140481,-0.3111637762861765,2.109283942365199,-0.288684649625298,-1.0054180419240877,-1.3033713891105145,0.17203659731286602,-0.5082207012361661,-0.12317307400158739,0.057089643159039694]",v_4dedadde8029267b,
Stage2.2,1,s22g001_6fe7c866a2fb3415,44,corner_local_0022,corner_local,2.9322873953405617,47.238678855015266,"[2.4156833455235933,1.2134774513649513,0.47907036778035206,1.2251680114381625,1.8529983098531937,0.11244917874610161,-0.3477337065156145,2.121743085429835,-0.2817067503103764,-0.8996658070280042,-1.319141864925788,0.16921567605146223,-0.4809726456981666,0.025129934351733885,0.0890977157906169]",s22g001_6fe7c866a2fb3415,0.031345464206539005,0.03280195265248069,0.10141649205260742,0.04484880688463355,0.05901372741070765,,,,,True,,11,-0.02758624799999998,0.0304818561,725.6261000000013,0.041111368622542964,0.0304818561,1.3703789540847655,0.5817437020072838,0.7819410457617871,0.023458231372853616,1,0.6280101555085302,0.0,-0.3441332378223096,0,0,0,0,1,1,True,False,True,False,10000.0,True,1.0,1.0,0.0,0.027693172948287534,0.031244397868248126,0.04175073922810412,0.009458683347044734,0.649498308772312,0.087067409869784,0.0995920985026207,0.41445,279.1068580150604,1,True,False,0.0,2,0,1,True,True,1.0,10,10,1,True,True,1.0,10,10,1,PASS_DAMPED_HOLD_40MM,False,True,0.5265307497984584,4626.071416902589,1004626.0714169026,0.0025352890548757394,0.0,1.0,0.46443721044332936,0.2517785076903783,0.060277715120206694,1000038.7221724918,38.72217249182978,"[0.031320264,0.0304993447,0.0304818561]",0.031320264,0.030767154933333332,0.0304818561,0.02769051,0.031320264,0.04400880000000007,0.0,0.0,0.0,0.04400880000000007,0.04400880000000007,0.04400880000000007,5.14741690255184,1004626.0714169026,36,Stage2.2,/home/yangshen0711/tsc_all/tsc_rzip_rllib/stage2_2_runs/stage2_2_svd3_corner_feasibility_100ms_20260721_085327,2001,"[2.4156833455235933,1.2134774513649513,0.47907036778035206,1.2251680114381625,1.8529983098531937,0.11244917874610161,-0.3477337065156145,2.121743085429835,-0.2817067503103764,-0.8996658070280042,-1.319141864925788,0.16921567605146223,-0.4809726456981666,0.025129934351733885,0.0890977157906169]",v_6fe7c866a2fb3415,
Stage2.2,2,s22g002_5fcd097a4a3f78e7,29,probe_c2_h02_p,multi_center_probes,2.9766488940710887,47.82116833613351,"[2.4156833455235933,1.2134774513649513,0.47907036778035206,1.235073434942497,1.8161324869218463,0.10954045403562732,-0.3799098495828374,2.2515786487576324,-0.3105340226543265,-0.9168112129819165,-1.4504296074137586,0.21477891051340608,-0.5598062891487809,0.02007819409651051,0.03916530769184573]",s22g002_5fcd097a4a3f78e7,0.031378598130207484,0.025015030587584842,0.09701074995462287,0.04595327100691615,0.04595327100691615,,,,,True,,11,-0.027955748999999974,0.0306742226,728.9429000000018,0.04150219071645918,0.0306742226,1.383406357215306,0.5817437020072838,0.7819410457617871,0.023458231372853616,1,0.6280101555085302,0.0,-0.3441332378223096,0,0,0,0,1,1,True,False,True,False,10000.0,True,1.0,1.0,0.0,0.027907770112758988,0.031302397504498265,0.04193666322200924,0.024533850222877088,0.6494569811525,0.08800427994708143,0.09751429175344425,0.4146,275.8150064945221,1,True,False,0.0,2,0,1,True,True,1.0,10,10,1,True,True,1.0,10,10,1,PASS_DAMPED_HOLD_40MM,False,True,0.5220297504406496,4632.68883952708,1004632.6888395271,0.0025839755884654687,0.0,1.0,0.4703915926016986,0.2611260918681865,0.0849627181611784,1000038.8950273478,38.895027347829554,"[0.0313221591,0.0305679793,0.0306742226]",0.0313221591,0.030854786999999998,0.0306742226,0.027955748999999974,0.0313221591,0.04407196999999985,0.0,0.0,0.0,0.04407196999999985,0.04407196999999985,0.04407196999999985,5.131989527139278,1004632.6888395271,63,Stage2.2,/home/yangshen0711/tsc_all/tsc_rzip_rllib/stage2_2_runs/stage2_2_svd3_corner_feasibility_100ms_20260721_085327,2002,"[2.4156833455235933,1.2134774513649513,0.47907036778035206,1.235073434942497,1.8161324869218463,0.10954045403562732,-0.3799098495828374,2.2515786487576324,-0.3105340226543265,-0.9168112129819165,-1.4504296074137586,0.21477891051340608,-0.5598062891487809,0.02007819409651051,0.03916530769184573]",v_5fcd097a4a3f78e7,
Stage2.2,1,s22g001_04335121ab150103,34,probe_c2_h01_m,multi_center_probes,2.9370598424775425,48.35573544110098,"[2.4156833455235933,1.2134774513649513,0.47907036778035206,1.188093434942497,1.8339524869218462,0.10162045403562732,-0.28855984958283737,2.1602286487576325,-0.2956840226543265,-0.9613612129819165,-1.3329796074137585,0.1677989105134061,-0.515256289148781,-0.02447180590348949,0.08614530769184572]",s22g001_04335121ab150103,0.03139251268751829,0.027625626173866633,0.1001314791884385,0.04641708958394308,0.047731881468328075,,,,,True,,11,-0.027580798000000017,0.0305393736,728.0928000000022,0.041150379806232436,0.0305393736,1.3716793268744143,0.5817437020072838,0.7819410457617871,0.023458231372853616,1,0.6280101555085302,0.0,-0.3441332378223096,0,0,0,0,1,1,True,False,True,False,10000.0,True,1.0,1.0,0.0,0.027681622471111892,0.03126537446892893,0.04175878187059004,0.01011131376232248,0.6494938627399317,0.08736993132255445,0.09988408484001055,0.41445,260.8933205604553,1,True,False,0.0,2,0,1,True,True,1.0,10,10,1,True,True,1.0,10,10,1,PASS_DAMPED_HOLD_40MM,False,True,0.5260814678477524,4636.978313083178,1004636.9783130832,0.002576701869280832,0.0,1.0,0.46684306437730305,0.2521071001634573,0.06711559076694538,1000038.7516024448,38.7516024448216,"[0.0313233759,0.0305101236,0.0305393736]",0.0313233759,0.0307909577,0.0305393736,0.027677548999999968,0.0313233759,0.04411253000000004,0.0,0.0,0.0,0.04411253000000004,0.04411253000000004,0.04411253000000004,5.162663083026457,1004636.9783130832,37,Stage2.2,/home/yangshen0711/tsc_all/tsc_rzip_rllib/stage2_2_runs/stage2_2_svd3_corner_feasibility_100ms_20260721_085327,2001,"[2.4156833455235933,1.2134774513649513,0.47907036778035206,1.188093434942497,1.8339524869218462,0.10162045403562732,-0.28855984958283737,2.1602286487576325,-0.2956840226543265,-0.9613612129819165,-1.3329796074137585,0.1677989105134061,-0.515256289148781,-0.02447180590348949,0.08614530769184572]",v_04335121ab150103,
Stage2.2,1,s22g001_657306e5bc97b230,67,bridge_d18_p00_c09_025,boundary_bridge,2.954069329817508,47.196859170678266,"[2.409019822811895,1.198039450629735,0.48122664718631664,1.212471156980102,1.8414528201189087,0.10156081565573373,-0.31057364410818156,2.151473093246334,-0.3187090236207973,-0.9567180141799897,-1.3212149904449686,0.18479107798531844,-0.7264140130750177,0.13707256833737902,0.07707204273051949]",s22g001_657306e5bc97b230,0.031350755360446673,0.03143205567543235,0.100852831621405,0.045025178681555866,0.05355349489560579,,,,,True,,11,-0.027657790999999987,0.0305972884,761.3616000000002,0.041244968910552654,0.0305972884,1.374832297018422,0.5817437020072838,0.7819326651391102,0.023457979954173303,1,0.6279832306637085,0.0,-0.3441188317829352,0,0,0,0,1,1,True,False,True,False,10000.0,True,1.0,1.0,0.0,0.027787722888629934,0.031282521796794575,0.041842008953947414,0.008270407788743052,0.6496266959952888,0.08632308383750403,0.09924292792148938,0.41455,276.21430587768555,1,True,False,0.0,2,0,1,True,True,1.0,10,10,1,True,True,1.0,10,10,1,PASS_DAMPED_HOLD_40MM,False,True,0.5249921090207351,4643.056053771754,1004643.0560537718,0.0025919744076975284,0.0,1.0,0.4689226665487324,0.25276246179295003,0.0694934370012995,1000038.7695166055,38.76951660551281,"[0.031325117,0.0305273773,0.0305972884]",0.031325117,0.03081659423333333,0.0305972884,0.027799958000000013,0.031325117,0.044170566666666744,0.0,0.0,0.0,0.044170566666666744,0.044170566666666744,0.044170566666666744,5.146553771757946,1004643.0560537718,38,Stage2.2,/home/yangshen0711/tsc_all/tsc_rzip_rllib/stage2_2_runs/stage2_2_svd3_corner_feasibility_100ms_20260721_085327,2001,"[2.409019822811895,1.198039450629735,0.48122664718631664,1.212471156980102,1.8414528201189087,0.10156081565573373,-0.31057364410818156,2.151473093246334,-0.3187090236207973,-0.9567180141799897,-1.3212149904449686,0.18479107798531844,-0.7264140130750177,0.13707256833737902,0.07707204273051949]",v_657306e5bc97b230,
Stage2.2,3,s22g003_61d77857171a75a0,75,bridge_d05_p12_c08_038,boundary_bridge,2.9425526675314972,47.66177456857233,"[2.4156833455235933,1.2134774513649513,0.47907036778035206,1.2527078450285598,1.8395772722876715,0.11082690104004755,-0.38497552994922735,2.1607215935477466,-0.26027083805077506,-1.034355441124425,-1.2821192671711428,0.18963849576548164,-0.5640527626605151,-0.016528908208990337,0.0012776048526202]",s22g003_61d77857171a75a0,0.03136662291747694,0.026750978170719638,0.10064021975674083,0.04555409724923143,0.05195629481663966,,,,,True,,11,-0.02729602200000003,0.0308090328,755.161500000002,0.04116150287703258,0.0308090328,1.3720500959010862,0.5817437020072838,0.7819410457617871,0.023458231372853616,1,0.6280101555085302,0.0,-0.3441332378223096,0,0,0,0,1,1,True,False,True,False,10000.0,True,1.0,1.0,0.0,0.027601338851083693,0.03134560929313552,0.04176578897052282,0.020571326206941114,0.6494471440346299,0.08735947548699224,0.09761329327621042,0.41455,267.31932044029236,1,True,False,0.0,2,0,1,True,True,1.0,10,10,1,True,True,1.0,10,10,1,PASS_DAMPED_HOLD_40MM,False,True,0.5259533662503565,4645.382411242113,1004645.3824112421,0.0026415038421154515,0.0,1.0,0.4705945268846085,0.2519872545035443,0.06372217028425069,1000038.7351355369,38.735135536817175,"[0.0313257867,0.0306186033,0.0308090328]",0.0313257867,0.0309178076,0.0308090328,0.027684485999999953,0.0313257867,0.04419288999999993,0.0,0.0,0.0,0.04419288999999993,0.04419288999999993,0.04419288999999993,5.128961242182239,1004645.3824112421,71,Stage2.2,/home/yangshen0711/tsc_all/tsc_rzip_rllib/stage2_2_runs/stage2_2_svd3_corner_feasibility_100ms_20260721_085327,2003,"[2.4156833455235933,1.2134774513649513,0.47907036778035206,1.2527078450285598,1.8395772722876715,0.11082690104004755,-0.38497552994922735,2.1607215935477466,-0.26027083805077506,-1.034355441124425,-1.2821192671711428,0.18963849576548164,-0.5640527626605151,-0.016528908208990337,0.0012776048526202]",v_61d77857171a75a0,
Stage2.2,0,s22g000_f64f2cf5b829d048,69,bridge_d04_p10_c07_065,boundary_bridge,2.9443704221701763,51.56603301554214,"[2.413946689140234,1.2100260733143955,0.4613863721475013,1.2008201776469964,1.846781973172469,0.11605455237104942,-0.31156244231719965,2.1097360207190965,-0.3221320556092657,-0.9189714685828192,-1.2979327677544732,0.15367768502850337,-0.44355392023328066,-0.16306111004161278,0.017053837455532517]",s22g000_f64f2cf5b829d048,0.0314866323839804,0.03203497818958753,0.0992015544655708,0.04955441279934658,0.04955441279934658,,,,,True,,11,-0.027722535999999964,0.0304898729,760.0915000000023,0.04120887467196172,0.0304898729,1.3736291557320575,0.5817437020072838,0.7819341870162442,0.023458025610487324,1,0.6279889312000577,0.0,-0.3441214478441469,0,0,0,0,1,1,True,False,True,False,10000.0,True,1.0,1.0,0.0,0.027764196996530047,0.03125154622107492,0.04180322686193149,0.015266274457438866,0.6493927636898021,0.08834547850332958,0.09957603388243753,0.4146,263.239670753479,1,True,False,0.0,2,0,1,True,True,1.0,10,10,1,True,True,1.0,10,10,1,PASS_DAMPED_HOLD_40MM,False,True,0.5254077972513836,4651.915435142,1004651.915435142,0.0025572385644247768,0.0,1.0,0.463711558610194,0.24704283570216112,0.0634833640392745,1000038.7900722367,38.79007223669521,"[0.0313276454,0.0305033579,0.0304898729]",0.0313276454,0.0307736254,0.0304898729,0.02773865200000003,0.0313276454,0.04425484666666679,0.0,0.0,0.0,0.04425484666666679,0.04425484666666679,0.04425484666666679,5.1565351418371455,1004651.915435142,11,Stage2.2,/home/yangshen0711/tsc_all/tsc_rzip_rllib/stage2_2_runs/stage2_2_svd3_corner_feasibility_100ms_20260721_085327,2000,"[2.413946689140234,1.2100260733143955,0.4613863721475013,1.2008201776469964,1.846781973172469,0.11605455237104942,-0.31156244231719965,2.1097360207190965,-0.3221320556092657,-0.9189714685828192,-1.2979327677544732,0.15367768502850337,-0.44355392023328066,-0.16306111004161278,0.017053837455532517]",v_f64f2cf5b829d048,
Stage2.2,2,s22g002_708eac04cd1617f1,86,trust_mix_0014,trust_mix,2.9462315560008383,50.65825026135535,"[2.4156833455235933,1.2134774513649513,0.47907036778035206,1.185949486020159,1.8173833316054866,0.11312214689957224,-0.3388732181769293,2.1841336791270773,-0.2779295791652741,-0.892302827536771,-1.3895876405861236,0.1599082176519492,-0.5156514766549246,0.018818958403656365,0.030695930294809985]",s22g002_708eac04cd1617f1,0.03146044580612871,0.02512296377232021,0.09687490686987041,0.04868152687095706,0.04868152687095706,,,,,True,,11,-0.027629307999999964,0.0305446378,751.9993000000031,0.04118681292467349,0.0305446378,1.372893764155783,0.5817437020072838,0.7819410457617871,0.023458231372853616,1,0.6280101555085302,0.0,-0.3441332378223096,0,0,0,0,1,1,True,False,True,False,10000.0,True,1.0,1.0,0.0,0.027683450583842206,0.03127144666649474,0.04176454013686082,0.014655593110213387,0.6494870999203549,0.08744401491256144,0.09881276646222403,0.41445,283.8189582824707,1,True,False,0.0,2,0,1,True,True,1.0,10,10,1,True,True,1.0,10,10,1,PASS_DAMPED_HOLD_40MM,False,True,0.5256618768234504,4670.458073547343,1004670.4580735473,0.0025793006838055886,0.0,1.0,0.46677833322278867,0.2562913326883807,0.06864501388442437,1000038.7410846944,38.74108469444688,"[0.0313329483,0.0305281189,0.0305446378]",0.0313329483,0.03080190166666667,0.0305446378,0.02765378399999996,0.0313329483,0.04443161000000018,0.0,0.0,0.0,0.04443161000000018,0.04443161000000018,0.04443161000000018,5.139023547404804,1004670.4580735473,64,Stage2.2,/home/yangshen0711/tsc_all/tsc_rzip_rllib/stage2_2_runs/stage2_2_svd3_corner_feasibility_100ms_20260721_085327,2002,"[2.4156833455235933,1.2134774513649513,0.47907036778035206,1.185949486020159,1.8173833316054866,0.11312214689957224,-0.3388732181769293,2.1841336791270773,-0.2779295791652741,-0.892302827536771,-1.3895876405861236,0.1599082176519492,-0.5156514766549246,0.018818958403656365,0.030695930294809985]",v_708eac04cd1617f1,
Stage2.2,3,s22g003_8187503ae873436c,30,probe_c2_h07_m,multi_center_probes,2.962835408069378,51.05406593049069,"[2.4156833455235933,1.2134774513649513,0.47907036778035206,1.221951434942497,1.8000944869218463,0.12833245403562732,-0.4054248495828374,2.220393648757632,-0.32146902265432653,-0.9496162129819165,-1.3447246074137584,0.2016569105134061,-0.5999012891487809,0.1257831940965105,0.026043307691845728]",s22g003_8187503ae873436c,0.031471858776242596,0.021022223360553045,0.09405267788228165,0.049061959208086536,0.049061959208086536,,,,,True,,11,-0.027515834000000017,0.0307306293,757.1602000000021,0.04124915390513574,0.0307306293,1.3749717968378583,0.5817437020072838,0.7819410457617871,0.023458231372853616,1,0.6280101555085302,0.0,-0.3441332378223096,0,0,0,0,1,1,True,False,True,False,10000.0,True,1.0,1.0,0.0,0.027701557394553773,0.031326476988213316,0.041817752720307855,0.012768212157545715,0.649440555388905,0.08466575666477759,0.09637616895313099,0.41455,261.7236409187317,1,True,False,0.0,2,0,1,True,True,1.0,10,10,1,True,True,1.0,10,10,1,PASS_DAMPED_HOLD_40MM,False,True,0.5249439114949961,4679.144149876549,1004679.1441498765,0.002617211658953813,0.0,1.0,0.46834703992684806,0.2560358902209074,0.08146382092529614,1000038.6737142412,38.67371424123399,"[0.0313354464,0.0306039592,0.0307306293]",0.0313354464,0.030890011633333336,0.0307306293,0.027731740999999976,0.0313354464,0.044514880000000145,0.0,0.0,0.0,0.044514880000000145,0.044514880000000145,0.044514880000000145,5.081749876439329,1004679.1441498765,72,Stage2.2,/home/yangshen0711/tsc_all/tsc_rzip_rllib/stage2_2_runs/stage2_2_svd3_corner_feasibility_100ms_20260721_085327,2003,"[2.4156833455235933,1.2134774513649513,0.47907036778035206,1.221951434942497,1.8000944869218463,0.12833245403562732,-0.4054248495828374,2.220393648757632,-0.32146902265432653,-0.9496162129819165,-1.3447246074137584,0.2016569105134061,-0.5999012891487809,0.1257831940965105,0.026043307691845728]",v_8187503ae873436c,
Stage2.2,3,s22g003_d5bd75ee46ab1942,88,trust_mix_0044,trust_mix,2.9263769016660888,53.30811837511978,"[2.3911854335466187,1.204177336495726,0.471384395947247,1.194252959094087,1.853472780085176,0.11214326614628482,-0.31282770911186686,2.1191360821782794,-0.232468452727907,-0.9989906388435393,-1.2740504858621358,0.1999114244364871,-0.5545935114415751,-0.07681684916477671,0.02022696484139309]",s22g003_d5bd75ee46ab1942,0.03153689003671451,0.025193248787151776,0.09802116209613881,0.05122966789048378,0.05122966789048378,,,,,True,,11,-0.02712387100000002,0.0306652489,722.9655000000021,0.0409397345878499,0.0306652489,1.3646578195949968,0.5817437020072838,0.7819332053556993,0.02345799616067098,1,0.6279867362113741,0.0,-0.3441197603990719,0,0,0,0,1,1,True,False,True,False,10000.0,True,1.0,1.0,0.0,0.02742355197288335,0.03131105700337211,0.04162251185930339,0.011640336886690063,0.6493114154672998,0.08726202297967144,0.099356783895937,0.41435,265.96550726890564,1,True,False,0.0,2,0,1,True,True,1.0,10,10,1,True,True,1.0,10,10,1,PASS_DAMPED_HOLD_40MM,False,True,0.5285074156317294,4685.009701260831,1004685.0097012608,0.002634226298241653,0.0,1.0,0.4687166374868533,0.2496068197144609,0.05175348427414165,1000038.649243612,38.649243611962184,"[0.0313371012,0.0305653105,0.0306652489]",0.0313371012,0.030855886866666668,0.0306652489,0.027498396000000036,0.0313371012,0.0445700400000002,0.0,0.0,0.0,0.0445700400000002,0.0445700400000002,0.0445700400000002,5.155501260815085,1004685.0097012608,73,Stage2.2,/home/yangshen0711/tsc_all/tsc_rzip_rllib/stage2_2_runs/stage2_2_svd3_corner_feasibility_100ms_20260721_085327,2003,"[2.3911854335466187,1.204177336495726,0.471384395947247,1.194252959094087,1.853472780085176,0.11214326614628482,-0.31282770911186686,2.1191360821782794,-0.232468452727907,-0.9989906388435393,-1.2740504858621358,0.1999114244364871,-0.5545935114415751,-0.07681684916477671,0.02022696484139309]",v_d5bd75ee46ab1942,
