scenario,category,environment_variant,controller_scale,baseline_experiment_id,feedback_experiment_id,baseline_pass,feedback_pass,preserved,recovered,lost,baseline_signed_margin,feedback_signed_margin,signed_margin_gain
nominal__noise_low_s0,software_uncertainty,base,0.5,s40_fef0feda55bd3de3c792,s40_487fae652d4be234cb38,True,True,True,False,False,0.3936988233333333,0.4655842850990084,0.07188546176567512
nominal__noise_low_s1,software_uncertainty,base,0.5,s40_26a09f8633ed840831a3,s40_6c07aca93a4b11b6f0e0,True,True,True,False,False,0.3936988233333333,0.45975243,0.06605360666666671
nominal__noise_low_s2,software_uncertainty,base,0.5,s40_2b6068b5c82748710c56,s40_f51222d519075cf6a775,True,True,True,False,False,0.3936988233333333,0.4127187033333334,0.0190198800000001
nominal__noise_med_s0,software_uncertainty,base,0.5,s40_4a02e65ba625f8060751,s40_ec6f87f585edc9e85f83,True,True,True,False,False,0.3936988233333333,0.3969036566666666,0.0032048333333333234
nominal__noise_med_s1,software_uncertainty,base,0.5,s40_46b55c9a2b0f7a938866,s40_e3d6a7280efde9bbb98e,True,True,True,False,False,0.3936988233333333,0.36668359040940135,-0.02701523292393193
nominal__noise_med_s2,software_uncertainty,base,0.5,s40_8b39be68b58b325dfc3f,s40_c54d529bd3a9a087cb07,True,True,True,False,False,0.3936988233333333,0.07237426877588149,-0.3213245545574518
nominal__noise_high_s0,software_uncertainty,base,0.5,s40_4a800b78e337ce533765,s40_6ad5d8aa91929649afee,True,True,True,False,False,0.3936988233333333,0.08394724376240903,-0.30975157957092425
nominal__noise_high_s1,software_uncertainty,base,0.5,s40_5750a11371db919ab0fb,s40_4b5aafe03be9a486e49d,True,True,True,False,False,0.3936988233333333,0.37639121,-0.017307613333333305
nominal__noise_high_s2,software_uncertainty,base,0.5,s40_9619b7459622c3599921,s40_88ed4fd3751673d8bee1,True,True,True,False,False,0.3936988233333333,0.25108062,-0.1426182033333333
nominal__observation_delay_1,software_uncertainty,base,0.5,s40_8d76fa7789c39b17a57c,s40_2f8097a52700e6990a7e,True,True,True,False,False,0.3936988233333333,0.4636535833333333,0.06995476
nominal__observation_delay_2,software_uncertainty,base,0.5,s40_30ce497ae45ca36c3971,s40_7af32b98f6052b6ae6b1,True,True,True,False,False,0.3936988233333333,0.43770901666666673,0.04401019333333345
nominal__action_delay_1,software_uncertainty,base,0.5,s40_4d6b41aa20af8bc18f33,s40_15ccfecb76d2436495c0,True,False,False,False,True,0.20398574000000003,-0.26313185835831465,-0.4671175983583147
nominal__gain_all_m10,software_uncertainty,base,0.5,s40_c117305e4790d7bf9f9c,s40_53eeb8c7127f21f55de9,True,True,True,False,False,0.2568906266666666,0.45804899,0.20115836333333337
nominal__gain_all_m5,software_uncertainty,base,0.5,s40_243d2214f489b058f88a,s40_361ab6f209b33ff24cbb,True,True,True,False,False,0.40474040245263965,0.4519611966666667,0.04722079421402703
nominal__gain_all_p5,software_uncertainty,base,0.5,s40_768476de4aefe52b968a,s40_c585bc3451fa0ed17eb2,True,True,True,False,False,0.2895134633333333,0.4554469166666666,0.16593345333333331
nominal__gain_all_p10,software_uncertainty,base,0.5,s40_73d6bb98474af45be984,s40_4ceb3e3b5f35d0270e6b,True,True,True,False,False,0.1722738033333333,0.44471676237032653,0.2724429590369932
nominal__gain_m1low_m2high,software_uncertainty,base,0.5,s40_3786aa52f6123d3a0f3f,s40_4216e14aa6a372b2672b,False,True,False,True,False,-0.48612859333333347,0.1688159744510298,0.6549445677843633
nominal__gain_m1high_m2low,software_uncertainty,base,0.5,s40_a0afee197580adf7c862,s40_a7ab178cb89b8101a828,True,True,True,False,False,0.21950626666666828,0.332130662610129,0.11262439594346074
nominal__model_scale_m15,software_uncertainty,base,0.5,s40_d4075ec02bfd72f72427,s40_53fa2de5370219ed2c4b,True,True,True,False,False,0.3936988233333333,0.4536583833333333,0.05995956000000002
nominal__model_scale_p15,software_uncertainty,base,0.5,s40_1625aee6c78340923948,s40_50f67815dc51bf293d17,True,True,True,False,False,0.3936988233333333,0.45074331666666656,0.05704449333333328
nominal__bias_Rp0p5_Zm0p5,software_uncertainty,base,0.5,s40_07bc17798e83e096f85e,s40_d8f1aee9dd9dd7d35f3c,True,True,True,False,False,0.3936988233333333,0.43226428333333333,0.03856546000000005
nominal__bias_Rm0p5_Zp0p5,software_uncertainty,base,0.5,s40_3579e68b9e1422c99d1f,s40_b07260d266c4c90a0dc9,True,True,True,False,False,0.3936988233333333,0.47009202000000005,0.07639319666666677
nominal__combined_noise_delay,software_uncertainty,base,0.5,s40_631782f14f7f9888eed3,s40_c3480881357c02d58306,True,True,True,False,False,0.3936988233333333,0.2445194302307323,-0.14917939310260098
nominal__combined_gain_actiondelay,software_uncertainty,base,0.5,s40_e1e520fdc35144e0bc86,s40_4a60ad6bdb67ebfe445f,True,False,False,False,True,0.19182676333333326,-0.39545583581700905,-0.5872825991503423
nominal__slew_0.9,actuation_slew_uncertainty,slew_0p9,0.5,s40_defd851b43a4015248d4,s40_99e2be4d04843d789310,False,False,False,False,False,-0.3371543566666668,-0.21987740395507216,0.11727695271159466
nominal__slew_1.1,actuation_slew_uncertainty,slew_1p1,0.5,s40_4779242c8d42bbaebf5e,s40_f4ceb40b8b2dcef04a9b,False,True,False,True,False,-0.1513844345463058,0.4527358366666667,0.6041202712129725
RZ_p10_m10__noise_low_s0,software_uncertainty,base,0.5,s40_0d64119ab75ee1344564,s40_74d8c2d6ebc11042e858,True,True,True,False,False,0.2542708433333333,0.27707377999999994,0.022802936666666662
RZ_p10_m10__noise_low_s1,software_uncertainty,base,0.5,s40_eb7dad67ab281d0118d1,s40_3be250a0329be273242e,True,True,True,False,False,0.2542708433333333,0.2690498999999985,0.014779056666665236
RZ_p10_m10__noise_low_s2,software_uncertainty,base,0.5,s40_c45dc69df580911f918e,s40_b3f3c5c29a5784f4c231,True,True,True,False,False,0.2542708433333333,0.27757787666666667,0.023307033333333393
RZ_p10_m10__noise_med_s0,software_uncertainty,base,0.5,s40_fde52625ed7b5d073d73,s40_0e1424ec816aed75f3b1,True,True,True,False,False,0.2542708433333333,0.24963741666666672,-0.004633426666666551
RZ_p10_m10__noise_med_s1,software_uncertainty,base,0.5,s40_a4e1f8af7b3ea7ceb1a8,s40_7e9b39effb929bf23041,True,True,True,False,False,0.2542708433333333,0.2202112324927058,-0.034059610840627474
RZ_p10_m10__noise_med_s2,software_uncertainty,base,0.5,s40_08e41d6d7d74ce248c85,s40_9bb4c783f1014e8860dc,True,True,True,False,False,0.2542708433333333,0.09819329576943314,-0.15607754756390013
RZ_p10_m10__noise_high_s0,software_uncertainty,base,0.5,s40_06c4fa433dd356cfae45,s40_649b28818d0b353447d4,True,True,True,False,False,0.2542708433333333,0.021745016918512494,-0.23252582641482078
RZ_p10_m10__noise_high_s1,software_uncertainty,base,0.5,s40_9fc26b8cfd699e7b9222,s40_30d957f82792e3cf2c98,True,True,True,False,False,0.2542708433333333,0.17850143666666662,-0.07576940666666665
RZ_p10_m10__noise_high_s2,software_uncertainty,base,0.5,s40_21b4b628fc4ca8cf8a18,s40_55503de8d4d0976a915b,True,True,True,False,False,0.2542708433333333,0.05498384110871679,-0.19928700222461648
RZ_p10_m10__observation_delay_1,software_uncertainty,base,0.5,s40_d89d2bf31fa6ec964b96,s40_dea0a311d9d721a1e829,True,True,True,False,False,0.2542708433333333,0.29457937999999995,0.04030853666666667
RZ_p10_m10__observation_delay_2,software_uncertainty,base,0.5,s40_7a2b3f7191cb973526fb,s40_923f79feef3a42d0cb09,True,True,True,False,False,0.2542708433333333,0.31207527,0.05780442666666674
RZ_p10_m10__action_delay_1,software_uncertainty,base,0.5,s40_1f4fe49d9d3611b6de69,s40_2a5fbf945e6f6ec1e3c2,True,False,False,False,True,0.04981312333333332,-0.42920687943122693,-0.47902000276456025
RZ_p10_m10__gain_all_m10,software_uncertainty,base,0.5,s40_d26005f3fdffea642712,s40_dd7bacad8acf01502229,True,True,True,False,False,0.1669491133333333,0.2687974666666657,0.10184835333333242
RZ_p10_m10__gain_all_m5,software_uncertainty,base,0.5,s40_f06e5a24f88f979ac1ea,s40_230381138a208534eb4c,True,True,True,False,False,0.24107263611788854,0.2751340333333343,0.034061397215445766
RZ_p10_m10__gain_all_p5,software_uncertainty,base,0.5,s40_afdf31ffa3e8341634c8,s40_5041932e30abc708bf5c,True,True,True,False,False,0.1463812499999999,0.20364225007421244,0.05726100007421253
RZ_p10_m10__gain_all_p10,software_uncertainty,base,0.5,s40_7c892cd255622a856208,s40_93dbcbc506617de17f16,True,True,True,False,False,0.048142509999999916,0.18247944455392895,0.13433693455392903
RZ_p10_m10__gain_m1low_m2high,software_uncertainty,base,0.5,s40_b2514a4c1b17faad5d76,s40_192f57bf007be2b04730,False,False,False,False,False,-0.5683693933333336,-0.06766312238738004,0.5007062709459535
RZ_p10_m10__gain_m1high_m2low,software_uncertainty,base,0.5,s40_d79950b9eda0dba0bf9f,s40_93b8838ff3f2625c82b9,True,True,True,False,False,0.002748466666667948,0.10107201872322025,0.0983235520565523
RZ_p10_m10__model_scale_m15,software_uncertainty,base,0.5,s40_30bb84e63e8d9faa86a1,s40_d3ee22d10f89f2ebd9e6,True,True,True,False,False,0.2542708433333333,0.22955459236390652,-0.024716250969426756
RZ_p10_m10__model_scale_p15,software_uncertainty,base,0.5,s40_6cada51c26fc2ff9d5a4,s40_3d26f6192bd56b3616e4,True,True,True,False,False,0.2542708433333333,0.25009351650097533,-0.0041773268323579416
RZ_p10_m10__bias_Rp0p5_Zm0p5,software_uncertainty,base,0.5,s40_069a0c66ff7f5e3c1f75,s40_786dfed983788303584a,True,True,True,False,False,0.2542708433333333,0.26318726666666736,0.00891642333333409
RZ_p10_m10__bias_Rm0p5_Zp0p5,software_uncertainty,base,0.5,s40_a331832bdaaffe7886f7,s40_111e08514cdb685169c5,True,True,True,False,False,0.2542708433333333,0.17906977095303878,-0.0752010723802945
RZ_p10_m10__combined_noise_delay,software_uncertainty,base,0.5,s40_b01d800fa6567aa9f0f9,s40_d528d5b8e39b76e4ac7c,True,True,True,False,False,0.2542708433333333,0.1941779713706281,-0.060092871962705185
RZ_p10_m10__combined_gain_actiondelay,software_uncertainty,base,0.5,s40_b5665ace776528854a41,s40_dacb0417a102533bd9a8,True,False,False,False,True,0.018604669641136495,-0.531991812557274,-0.5505964821984105
RZ_p10_m10__slew_0.9,actuation_slew_uncertainty,slew_0p9,0.5,s40_fbb9114861e434dc9e63,s40_2e2e62872350d2e55758,False,False,False,False,False,-0.42263100666666675,-0.5007357912676527,-0.07810478460098591
RZ_p10_m10__slew_1.1,actuation_slew_uncertainty,slew_1p1,0.5,s40_025df10ddf5889798824,s40_e2ca66fb4bfbdaf79028,False,True,False,True,False,-0.3165673693902118,0.30110085333333336,0.6176682227235452
