candidate_id,phase,nominal_id,source_candidate_id,nominal_category,source_name,source_type,tail_vector,action_rms_pred,delta_action_rms_pred,repair_excess_rms_pred,probe_center_candidate_id,probe_center_nominal_id,probe_variable_index,probe_sign,probe_requested_delta,probe_actual_delta,probe_scheme,population_index
s30r999p_d0af7736e29ae2f1,controller_identification_999_probes,nominal_05_s22g000_571ab4a158d29207,s22g000_571ab4a158d29207,gate,center0_v0_m,real_tsc_fd_probe,"[-0.3725934518181101,0.31836250362187624,0.14993042464019693,0.2709999999999997,0.27099999999999996,0.038150000000000024,0.37939999999999935,0.37939999999999996,0.1355,0.43359999999999943,0.43359999999999976,0.06539999999999996,0.4335999999999999,0.11359999999999945,0.16259999999999988,0.4335999999999991,0.11359999999999984,0.16259999999999983]",0.38133574028596834,0.20857653637928014,0.04807504367787985,s30r02s_5c06bc76b59d0d57,nominal_05_s22g000_571ab4a158d29207,0,-1,0.01,-0.010000000000000009,two_sided,0
s30r999p_c100a0376c13f0bd,controller_identification_999_probes,nominal_05_s22g000_571ab4a158d29207,s22g000_571ab4a158d29207,gate,center0_v0_p,real_tsc_fd_probe,"[-0.3525934518181101,0.31836250362187624,0.14993042464019693,0.2709999999999997,0.27099999999999996,0.038150000000000024,0.37939999999999935,0.37939999999999996,0.1355,0.43359999999999943,0.43359999999999976,0.06539999999999996,0.4335999999999999,0.11359999999999945,0.16259999999999988,0.4335999999999991,0.11359999999999984,0.16259999999999983]",0.3812451722973729,0.208381300404611,0.04807504367787985,s30r02s_5c06bc76b59d0d57,nominal_05_s22g000_571ab4a158d29207,0,1,0.01,0.010000000000000009,two_sided,1
s30r999p_d02c0b3409051870,controller_identification_999_probes,nominal_05_s22g000_571ab4a158d29207,s22g000_571ab4a158d29207,gate,center0_v1_m,real_tsc_fd_probe,"[-0.3625934518181101,0.3083625036218762,0.14993042464019693,0.2709999999999997,0.27099999999999996,0.038150000000000024,0.37939999999999935,0.37939999999999996,0.1355,0.43359999999999943,0.43359999999999976,0.06539999999999996,0.4335999999999999,0.11359999999999945,0.16259999999999988,0.4335999999999991,0.11359999999999984,0.16259999999999983]",0.38125069687977015,0.20831500035776068,0.04807504367787985,s30r02s_5c06bc76b59d0d57,nominal_05_s22g000_571ab4a158d29207,1,-1,0.01,-0.010000000000000009,two_sided,2
s30r999p_0689536ae7ea1c79,controller_identification_999_probes,nominal_05_s22g000_571ab4a158d29207,s22g000_571ab4a158d29207,gate,center0_v1_p,real_tsc_fd_probe,"[-0.3625934518181101,0.32836250362187624,0.14993042464019693,0.2709999999999997,0.27099999999999996,0.038150000000000024,0.37939999999999935,0.37939999999999996,0.1355,0.43359999999999943,0.43359999999999976,0.06539999999999996,0.4335999999999999,0.11359999999999945,0.16259999999999988,0.4335999999999991,0.11359999999999984,0.16259999999999983]",0.3813302169356511,0.20864275331829785,0.04807504367787985,s30r02s_5c06bc76b59d0d57,nominal_05_s22g000_571ab4a158d29207,1,1,0.01,0.010000000000000009,two_sided,3
s30r999p_8a70b5b3885837a9,controller_identification_999_probes,nominal_05_s22g000_571ab4a158d29207,s22g000_571ab4a158d29207,gate,center0_v2_m,real_tsc_fd_probe,"[-0.3625934518181101,0.31836250362187624,0.14593042464019693,0.2709999999999997,0.27099999999999996,0.038150000000000024,0.37939999999999935,0.37939999999999996,0.1355,0.43359999999999943,0.43359999999999976,0.06539999999999996,0.4335999999999999,0.11359999999999945,0.16259999999999988,0.4335999999999991,0.11359999999999984,0.16259999999999983]",0.38128244448771326,0.20846532015125574,0.04807504367787985,s30r02s_5c06bc76b59d0d57,nominal_05_s22g000_571ab4a158d29207,2,-1,0.004,-0.0040000000000000036,two_sided,4
s30r999p_47126a7c645c4cf0,controller_identification_999_probes,nominal_05_s22g000_571ab4a158d29207,s22g000_571ab4a158d29207,gate,center0_v2_p,real_tsc_fd_probe,"[-0.3625934518181101,0.31836250362187624,0.15393042464019693,0.2709999999999997,0.27099999999999996,0.038150000000000024,0.37939999999999935,0.37939999999999996,0.1355,0.43359999999999943,0.43359999999999976,0.06539999999999996,0.4335999999999999,0.11359999999999945,0.16259999999999988,0.4335999999999991,0.11359999999999984,0.16259999999999983]",0.3812974242569374,0.20848845026718882,0.04807504367787985,s30r02s_5c06bc76b59d0d57,nominal_05_s22g000_571ab4a158d29207,2,1,0.004,0.0040000000000000036,two_sided,5
s30r999p_96da7db22a3ba584,controller_identification_999_probes,nominal_05_s22g000_571ab4a158d29207,s22g000_571ab4a158d29207,gate,center0_v3_m,real_tsc_fd_probe,"[-0.3625934518181101,0.31836250362187624,0.14993042464019693,0.25499999999999967,0.27099999999999996,0.038150000000000024,0.37939999999999935,0.37939999999999996,0.1355,0.43359999999999943,0.43359999999999976,0.06539999999999996,0.4335999999999999,0.11359999999999945,0.16259999999999988,0.4335999999999991,0.11359999999999984,0.16259999999999983]",0.3812372774648331,0.20827701483888483,0.04807504367787985,s30r02s_5c06bc76b59d0d57,nominal_05_s22g000_571ab4a158d29207,3,-1,0.016,-0.016000000000000014,two_sided,6
s30r999p_3d650586695d1458,controller_identification_999_probes,nominal_05_s22g000_571ab4a158d29207,s22g000_571ab4a158d29207,gate,center0_v3_p,real_tsc_fd_probe,"[-0.3625934518181101,0.31836250362187624,0.14993042464019693,0.2869999999999997,0.27099999999999996,0.038150000000000024,0.37939999999999935,0.37939999999999996,0.1355,0.43359999999999943,0.43359999999999976,0.06539999999999996,0.4335999999999999,0.11359999999999945,0.16259999999999988,0.4335999999999991,0.11359999999999984,0.16259999999999983]",0.3813455810744221,0.20868830022204465,0.04807504367787985,s30r02s_5c06bc76b59d0d57,nominal_05_s22g000_571ab4a158d29207,3,1,0.016,0.016000000000000014,two_sided,7
s30r999p_1c988663fbc48ac6,controller_identification_999_probes,nominal_05_s22g000_571ab4a158d29207,s22g000_571ab4a158d29207,gate,center0_v4_m,real_tsc_fd_probe,"[-0.3625934518181101,0.31836250362187624,0.14993042464019693,0.2709999999999997,0.25499999999999995,0.038150000000000024,0.37939999999999935,0.37939999999999996,0.1355,0.43359999999999943,0.43359999999999976,0.06539999999999996,0.4335999999999999,0.11359999999999945,0.16259999999999988,0.4335999999999991,0.11359999999999984,0.16259999999999983]",0.3812372774648331,0.20854373975911594,0.04807504367787985,s30r02s_5c06bc76b59d0d57,nominal_05_s22g000_571ab4a158d29207,4,-1,0.016,-0.016000000000000014,two_sided,8
s30r999p_bbef3274ce1ddb91,controller_identification_999_probes,nominal_05_s22g000_571ab4a158d29207,s22g000_571ab4a158d29207,gate,center0_v4_p,real_tsc_fd_probe,"[-0.3625934518181101,0.31836250362187624,0.14993042464019693,0.2709999999999997,0.287,0.038150000000000024,0.37939999999999935,0.37939999999999996,0.1355,0.43359999999999943,0.43359999999999976,0.06539999999999996,0.4335999999999999,0.11359999999999945,0.16259999999999988,0.4335999999999991,0.11359999999999984,0.16259999999999983]",0.3813455810744221,0.20842176030118692,0.04807504367787985,s30r02s_5c06bc76b59d0d57,nominal_05_s22g000_571ab4a158d29207,4,1,0.016,0.016000000000000014,two_sided,9
s30r999p_e82770d61aff6310,controller_identification_999_probes,nominal_05_s22g000_571ab4a158d29207,s22g000_571ab4a158d29207,gate,center0_v5_m,real_tsc_fd_probe,"[-0.3625934518181101,0.31836250362187624,0.14993042464019693,0.2709999999999997,0.27099999999999996,0.032150000000000026,0.37939999999999935,0.37939999999999996,0.1355,0.43359999999999943,0.43359999999999976,0.06539999999999996,0.4335999999999999,0.11359999999999945,0.16259999999999988,0.4335999999999991,0.11359999999999984,0.16259999999999983]",0.3812872006084728,0.20850808086372064,0.04807504367787985,s30r02s_5c06bc76b59d0d57,nominal_05_s22g000_571ab4a158d29207,5,-1,0.006,-0.005999999999999998,two_sided,10
s30r999p_7f83b9d9f20ad8eb,controller_identification_999_probes,nominal_05_s22g000_571ab4a158d29207,s22g000_571ab4a158d29207,gate,center0_v5_p,real_tsc_fd_probe,"[-0.3625934518181101,0.31836250362187624,0.14993042464019693,0.2709999999999997,0.27099999999999996,0.04415000000000002,0.37939999999999935,0.37939999999999996,0.1355,0.43359999999999943,0.43359999999999976,0.06539999999999996,0.4335999999999999,0.11359999999999945,0.16259999999999988,0.4335999999999991,0.11359999999999984,0.16259999999999983]",0.3812929180405083,0.20844666458922548,0.04807504367787985,s30r02s_5c06bc76b59d0d57,nominal_05_s22g000_571ab4a158d29207,5,1,0.006,0.005999999999999998,two_sided,11
s30r999p_7dd473fb55b9564e,controller_identification_999_probes,nominal_05_s22g000_571ab4a158d29207,s22g000_571ab4a158d29207,gate,center0_v6_m,real_tsc_fd_probe,"[-0.3625934518181101,0.31836250362187624,0.14993042464019693,0.2709999999999997,0.27099999999999996,0.038150000000000024,0.35939999999999933,0.37939999999999996,0.1355,0.43359999999999943,0.43359999999999976,0.06539999999999996,0.4335999999999999,0.11359999999999945,0.16259999999999988,0.4335999999999991,0.11359999999999984,0.16259999999999983]",0.38119755510038683,0.20845975377311313,0.04807504367787985,s30r02s_5c06bc76b59d0d57,nominal_05_s22g000_571ab4a158d29207,6,-1,0.02,-0.020000000000000018,two_sided,12
s30r999p_8f77c81ea48cc213,controller_identification_999_probes,nominal_05_s22g000_571ab4a158d29207,s22g000_571ab4a158d29207,gate,center0_v6_p,real_tsc_fd_probe,"[-0.3625934518181101,0.31836250362187624,0.14993042464019693,0.2709999999999997,0.27099999999999996,0.038150000000000024,0.39939999999999937,0.37939999999999996,0.1355,0.43359999999999943,0.43359999999999976,0.06539999999999996,0.4335999999999999,0.11359999999999945,0.16259999999999988,0.4335999999999991,0.11359999999999984,0.16259999999999983]",0.3813870859741396,0.20851280870039265,0.04807504367787985,s30r02s_5c06bc76b59d0d57,nominal_05_s22g000_571ab4a158d29207,6,1,0.02,0.020000000000000018,two_sided,13
s30r999p_64d07544d440f8f2,controller_identification_999_probes,nominal_05_s22g000_571ab4a158d29207,s22g000_571ab4a158d29207,gate,center0_v7_m,real_tsc_fd_probe,"[-0.3625934518181101,0.31836250362187624,0.14993042464019693,0.2709999999999997,0.27099999999999996,0.038150000000000024,0.37939999999999935,0.35939999999999994,0.1355,0.43359999999999943,0.43359999999999976,0.06539999999999996,0.4335999999999999,0.11359999999999945,0.16259999999999988,0.4335999999999991,0.11359999999999984,0.16259999999999983]",0.38119755510038683,0.20845975377311313,0.04807504367787985,s30r02s_5c06bc76b59d0d57,nominal_05_s22g000_571ab4a158d29207,7,-1,0.02,-0.020000000000000018,two_sided,14
s30r999p_9817ba7dd8012fb6,controller_identification_999_probes,nominal_05_s22g000_571ab4a158d29207,s22g000_571ab4a158d29207,gate,center0_v7_p,real_tsc_fd_probe,"[-0.3625934518181101,0.31836250362187624,0.14993042464019693,0.2709999999999997,0.27099999999999996,0.038150000000000024,0.37939999999999935,0.3994,0.1355,0.43359999999999943,0.43359999999999976,0.06539999999999996,0.4335999999999999,0.11359999999999945,0.16259999999999988,0.4335999999999991,0.11359999999999984,0.16259999999999983]",0.3813870859741396,0.20851280870039265,0.04807504367787985,s30r02s_5c06bc76b59d0d57,nominal_05_s22g000_571ab4a158d29207,7,1,0.02,0.020000000000000018,two_sided,15
s30r999p_3febae747adff708,controller_identification_999_probes,nominal_05_s22g000_571ab4a158d29207,s22g000_571ab4a158d29207,gate,center0_v8_m,real_tsc_fd_probe,"[-0.3625934518181101,0.31836250362187624,0.14993042464019693,0.2709999999999997,0.27099999999999996,0.038150000000000024,0.37939999999999935,0.37939999999999996,0.1275,0.43359999999999943,0.43359999999999976,0.06539999999999996,0.4335999999999999,0.11359999999999945,0.16259999999999988,0.4335999999999991,0.11359999999999984,0.16259999999999983]",0.3812766959462056,0.20844527389330053,0.04807504367787985,s30r02s_5c06bc76b59d0d57,nominal_05_s22g000_571ab4a158d29207,8,-1,0.008,-0.008000000000000007,two_sided,16
s30r999p_3ccbac875f567186,controller_identification_999_probes,nominal_05_s22g000_571ab4a158d29207,s22g000_571ab4a158d29207,gate,center0_v8_p,real_tsc_fd_probe,"[-0.3625934518181101,0.31836250362187624,0.14993042464019693,0.2709999999999997,0.27099999999999996,0.038150000000000024,0.37939999999999935,0.37939999999999996,0.14350000000000002,0.43359999999999943,0.43359999999999976,0.06539999999999996,0.4335999999999999,0.11359999999999945,0.16259999999999988,0.4335999999999991,0.11359999999999984,0.16259999999999983]",0.38130377193348475,0.20851084140630022,0.04807504367787985,s30r02s_5c06bc76b59d0d57,nominal_05_s22g000_571ab4a158d29207,8,1,0.008,0.008000000000000007,two_sided,17
s30r999p_d80c3c6a7dafb67c,controller_identification_999_probes,nominal_05_s22g000_571ab4a158d29207,s22g000_571ab4a158d29207,gate,center0_v9_m,real_tsc_fd_probe,"[-0.3625934518181101,0.31836250362187624,0.14993042464019693,0.2709999999999997,0.27099999999999996,0.038150000000000024,0.37939999999999935,0.37939999999999996,0.1355,0.4095999999999994,0.43359999999999976,0.06539999999999996,0.4335999999999999,0.11359999999999945,0.16259999999999988,0.4335999999999991,0.11359999999999984,0.16259999999999983]",0.38116344552565457,0.20845875519300297,0.04807504367787985,s30r02s_5c06bc76b59d0d57,nominal_05_s22g000_571ab4a158d29207,9,-1,0.024,-0.02400000000000002,two_sided,18
s30r999p_e7477623771b9c64,controller_identification_999_probes,nominal_05_s22g000_571ab4a158d29207,s22g000_571ab4a158d29207,gate,center0_v9_p,real_tsc_fd_probe,"[-0.3625934518181101,0.31836250362187624,0.14993042464019693,0.2709999999999997,0.27099999999999996,0.038150000000000024,0.37939999999999935,0.37939999999999996,0.1355,0.45759999999999945,0.43359999999999976,0.06539999999999996,0.4335999999999999,0.11359999999999945,0.16259999999999988,0.4335999999999991,0.11359999999999984,0.16259999999999983]",0.3814233728389567,0.208522419790755,0.04807504367787985,s30r02s_5c06bc76b59d0d57,nominal_05_s22g000_571ab4a158d29207,9,1,0.024,0.02400000000000002,two_sided,19
s30r999p_e8933b0a01b82d03,controller_identification_999_probes,nominal_05_s22g000_571ab4a158d29207,s22g000_571ab4a158d29207,gate,center0_v10_m,real_tsc_fd_probe,"[-0.3625934518181101,0.31836250362187624,0.14993042464019693,0.2709999999999997,0.27099999999999996,0.038150000000000024,0.37939999999999935,0.37939999999999996,0.1355,0.43359999999999943,0.40959999999999974,0.06539999999999996,0.4335999999999999,0.11359999999999945,0.16259999999999988,0.4335999999999991,0.11359999999999984,0.16259999999999983]",0.38116344552565457,0.2082707018994212,0.04807504367787985,s30r02s_5c06bc76b59d0d57,nominal_05_s22g000_571ab4a158d29207,10,-1,0.024,-0.02400000000000002,two_sided,20
s30r999p_52e31a37a4f29ee9,controller_identification_999_probes,nominal_05_s22g000_571ab4a158d29207,s22g000_571ab4a158d29207,gate,center0_v10_p,real_tsc_fd_probe,"[-0.3625934518181101,0.31836250362187624,0.14993042464019693,0.2709999999999997,0.27099999999999996,0.038150000000000024,0.37939999999999935,0.37939999999999996,0.1355,0.43359999999999943,0.4575999999999998,0.06539999999999996,0.4335999999999999,0.11359999999999945,0.16259999999999988,0.4335999999999991,0.11359999999999984,0.16259999999999983]",0.3814233728389567,0.20871024628017337,0.04807504367787985,s30r02s_5c06bc76b59d0d57,nominal_05_s22g000_571ab4a158d29207,10,1,0.024,0.02400000000000002,two_sided,21
s30r999p_5f4b8a70ecf806d9,controller_identification_999_probes,nominal_05_s22g000_571ab4a158d29207,s22g000_571ab4a158d29207,gate,center0_v11_m,real_tsc_fd_probe,"[-0.3625934518181101,0.31836250362187624,0.14993042464019693,0.2709999999999997,0.27099999999999996,0.038150000000000024,0.37939999999999935,0.37939999999999996,0.1355,0.43359999999999943,0.43359999999999976,0.05639999999999996,0.4335999999999999,0.11359999999999945,0.16259999999999988,0.4335999999999991,0.11359999999999984,0.16259999999999983]",0.3812829892865329,0.20851532162244152,0.04807504367787985,s30r02s_5c06bc76b59d0d57,nominal_05_s22g000_571ab4a158d29207,11,-1,0.009,-0.009000000000000001,two_sided,22
s30r999p_0fb056e6f4723f7a,controller_identification_999_probes,nominal_05_s22g000_571ab4a158d29207,s22g000_571ab4a158d29207,gate,center0_v11_p,real_tsc_fd_probe,"[-0.3625934518181101,0.31836250362187624,0.14993042464019693,0.2709999999999997,0.27099999999999996,0.038150000000000024,0.37939999999999935,0.37939999999999996,0.1355,0.43359999999999943,0.43359999999999976,0.07439999999999995,0.4335999999999999,0.11359999999999945,0.16259999999999988,0.4335999999999991,0.11359999999999984,0.16259999999999983]",0.3812976912437916,0.20844162439369363,0.04807504367787985,s30r02s_5c06bc76b59d0d57,nominal_05_s22g000_571ab4a158d29207,11,1,0.009,0.008999999999999994,two_sided,23
s30r999p_50d5b7aa74280c6e,controller_identification_999_probes,nominal_05_s22g000_571ab4a158d29207,s22g000_571ab4a158d29207,gate,center0_v12_m,real_tsc_fd_probe,"[-0.3625934518181101,0.31836250362187624,0.14993042464019693,0.2709999999999997,0.27099999999999996,0.038150000000000024,0.37939999999999935,0.37939999999999996,0.1355,0.43359999999999943,0.43359999999999976,0.06539999999999996,0.40959999999999985,0.11359999999999945,0.16259999999999988,0.4335999999999991,0.11359999999999984,0.16259999999999983]",0.38116344552565457,0.2084905899219533,0.04807504367787985,s30r02s_5c06bc76b59d0d57,nominal_05_s22g000_571ab4a158d29207,12,-1,0.024,-0.02400000000000002,two_sided,24
s30r999p_659fa8939e0b2589,controller_identification_999_probes,nominal_05_s22g000_571ab4a158d29207,s22g000_571ab4a158d29207,gate,center0_v12_p,real_tsc_fd_probe,"[-0.3625934518181101,0.31836250362187624,0.14993042464019693,0.2709999999999997,0.27099999999999996,0.038150000000000024,0.37939999999999935,0.37939999999999996,0.1355,0.43359999999999943,0.43359999999999976,0.06539999999999996,0.4575999999999999,0.11359999999999945,0.16259999999999988,0.4335999999999991,0.11359999999999984,0.16259999999999983]",0.3814233728389567,0.2084905899219533,0.04807504367787985,s30r02s_5c06bc76b59d0d57,nominal_05_s22g000_571ab4a158d29207,12,1,0.024,0.02400000000000002,two_sided,25
s30r999p_f34e9eebbc753197,controller_identification_999_probes,nominal_05_s22g000_571ab4a158d29207,s22g000_571ab4a158d29207,gate,center0_v13_m,real_tsc_fd_probe,"[-0.3625934518181101,0.31836250362187624,0.14993042464019693,0.2709999999999997,0.27099999999999996,0.038150000000000024,0.37939999999999935,0.37939999999999996,0.1355,0.43359999999999943,0.43359999999999976,0.06539999999999996,0.4335999999999999,0.08959999999999946,0.16259999999999988,0.4335999999999991,0.11359999999999984,0.16259999999999983]",0.3812593802939562,0.20867844506067912,0.04807504367787985,s30r02s_5c06bc76b59d0d57,nominal_05_s22g000_571ab4a158d29207,13,-1,0.024,-0.023999999999999994,two_sided,26
s30r999p_7214474a58d380ae,controller_identification_999_probes,nominal_05_s22g000_571ab4a158d29207,s22g000_571ab4a158d29207,gate,center0_v13_p,real_tsc_fd_probe,"[-0.3625934518181101,0.31836250362187624,0.14993042464019693,0.2709999999999997,0.27099999999999996,0.038150000000000024,0.37939999999999935,0.37939999999999996,0.1355,0.43359999999999943,0.43359999999999976,0.06539999999999996,0.4335999999999999,0.13759999999999944,0.16259999999999988,0.4335999999999991,0.11359999999999984,0.16259999999999983]",0.3813274793280743,0.20830256536842104,0.04807504367787985,s30r02s_5c06bc76b59d0d57,nominal_05_s22g000_571ab4a158d29207,13,1,0.024,0.023999999999999994,two_sided,27
s30r999p_c4f3cd847f77a453,controller_identification_999_probes,nominal_05_s22g000_571ab4a158d29207,s22g000_571ab4a158d29207,gate,center0_v14_m,real_tsc_fd_probe,"[-0.3625934518181101,0.31836250362187624,0.14993042464019693,0.2709999999999997,0.27099999999999996,0.038150000000000024,0.37939999999999935,0.37939999999999996,0.1355,0.43359999999999943,0.43359999999999976,0.06539999999999996,0.4335999999999999,0.11359999999999945,0.15359999999999988,0.4335999999999991,0.11359999999999984,0.16259999999999983]",0.3812720636116721,0.20845706640693112,0.04807504367787985,s30r02s_5c06bc76b59d0d57,nominal_05_s22g000_571ab4a158d29207,14,-1,0.009,-0.009000000000000008,two_sided,28
s30r999p_4977fc658bdd311f,controller_identification_999_probes,nominal_05_s22g000_571ab4a158d29207,s22g000_571ab4a158d29207,gate,center0_v14_p,real_tsc_fd_probe,"[-0.3625934518181101,0.31836250362187624,0.14993042464019693,0.2709999999999997,0.27099999999999996,0.038150000000000024,0.37939999999999935,0.37939999999999996,0.1355,0.43359999999999943,0.43359999999999976,0.06539999999999996,0.4335999999999999,0.11359999999999945,0.1715999999999999,0.4335999999999991,0.11359999999999984,0.16259999999999983]",0.3813086161843412,0.2084998839237283,0.04807504367787985,s30r02s_5c06bc76b59d0d57,nominal_05_s22g000_571ab4a158d29207,14,1,0.009,0.009000000000000008,two_sided,29
s30r999p_84f656721e102a0f,controller_identification_999_probes,nominal_05_s22g000_571ab4a158d29207,s22g000_571ab4a158d29207,gate,center0_v15_m,real_tsc_fd_probe,"[-0.3625934518181101,0.31836250362187624,0.14993042464019693,0.2709999999999997,0.27099999999999996,0.038150000000000024,0.37939999999999935,0.37939999999999996,0.1355,0.43359999999999943,0.43359999999999976,0.06539999999999996,0.4335999999999999,0.11359999999999945,0.16259999999999988,0.4095999999999991,0.11359999999999984,0.16259999999999983]",0.38116344552565457,0.2084835420614632,0.04807504367787985,s30r02s_5c06bc76b59d0d57,nominal_05_s22g000_571ab4a158d29207,15,-1,0.024,-0.02400000000000002,two_sided,30
s30r999p_5bcd961af6529b49,controller_identification_999_probes,nominal_05_s22g000_571ab4a158d29207,s22g000_571ab4a158d29207,gate,center0_v15_p,real_tsc_fd_probe,"[-0.3625934518181101,0.31836250362187624,0.14993042464019693,0.2709999999999997,0.27099999999999996,0.038150000000000024,0.37939999999999935,0.37939999999999996,0.1355,0.43359999999999943,0.43359999999999976,0.06539999999999996,0.4335999999999999,0.11359999999999945,0.16259999999999988,0.4575999999999991,0.11359999999999984,0.16259999999999983]",0.3814233728389567,0.2084835420614632,0.04807504367787985,s30r02s_5c06bc76b59d0d57,nominal_05_s22g000_571ab4a158d29207,15,1,0.024,0.02400000000000002,two_sided,31
s30r999p_70268ac9b9bc1b3f,controller_identification_999_probes,nominal_05_s22g000_571ab4a158d29207,s22g000_571ab4a158d29207,gate,center0_v16_m,real_tsc_fd_probe,"[-0.3625934518181101,0.31836250362187624,0.14993042464019693,0.2709999999999997,0.27099999999999996,0.038150000000000024,0.37939999999999935,0.37939999999999996,0.1355,0.43359999999999943,0.43359999999999976,0.06539999999999996,0.4335999999999999,0.11359999999999945,0.16259999999999988,0.4335999999999991,0.08959999999999985,0.16259999999999983]",0.3812593802939562,0.2084835420614632,0.04807504367787985,s30r02s_5c06bc76b59d0d57,nominal_05_s22g000_571ab4a158d29207,16,-1,0.024,-0.023999999999999994,two_sided,32
s30r999p_aeac5a0d2dc03b97,controller_identification_999_probes,nominal_05_s22g000_571ab4a158d29207,s22g000_571ab4a158d29207,gate,center0_v16_p,real_tsc_fd_probe,"[-0.3625934518181101,0.31836250362187624,0.14993042464019693,0.2709999999999997,0.27099999999999996,0.038150000000000024,0.37939999999999935,0.37939999999999996,0.1355,0.43359999999999943,0.43359999999999976,0.06539999999999996,0.4335999999999999,0.11359999999999945,0.16259999999999988,0.4335999999999991,0.13759999999999983,0.16259999999999983]",0.3813274793280743,0.2084835420614632,0.04807504367787985,s30r02s_5c06bc76b59d0d57,nominal_05_s22g000_571ab4a158d29207,16,1,0.024,0.023999999999999994,two_sided,33
s30r999p_6e971a23d08aba6e,controller_identification_999_probes,nominal_05_s22g000_571ab4a158d29207,s22g000_571ab4a158d29207,gate,center0_v17_m,real_tsc_fd_probe,"[-0.3625934518181101,0.31836250362187624,0.14993042464019693,0.2709999999999997,0.27099999999999996,0.038150000000000024,0.37939999999999935,0.37939999999999996,0.1355,0.43359999999999943,0.43359999999999976,0.06539999999999996,0.4335999999999999,0.11359999999999945,0.16259999999999988,0.4335999999999991,0.11359999999999984,0.15359999999999982]",0.3812720636116721,0.20847748511599476,0.04807504367787985,s30r02s_5c06bc76b59d0d57,nominal_05_s22g000_571ab4a158d29207,17,-1,0.009,-0.009000000000000008,two_sided,34
s30r999p_a7ee7f47c711e62b,controller_identification_999_probes,nominal_05_s22g000_571ab4a158d29207,s22g000_571ab4a158d29207,gate,center0_v17_p,real_tsc_fd_probe,"[-0.3625934518181101,0.31836250362187624,0.14993042464019693,0.2709999999999997,0.27099999999999996,0.038150000000000024,0.37939999999999935,0.37939999999999996,0.1355,0.43359999999999943,0.43359999999999976,0.06539999999999996,0.4335999999999999,0.11359999999999945,0.16259999999999988,0.4335999999999991,0.11359999999999984,0.17159999999999984]",0.3813086161843412,0.20847748511599476,0.04807504367787985,s30r02s_5c06bc76b59d0d57,nominal_05_s22g000_571ab4a158d29207,17,1,0.009,0.009000000000000008,two_sided,35
