stage,phase,candidate_id,nominal_id,source_candidate_id,nominal_category,source_name,source_type,control_vector,probe_center_candidate_id,probe_center_nominal_id,probe_variable_index,probe_sign,probe_requested_delta,probe_actual_delta,probe_scheme,population_index
Stage3.1,round_000_probes,s31r000p_cc8d36f567ea2ab9,nominal_05_s22g000_571ab4a158d29207,s22g000_571ab4a158d29207,gate,center0_v0_m,real_tsc_fd_probe,"[-0.6113015723001297,-0.30390476986892895,0.14356953343592382,-0.3625934518181101,0.31836250362187624,0.14993042464019693,0.2869999999999997,0.27099999999999996,0.038150000000000024,0.37939999999999935,0.37939999999999996,0.1355,0.43359999999999943,0.43359999999999976,0.06539999999999996,0.4335999999999999,0.11359999999999945,0.16259999999999988,0.4335999999999991,0.11359999999999984,0.16259999999999983]",s30r999p_3d650586695d1458,nominal_05_s22g000_571ab4a158d29207,0,-1,0.014,-0.014000000000000012,two_sided,0
Stage3.1,round_000_probes,s31r000p_e4332fa9cae1eeb1,nominal_05_s22g000_571ab4a158d29207,s22g000_571ab4a158d29207,gate,center0_v0_p,real_tsc_fd_probe,"[-0.5833015723001297,-0.30390476986892895,0.14356953343592382,-0.3625934518181101,0.31836250362187624,0.14993042464019693,0.2869999999999997,0.27099999999999996,0.038150000000000024,0.37939999999999935,0.37939999999999996,0.1355,0.43359999999999943,0.43359999999999976,0.06539999999999996,0.4335999999999999,0.11359999999999945,0.16259999999999988,0.4335999999999991,0.11359999999999984,0.16259999999999983]",s30r999p_3d650586695d1458,nominal_05_s22g000_571ab4a158d29207,0,1,0.014,0.014000000000000012,two_sided,1
Stage3.1,round_000_probes,s31r000p_5d5be7b568e38e2b,nominal_05_s22g000_571ab4a158d29207,s22g000_571ab4a158d29207,gate,center0_v1_m,real_tsc_fd_probe,"[-0.5973015723001297,-0.31790476986892896,0.14356953343592382,-0.3625934518181101,0.31836250362187624,0.14993042464019693,0.2869999999999997,0.27099999999999996,0.038150000000000024,0.37939999999999935,0.37939999999999996,0.1355,0.43359999999999943,0.43359999999999976,0.06539999999999996,0.4335999999999999,0.11359999999999945,0.16259999999999988,0.4335999999999991,0.11359999999999984,0.16259999999999983]",s30r999p_3d650586695d1458,nominal_05_s22g000_571ab4a158d29207,1,-1,0.014,-0.014000000000000012,two_sided,2
Stage3.1,round_000_probes,s31r000p_33f7fa7e9cd8c5e0,nominal_05_s22g000_571ab4a158d29207,s22g000_571ab4a158d29207,gate,center0_v1_p,real_tsc_fd_probe,"[-0.5973015723001297,-0.28990476986892894,0.14356953343592382,-0.3625934518181101,0.31836250362187624,0.14993042464019693,0.2869999999999997,0.27099999999999996,0.038150000000000024,0.37939999999999935,0.37939999999999996,0.1355,0.43359999999999943,0.43359999999999976,0.06539999999999996,0.4335999999999999,0.11359999999999945,0.16259999999999988,0.4335999999999991,0.11359999999999984,0.16259999999999983]",s30r999p_3d650586695d1458,nominal_05_s22g000_571ab4a158d29207,1,1,0.014,0.014000000000000012,two_sided,3
Stage3.1,round_000_probes,s31r000p_598dc4b1392a2ddb,nominal_05_s22g000_571ab4a158d29207,s22g000_571ab4a158d29207,gate,center0_v2_m,real_tsc_fd_probe,"[-0.5973015723001297,-0.30390476986892895,0.13856953343592382,-0.3625934518181101,0.31836250362187624,0.14993042464019693,0.2869999999999997,0.27099999999999996,0.038150000000000024,0.37939999999999935,0.37939999999999996,0.1355,0.43359999999999943,0.43359999999999976,0.06539999999999996,0.4335999999999999,0.11359999999999945,0.16259999999999988,0.4335999999999991,0.11359999999999984,0.16259999999999983]",s30r999p_3d650586695d1458,nominal_05_s22g000_571ab4a158d29207,2,-1,0.005,-0.0050000000000000044,two_sided,4
Stage3.1,round_000_probes,s31r000p_51cbf19dfffeaa02,nominal_05_s22g000_571ab4a158d29207,s22g000_571ab4a158d29207,gate,center0_v2_p,real_tsc_fd_probe,"[-0.5973015723001297,-0.30390476986892895,0.14856953343592383,-0.3625934518181101,0.31836250362187624,0.14993042464019693,0.2869999999999997,0.27099999999999996,0.038150000000000024,0.37939999999999935,0.37939999999999996,0.1355,0.43359999999999943,0.43359999999999976,0.06539999999999996,0.4335999999999999,0.11359999999999945,0.16259999999999988,0.4335999999999991,0.11359999999999984,0.16259999999999983]",s30r999p_3d650586695d1458,nominal_05_s22g000_571ab4a158d29207,2,1,0.005,0.0050000000000000044,two_sided,5
Stage3.1,round_000_probes,s31r000p_49c60dda2b65dde0,nominal_05_s22g000_571ab4a158d29207,s22g000_571ab4a158d29207,gate,center0_v3_m,real_tsc_fd_probe,"[-0.5973015723001297,-0.30390476986892895,0.14356953343592382,-0.3825934518181101,0.31836250362187624,0.14993042464019693,0.2869999999999997,0.27099999999999996,0.038150000000000024,0.37939999999999935,0.37939999999999996,0.1355,0.43359999999999943,0.43359999999999976,0.06539999999999996,0.4335999999999999,0.11359999999999945,0.16259999999999988,0.4335999999999991,0.11359999999999984,0.16259999999999983]",s30r999p_3d650586695d1458,nominal_05_s22g000_571ab4a158d29207,3,-1,0.02,-0.020000000000000018,two_sided,6
Stage3.1,round_000_probes,s31r000p_3bb69e82de39660f,nominal_05_s22g000_571ab4a158d29207,s22g000_571ab4a158d29207,gate,center0_v3_p,real_tsc_fd_probe,"[-0.5973015723001297,-0.30390476986892895,0.14356953343592382,-0.3425934518181101,0.31836250362187624,0.14993042464019693,0.2869999999999997,0.27099999999999996,0.038150000000000024,0.37939999999999935,0.37939999999999996,0.1355,0.43359999999999943,0.43359999999999976,0.06539999999999996,0.4335999999999999,0.11359999999999945,0.16259999999999988,0.4335999999999991,0.11359999999999984,0.16259999999999983]",s30r999p_3d650586695d1458,nominal_05_s22g000_571ab4a158d29207,3,1,0.02,0.020000000000000018,two_sided,7
Stage3.1,round_000_probes,s31r000p_c5f7c9e2719b23b2,nominal_05_s22g000_571ab4a158d29207,s22g000_571ab4a158d29207,gate,center0_v4_m,real_tsc_fd_probe,"[-0.5973015723001297,-0.30390476986892895,0.14356953343592382,-0.3625934518181101,0.2983625036218762,0.14993042464019693,0.2869999999999997,0.27099999999999996,0.038150000000000024,0.37939999999999935,0.37939999999999996,0.1355,0.43359999999999943,0.43359999999999976,0.06539999999999996,0.4335999999999999,0.11359999999999945,0.16259999999999988,0.4335999999999991,0.11359999999999984,0.16259999999999983]",s30r999p_3d650586695d1458,nominal_05_s22g000_571ab4a158d29207,4,-1,0.02,-0.020000000000000018,two_sided,8
Stage3.1,round_000_probes,s31r000p_659293291583bfad,nominal_05_s22g000_571ab4a158d29207,s22g000_571ab4a158d29207,gate,center0_v4_p,real_tsc_fd_probe,"[-0.5973015723001297,-0.30390476986892895,0.14356953343592382,-0.3625934518181101,0.33836250362187625,0.14993042464019693,0.2869999999999997,0.27099999999999996,0.038150000000000024,0.37939999999999935,0.37939999999999996,0.1355,0.43359999999999943,0.43359999999999976,0.06539999999999996,0.4335999999999999,0.11359999999999945,0.16259999999999988,0.4335999999999991,0.11359999999999984,0.16259999999999983]",s30r999p_3d650586695d1458,nominal_05_s22g000_571ab4a158d29207,4,1,0.02,0.020000000000000018,two_sided,9
Stage3.1,round_000_probes,s31r000p_dfec97ab29aa0017,nominal_05_s22g000_571ab4a158d29207,s22g000_571ab4a158d29207,gate,center0_v5_m,real_tsc_fd_probe,"[-0.5973015723001297,-0.30390476986892895,0.14356953343592382,-0.3625934518181101,0.31836250362187624,0.14293042464019692,0.2869999999999997,0.27099999999999996,0.038150000000000024,0.37939999999999935,0.37939999999999996,0.1355,0.43359999999999943,0.43359999999999976,0.06539999999999996,0.4335999999999999,0.11359999999999945,0.16259999999999988,0.4335999999999991,0.11359999999999984,0.16259999999999983]",s30r999p_3d650586695d1458,nominal_05_s22g000_571ab4a158d29207,5,-1,0.007,-0.007000000000000006,two_sided,10
Stage3.1,round_000_probes,s31r000p_4f2fac4ab77e1836,nominal_05_s22g000_571ab4a158d29207,s22g000_571ab4a158d29207,gate,center0_v5_p,real_tsc_fd_probe,"[-0.5973015723001297,-0.30390476986892895,0.14356953343592382,-0.3625934518181101,0.31836250362187624,0.15693042464019694,0.2869999999999997,0.27099999999999996,0.038150000000000024,0.37939999999999935,0.37939999999999996,0.1355,0.43359999999999943,0.43359999999999976,0.06539999999999996,0.4335999999999999,0.11359999999999945,0.16259999999999988,0.4335999999999991,0.11359999999999984,0.16259999999999983]",s30r999p_3d650586695d1458,nominal_05_s22g000_571ab4a158d29207,5,1,0.007,0.007000000000000006,two_sided,11
Stage3.1,round_000_probes,s31r000p_1b957749f53b1cbc,nominal_05_s22g000_571ab4a158d29207,s22g000_571ab4a158d29207,gate,center0_v6_m,real_tsc_fd_probe,"[-0.5973015723001297,-0.30390476986892895,0.14356953343592382,-0.3625934518181101,0.31836250362187624,0.14993042464019693,0.2569999999999997,0.27099999999999996,0.038150000000000024,0.37939999999999935,0.37939999999999996,0.1355,0.43359999999999943,0.43359999999999976,0.06539999999999996,0.4335999999999999,0.11359999999999945,0.16259999999999988,0.4335999999999991,0.11359999999999984,0.16259999999999983]",s30r999p_3d650586695d1458,nominal_05_s22g000_571ab4a158d29207,6,-1,0.03,-0.030000000000000027,two_sided,12
Stage3.1,round_000_probes,s31r000p_efa46b6fe776c91e,nominal_05_s22g000_571ab4a158d29207,s22g000_571ab4a158d29207,gate,center0_v6_p,real_tsc_fd_probe,"[-0.5973015723001297,-0.30390476986892895,0.14356953343592382,-0.3625934518181101,0.31836250362187624,0.14993042464019693,0.3169999999999997,0.27099999999999996,0.038150000000000024,0.37939999999999935,0.37939999999999996,0.1355,0.43359999999999943,0.43359999999999976,0.06539999999999996,0.4335999999999999,0.11359999999999945,0.16259999999999988,0.4335999999999991,0.11359999999999984,0.16259999999999983]",s30r999p_3d650586695d1458,nominal_05_s22g000_571ab4a158d29207,6,1,0.03,0.030000000000000027,two_sided,13
Stage3.1,round_000_probes,s31r000p_89e2d018375ca648,nominal_05_s22g000_571ab4a158d29207,s22g000_571ab4a158d29207,gate,center0_v7_m,real_tsc_fd_probe,"[-0.5973015723001297,-0.30390476986892895,0.14356953343592382,-0.3625934518181101,0.31836250362187624,0.14993042464019693,0.2869999999999997,0.24099999999999996,0.038150000000000024,0.37939999999999935,0.37939999999999996,0.1355,0.43359999999999943,0.43359999999999976,0.06539999999999996,0.4335999999999999,0.11359999999999945,0.16259999999999988,0.4335999999999991,0.11359999999999984,0.16259999999999983]",s30r999p_3d650586695d1458,nominal_05_s22g000_571ab4a158d29207,7,-1,0.03,-0.03,two_sided,14
Stage3.1,round_000_probes,s31r000p_8330ae3882f054da,nominal_05_s22g000_571ab4a158d29207,s22g000_571ab4a158d29207,gate,center0_v7_p,real_tsc_fd_probe,"[-0.5973015723001297,-0.30390476986892895,0.14356953343592382,-0.3625934518181101,0.31836250362187624,0.14993042464019693,0.2869999999999997,0.30099999999999993,0.038150000000000024,0.37939999999999935,0.37939999999999996,0.1355,0.43359999999999943,0.43359999999999976,0.06539999999999996,0.4335999999999999,0.11359999999999945,0.16259999999999988,0.4335999999999991,0.11359999999999984,0.16259999999999983]",s30r999p_3d650586695d1458,nominal_05_s22g000_571ab4a158d29207,7,1,0.03,0.02999999999999997,two_sided,15
Stage3.1,round_000_probes,s31r000p_455f690622e87e59,nominal_05_s22g000_571ab4a158d29207,s22g000_571ab4a158d29207,gate,center0_v8_m,real_tsc_fd_probe,"[-0.5973015723001297,-0.30390476986892895,0.14356953343592382,-0.3625934518181101,0.31836250362187624,0.14993042464019693,0.2869999999999997,0.27099999999999996,0.027150000000000025,0.37939999999999935,0.37939999999999996,0.1355,0.43359999999999943,0.43359999999999976,0.06539999999999996,0.4335999999999999,0.11359999999999945,0.16259999999999988,0.4335999999999991,0.11359999999999984,0.16259999999999983]",s30r999p_3d650586695d1458,nominal_05_s22g000_571ab4a158d29207,8,-1,0.011,-0.011,two_sided,16
Stage3.1,round_000_probes,s31r000p_45eb7e91aa540f4c,nominal_05_s22g000_571ab4a158d29207,s22g000_571ab4a158d29207,gate,center0_v8_p,real_tsc_fd_probe,"[-0.5973015723001297,-0.30390476986892895,0.14356953343592382,-0.3625934518181101,0.31836250362187624,0.14993042464019693,0.2869999999999997,0.27099999999999996,0.04915000000000003,0.37939999999999935,0.37939999999999996,0.1355,0.43359999999999943,0.43359999999999976,0.06539999999999996,0.4335999999999999,0.11359999999999945,0.16259999999999988,0.4335999999999991,0.11359999999999984,0.16259999999999983]",s30r999p_3d650586695d1458,nominal_05_s22g000_571ab4a158d29207,8,1,0.011,0.011000000000000003,two_sided,17
Stage3.1,round_000_probes,s31r000p_43cb3b5dd198aff7,nominal_05_s22g000_571ab4a158d29207,s22g000_571ab4a158d29207,gate,center0_v9_m,real_tsc_fd_probe,"[-0.5973015723001297,-0.30390476986892895,0.14356953343592382,-0.3625934518181101,0.31836250362187624,0.14993042464019693,0.2869999999999997,0.27099999999999996,0.038150000000000024,0.33939999999999937,0.37939999999999996,0.1355,0.43359999999999943,0.43359999999999976,0.06539999999999996,0.4335999999999999,0.11359999999999945,0.16259999999999988,0.4335999999999991,0.11359999999999984,0.16259999999999983]",s30r999p_3d650586695d1458,nominal_05_s22g000_571ab4a158d29207,9,-1,0.04,-0.03999999999999998,two_sided,18
Stage3.1,round_000_probes,s31r000p_611568be0da53dc9,nominal_05_s22g000_571ab4a158d29207,s22g000_571ab4a158d29207,gate,center0_v9_p,real_tsc_fd_probe,"[-0.5973015723001297,-0.30390476986892895,0.14356953343592382,-0.3625934518181101,0.31836250362187624,0.14993042464019693,0.2869999999999997,0.27099999999999996,0.038150000000000024,0.41939999999999933,0.37939999999999996,0.1355,0.43359999999999943,0.43359999999999976,0.06539999999999996,0.4335999999999999,0.11359999999999945,0.16259999999999988,0.4335999999999991,0.11359999999999984,0.16259999999999983]",s30r999p_3d650586695d1458,nominal_05_s22g000_571ab4a158d29207,9,1,0.04,0.03999999999999998,two_sided,19
Stage3.1,round_000_probes,s31r000p_431e6f03eb662cc3,nominal_05_s22g000_571ab4a158d29207,s22g000_571ab4a158d29207,gate,center0_v10_m,real_tsc_fd_probe,"[-0.5973015723001297,-0.30390476986892895,0.14356953343592382,-0.3625934518181101,0.31836250362187624,0.14993042464019693,0.2869999999999997,0.27099999999999996,0.038150000000000024,0.37939999999999935,0.3394,0.1355,0.43359999999999943,0.43359999999999976,0.06539999999999996,0.4335999999999999,0.11359999999999945,0.16259999999999988,0.4335999999999991,0.11359999999999984,0.16259999999999983]",s30r999p_3d650586695d1458,nominal_05_s22g000_571ab4a158d29207,10,-1,0.04,-0.03999999999999998,two_sided,20
Stage3.1,round_000_probes,s31r000p_a1b9e9ec8fd1dafc,nominal_05_s22g000_571ab4a158d29207,s22g000_571ab4a158d29207,gate,center0_v10_p,real_tsc_fd_probe,"[-0.5973015723001297,-0.30390476986892895,0.14356953343592382,-0.3625934518181101,0.31836250362187624,0.14993042464019693,0.2869999999999997,0.27099999999999996,0.038150000000000024,0.37939999999999935,0.41939999999999994,0.1355,0.43359999999999943,0.43359999999999976,0.06539999999999996,0.4335999999999999,0.11359999999999945,0.16259999999999988,0.4335999999999991,0.11359999999999984,0.16259999999999983]",s30r999p_3d650586695d1458,nominal_05_s22g000_571ab4a158d29207,10,1,0.04,0.03999999999999998,two_sided,21
Stage3.1,round_000_probes,s31r000p_429a92940457dac8,nominal_05_s22g000_571ab4a158d29207,s22g000_571ab4a158d29207,gate,center0_v11_m,real_tsc_fd_probe,"[-0.5973015723001297,-0.30390476986892895,0.14356953343592382,-0.3625934518181101,0.31836250362187624,0.14993042464019693,0.2869999999999997,0.27099999999999996,0.038150000000000024,0.37939999999999935,0.37939999999999996,0.12150000000000001,0.43359999999999943,0.43359999999999976,0.06539999999999996,0.4335999999999999,0.11359999999999945,0.16259999999999988,0.4335999999999991,0.11359999999999984,0.16259999999999983]",s30r999p_3d650586695d1458,nominal_05_s22g000_571ab4a158d29207,11,-1,0.014,-0.013999999999999999,two_sided,22
Stage3.1,round_000_probes,s31r000p_2620455001d965cb,nominal_05_s22g000_571ab4a158d29207,s22g000_571ab4a158d29207,gate,center0_v11_p,real_tsc_fd_probe,"[-0.5973015723001297,-0.30390476986892895,0.14356953343592382,-0.3625934518181101,0.31836250362187624,0.14993042464019693,0.2869999999999997,0.27099999999999996,0.038150000000000024,0.37939999999999935,0.37939999999999996,0.14950000000000002,0.43359999999999943,0.43359999999999976,0.06539999999999996,0.4335999999999999,0.11359999999999945,0.16259999999999988,0.4335999999999991,0.11359999999999984,0.16259999999999983]",s30r999p_3d650586695d1458,nominal_05_s22g000_571ab4a158d29207,11,1,0.014,0.014000000000000012,two_sided,23
Stage3.1,round_000_probes,s31r000p_91fc6c69456d1d2c,nominal_05_s22g000_571ab4a158d29207,s22g000_571ab4a158d29207,gate,center0_v12_m,real_tsc_fd_probe,"[-0.5973015723001297,-0.30390476986892895,0.14356953343592382,-0.3625934518181101,0.31836250362187624,0.14993042464019693,0.2869999999999997,0.27099999999999996,0.038150000000000024,0.37939999999999935,0.37939999999999996,0.1355,0.38359999999999944,0.43359999999999976,0.06539999999999996,0.4335999999999999,0.11359999999999945,0.16259999999999988,0.4335999999999991,0.11359999999999984,0.16259999999999983]",s30r999p_3d650586695d1458,nominal_05_s22g000_571ab4a158d29207,12,-1,0.05,-0.04999999999999999,two_sided,24
Stage3.1,round_000_probes,s31r000p_789bb189cb0eacbb,nominal_05_s22g000_571ab4a158d29207,s22g000_571ab4a158d29207,gate,center0_v12_p,real_tsc_fd_probe,"[-0.5973015723001297,-0.30390476986892895,0.14356953343592382,-0.3625934518181101,0.31836250362187624,0.14993042464019693,0.2869999999999997,0.27099999999999996,0.038150000000000024,0.37939999999999935,0.37939999999999996,0.1355,0.4835999999999994,0.43359999999999976,0.06539999999999996,0.4335999999999999,0.11359999999999945,0.16259999999999988,0.4335999999999991,0.11359999999999984,0.16259999999999983]",s30r999p_3d650586695d1458,nominal_05_s22g000_571ab4a158d29207,12,1,0.05,0.04999999999999999,two_sided,25
Stage3.1,round_000_probes,s31r000p_5c78cb5e6938c007,nominal_05_s22g000_571ab4a158d29207,s22g000_571ab4a158d29207,gate,center0_v13_m,real_tsc_fd_probe,"[-0.5973015723001297,-0.30390476986892895,0.14356953343592382,-0.3625934518181101,0.31836250362187624,0.14993042464019693,0.2869999999999997,0.27099999999999996,0.038150000000000024,0.37939999999999935,0.37939999999999996,0.1355,0.43359999999999943,0.3835999999999998,0.06539999999999996,0.4335999999999999,0.11359999999999945,0.16259999999999988,0.4335999999999991,0.11359999999999984,0.16259999999999983]",s30r999p_3d650586695d1458,nominal_05_s22g000_571ab4a158d29207,13,-1,0.05,-0.04999999999999999,two_sided,26
Stage3.1,round_000_probes,s31r000p_c769c4876f6ef9f6,nominal_05_s22g000_571ab4a158d29207,s22g000_571ab4a158d29207,gate,center0_v13_p,real_tsc_fd_probe,"[-0.5973015723001297,-0.30390476986892895,0.14356953343592382,-0.3625934518181101,0.31836250362187624,0.14993042464019693,0.2869999999999997,0.27099999999999996,0.038150000000000024,0.37939999999999935,0.37939999999999996,0.1355,0.43359999999999943,0.48359999999999975,0.06539999999999996,0.4335999999999999,0.11359999999999945,0.16259999999999988,0.4335999999999991,0.11359999999999984,0.16259999999999983]",s30r999p_3d650586695d1458,nominal_05_s22g000_571ab4a158d29207,13,1,0.05,0.04999999999999999,two_sided,27
Stage3.1,round_000_probes,s31r000p_db0cc0432d94f0c7,nominal_05_s22g000_571ab4a158d29207,s22g000_571ab4a158d29207,gate,center0_v14_m,real_tsc_fd_probe,"[-0.5973015723001297,-0.30390476986892895,0.14356953343592382,-0.3625934518181101,0.31836250362187624,0.14993042464019693,0.2869999999999997,0.27099999999999996,0.038150000000000024,0.37939999999999935,0.37939999999999996,0.1355,0.43359999999999943,0.43359999999999976,0.047399999999999956,0.4335999999999999,0.11359999999999945,0.16259999999999988,0.4335999999999991,0.11359999999999984,0.16259999999999983]",s30r999p_3d650586695d1458,nominal_05_s22g000_571ab4a158d29207,14,-1,0.018,-0.018000000000000002,two_sided,28
Stage3.1,round_000_probes,s31r000p_e13282dedb5d421a,nominal_05_s22g000_571ab4a158d29207,s22g000_571ab4a158d29207,gate,center0_v14_p,real_tsc_fd_probe,"[-0.5973015723001297,-0.30390476986892895,0.14356953343592382,-0.3625934518181101,0.31836250362187624,0.14993042464019693,0.2869999999999997,0.27099999999999996,0.038150000000000024,0.37939999999999935,0.37939999999999996,0.1355,0.43359999999999943,0.43359999999999976,0.08339999999999996,0.4335999999999999,0.11359999999999945,0.16259999999999988,0.4335999999999991,0.11359999999999984,0.16259999999999983]",s30r999p_3d650586695d1458,nominal_05_s22g000_571ab4a158d29207,14,1,0.018,0.018000000000000002,two_sided,29
Stage3.1,round_000_probes,s31r000p_ba843a06b3481b01,nominal_05_s22g000_571ab4a158d29207,s22g000_571ab4a158d29207,gate,center0_v15_m,real_tsc_fd_probe,"[-0.5973015723001297,-0.30390476986892895,0.14356953343592382,-0.3625934518181101,0.31836250362187624,0.14993042464019693,0.2869999999999997,0.27099999999999996,0.038150000000000024,0.37939999999999935,0.37939999999999996,0.1355,0.43359999999999943,0.43359999999999976,0.06539999999999996,0.3835999999999999,0.11359999999999945,0.16259999999999988,0.4335999999999991,0.11359999999999984,0.16259999999999983]",s30r999p_3d650586695d1458,nominal_05_s22g000_571ab4a158d29207,15,-1,0.05,-0.04999999999999999,two_sided,30
Stage3.1,round_000_probes,s31r000p_6e42d66c3cfa1eb2,nominal_05_s22g000_571ab4a158d29207,s22g000_571ab4a158d29207,gate,center0_v15_p,real_tsc_fd_probe,"[-0.5973015723001297,-0.30390476986892895,0.14356953343592382,-0.3625934518181101,0.31836250362187624,0.14993042464019693,0.2869999999999997,0.27099999999999996,0.038150000000000024,0.37939999999999935,0.37939999999999996,0.1355,0.43359999999999943,0.43359999999999976,0.06539999999999996,0.48359999999999986,0.11359999999999945,0.16259999999999988,0.4335999999999991,0.11359999999999984,0.16259999999999983]",s30r999p_3d650586695d1458,nominal_05_s22g000_571ab4a158d29207,15,1,0.05,0.04999999999999999,two_sided,31
Stage3.1,round_000_probes,s31r000p_c2640fe4d4b842b0,nominal_05_s22g000_571ab4a158d29207,s22g000_571ab4a158d29207,gate,center0_v16_m,real_tsc_fd_probe,"[-0.5973015723001297,-0.30390476986892895,0.14356953343592382,-0.3625934518181101,0.31836250362187624,0.14993042464019693,0.2869999999999997,0.27099999999999996,0.038150000000000024,0.37939999999999935,0.37939999999999996,0.1355,0.43359999999999943,0.43359999999999976,0.06539999999999996,0.4335999999999999,0.06359999999999945,0.16259999999999988,0.4335999999999991,0.11359999999999984,0.16259999999999983]",s30r999p_3d650586695d1458,nominal_05_s22g000_571ab4a158d29207,16,-1,0.05,-0.05,two_sided,32
Stage3.1,round_000_probes,s31r000p_951b3a7ac0fa6b9d,nominal_05_s22g000_571ab4a158d29207,s22g000_571ab4a158d29207,gate,center0_v16_p,real_tsc_fd_probe,"[-0.5973015723001297,-0.30390476986892895,0.14356953343592382,-0.3625934518181101,0.31836250362187624,0.14993042464019693,0.2869999999999997,0.27099999999999996,0.038150000000000024,0.37939999999999935,0.37939999999999996,0.1355,0.43359999999999943,0.43359999999999976,0.06539999999999996,0.4335999999999999,0.16359999999999947,0.16259999999999988,0.4335999999999991,0.11359999999999984,0.16259999999999983]",s30r999p_3d650586695d1458,nominal_05_s22g000_571ab4a158d29207,16,1,0.05,0.05000000000000002,two_sided,33
Stage3.1,round_000_probes,s31r000p_9b1c9abfda503559,nominal_05_s22g000_571ab4a158d29207,s22g000_571ab4a158d29207,gate,center0_v17_m,real_tsc_fd_probe,"[-0.5973015723001297,-0.30390476986892895,0.14356953343592382,-0.3625934518181101,0.31836250362187624,0.14993042464019693,0.2869999999999997,0.27099999999999996,0.038150000000000024,0.37939999999999935,0.37939999999999996,0.1355,0.43359999999999943,0.43359999999999976,0.06539999999999996,0.4335999999999999,0.11359999999999945,0.1445999999999999,0.4335999999999991,0.11359999999999984,0.16259999999999983]",s30r999p_3d650586695d1458,nominal_05_s22g000_571ab4a158d29207,17,-1,0.018,-0.017999999999999988,two_sided,34
Stage3.1,round_000_probes,s31r000p_2d881dc3bde2b165,nominal_05_s22g000_571ab4a158d29207,s22g000_571ab4a158d29207,gate,center0_v17_p,real_tsc_fd_probe,"[-0.5973015723001297,-0.30390476986892895,0.14356953343592382,-0.3625934518181101,0.31836250362187624,0.14993042464019693,0.2869999999999997,0.27099999999999996,0.038150000000000024,0.37939999999999935,0.37939999999999996,0.1355,0.43359999999999943,0.43359999999999976,0.06539999999999996,0.4335999999999999,0.11359999999999945,0.18059999999999987,0.4335999999999991,0.11359999999999984,0.16259999999999983]",s30r999p_3d650586695d1458,nominal_05_s22g000_571ab4a158d29207,17,1,0.018,0.017999999999999988,two_sided,35
Stage3.1,round_000_probes,s31r000p_15eebf50c0e6e100,nominal_05_s22g000_571ab4a158d29207,s22g000_571ab4a158d29207,gate,center0_v18_m,real_tsc_fd_probe,"[-0.5973015723001297,-0.30390476986892895,0.14356953343592382,-0.3625934518181101,0.31836250362187624,0.14993042464019693,0.2869999999999997,0.27099999999999996,0.038150000000000024,0.37939999999999935,0.37939999999999996,0.1355,0.43359999999999943,0.43359999999999976,0.06539999999999996,0.4335999999999999,0.11359999999999945,0.16259999999999988,0.3835999999999991,0.11359999999999984,0.16259999999999983]",s30r999p_3d650586695d1458,nominal_05_s22g000_571ab4a158d29207,18,-1,0.05,-0.04999999999999999,two_sided,36
Stage3.1,round_000_probes,s31r000p_d8066a428c82c296,nominal_05_s22g000_571ab4a158d29207,s22g000_571ab4a158d29207,gate,center0_v18_p,real_tsc_fd_probe,"[-0.5973015723001297,-0.30390476986892895,0.14356953343592382,-0.3625934518181101,0.31836250362187624,0.14993042464019693,0.2869999999999997,0.27099999999999996,0.038150000000000024,0.37939999999999935,0.37939999999999996,0.1355,0.43359999999999943,0.43359999999999976,0.06539999999999996,0.4335999999999999,0.11359999999999945,0.16259999999999988,0.4835999999999991,0.11359999999999984,0.16259999999999983]",s30r999p_3d650586695d1458,nominal_05_s22g000_571ab4a158d29207,18,1,0.05,0.04999999999999999,two_sided,37
Stage3.1,round_000_probes,s31r000p_b1354933835fc1a2,nominal_05_s22g000_571ab4a158d29207,s22g000_571ab4a158d29207,gate,center0_v19_m,real_tsc_fd_probe,"[-0.5973015723001297,-0.30390476986892895,0.14356953343592382,-0.3625934518181101,0.31836250362187624,0.14993042464019693,0.2869999999999997,0.27099999999999996,0.038150000000000024,0.37939999999999935,0.37939999999999996,0.1355,0.43359999999999943,0.43359999999999976,0.06539999999999996,0.4335999999999999,0.11359999999999945,0.16259999999999988,0.4335999999999991,0.06359999999999984,0.16259999999999983]",s30r999p_3d650586695d1458,nominal_05_s22g000_571ab4a158d29207,19,-1,0.05,-0.05,two_sided,38
Stage3.1,round_000_probes,s31r000p_94d3ea62cf9d7bef,nominal_05_s22g000_571ab4a158d29207,s22g000_571ab4a158d29207,gate,center0_v19_p,real_tsc_fd_probe,"[-0.5973015723001297,-0.30390476986892895,0.14356953343592382,-0.3625934518181101,0.31836250362187624,0.14993042464019693,0.2869999999999997,0.27099999999999996,0.038150000000000024,0.37939999999999935,0.37939999999999996,0.1355,0.43359999999999943,0.43359999999999976,0.06539999999999996,0.4335999999999999,0.11359999999999945,0.16259999999999988,0.4335999999999991,0.16359999999999986,0.16259999999999983]",s30r999p_3d650586695d1458,nominal_05_s22g000_571ab4a158d29207,19,1,0.05,0.05000000000000002,two_sided,39
Stage3.1,round_000_probes,s31r000p_fe798d69e3e3acde,nominal_05_s22g000_571ab4a158d29207,s22g000_571ab4a158d29207,gate,center0_v20_m,real_tsc_fd_probe,"[-0.5973015723001297,-0.30390476986892895,0.14356953343592382,-0.3625934518181101,0.31836250362187624,0.14993042464019693,0.2869999999999997,0.27099999999999996,0.038150000000000024,0.37939999999999935,0.37939999999999996,0.1355,0.43359999999999943,0.43359999999999976,0.06539999999999996,0.4335999999999999,0.11359999999999945,0.16259999999999988,0.4335999999999991,0.11359999999999984,0.14459999999999984]",s30r999p_3d650586695d1458,nominal_05_s22g000_571ab4a158d29207,20,-1,0.018,-0.017999999999999988,two_sided,40
Stage3.1,round_000_probes,s31r000p_a18694bc1cee7fa1,nominal_05_s22g000_571ab4a158d29207,s22g000_571ab4a158d29207,gate,center0_v20_p,real_tsc_fd_probe,"[-0.5973015723001297,-0.30390476986892895,0.14356953343592382,-0.3625934518181101,0.31836250362187624,0.14993042464019693,0.2869999999999997,0.27099999999999996,0.038150000000000024,0.37939999999999935,0.37939999999999996,0.1355,0.43359999999999943,0.43359999999999976,0.06539999999999996,0.4335999999999999,0.11359999999999945,0.16259999999999988,0.4335999999999991,0.11359999999999984,0.18059999999999982]",s30r999p_3d650586695d1458,nominal_05_s22g000_571ab4a158d29207,20,1,0.018,0.017999999999999988,two_sided,41
Stage3.1,round_000_probes,s31r000p_aca56bc88ef2ae19,nominal_07_s22g005_a2acc95ca222cec3,s22g005_a2acc95ca222cec3,position_front,center1_v0_m,real_tsc_fd_probe,"[-0.703922535283813,-0.6017098613907631,0.04415247725296375,-0.49077844169390217,-0.20688584005420638,-0.030122634663424044,0.0,0.0,0.0,0.0,0.0,0.0,0.0,0.0,0.0,0.0,0.0,0.0,0.0,0.0,0.0]",s30screen_0803181b62756a85,nominal_07_s22g005_a2acc95ca222cec3,0,-1,0.014,-0.014000000000000012,two_sided,42
Stage3.1,round_000_probes,s31r000p_96b36e240eb6d5c9,nominal_07_s22g005_a2acc95ca222cec3,s22g005_a2acc95ca222cec3,position_front,center1_v0_p,real_tsc_fd_probe,"[-0.675922535283813,-0.6017098613907631,0.04415247725296375,-0.49077844169390217,-0.20688584005420638,-0.030122634663424044,0.0,0.0,0.0,0.0,0.0,0.0,0.0,0.0,0.0,0.0,0.0,0.0,0.0,0.0,0.0]",s30screen_0803181b62756a85,nominal_07_s22g005_a2acc95ca222cec3,0,1,0.014,0.014000000000000012,two_sided,43
Stage3.1,round_000_probes,s31r000p_d1a7d918e1e0719f,nominal_07_s22g005_a2acc95ca222cec3,s22g005_a2acc95ca222cec3,position_front,center1_v1_m,real_tsc_fd_probe,"[-0.689922535283813,-0.6157098613907631,0.04415247725296375,-0.49077844169390217,-0.20688584005420638,-0.030122634663424044,0.0,0.0,0.0,0.0,0.0,0.0,0.0,0.0,0.0,0.0,0.0,0.0,0.0,0.0,0.0]",s30screen_0803181b62756a85,nominal_07_s22g005_a2acc95ca222cec3,1,-1,0.014,-0.014000000000000012,two_sided,44
Stage3.1,round_000_probes,s31r000p_df1be30adffd2e78,nominal_07_s22g005_a2acc95ca222cec3,s22g005_a2acc95ca222cec3,position_front,center1_v1_p,real_tsc_fd_probe,"[-0.689922535283813,-0.5877098613907631,0.04415247725296375,-0.49077844169390217,-0.20688584005420638,-0.030122634663424044,0.0,0.0,0.0,0.0,0.0,0.0,0.0,0.0,0.0,0.0,0.0,0.0,0.0,0.0,0.0]",s30screen_0803181b62756a85,nominal_07_s22g005_a2acc95ca222cec3,1,1,0.014,0.014000000000000012,two_sided,45
Stage3.1,round_000_probes,s31r000p_04c02a9cd1a74656,nominal_07_s22g005_a2acc95ca222cec3,s22g005_a2acc95ca222cec3,position_front,center1_v2_m,real_tsc_fd_probe,"[-0.689922535283813,-0.6017098613907631,0.03915247725296375,-0.49077844169390217,-0.20688584005420638,-0.030122634663424044,0.0,0.0,0.0,0.0,0.0,0.0,0.0,0.0,0.0,0.0,0.0,0.0,0.0,0.0,0.0]",s30screen_0803181b62756a85,nominal_07_s22g005_a2acc95ca222cec3,2,-1,0.005,-0.0049999999999999975,two_sided,46
Stage3.1,round_000_probes,s31r000p_c2fc33b3a215c445,nominal_07_s22g005_a2acc95ca222cec3,s22g005_a2acc95ca222cec3,position_front,center1_v2_p,real_tsc_fd_probe,"[-0.689922535283813,-0.6017098613907631,0.04915247725296375,-0.49077844169390217,-0.20688584005420638,-0.030122634663424044,0.0,0.0,0.0,0.0,0.0,0.0,0.0,0.0,0.0,0.0,0.0,0.0,0.0,0.0,0.0]",s30screen_0803181b62756a85,nominal_07_s22g005_a2acc95ca222cec3,2,1,0.005,0.0049999999999999975,two_sided,47
Stage3.1,round_000_probes,s31r000p_1c6771102eef9042,nominal_07_s22g005_a2acc95ca222cec3,s22g005_a2acc95ca222cec3,position_front,center1_v3_m,real_tsc_fd_probe,"[-0.689922535283813,-0.6017098613907631,0.04415247725296375,-0.5107784416939022,-0.20688584005420638,-0.030122634663424044,0.0,0.0,0.0,0.0,0.0,0.0,0.0,0.0,0.0,0.0,0.0,0.0,0.0,0.0,0.0]",s30screen_0803181b62756a85,nominal_07_s22g005_a2acc95ca222cec3,3,-1,0.02,-0.020000000000000018,two_sided,48
Stage3.1,round_000_probes,s31r000p_f985bf0dba2bb534,nominal_07_s22g005_a2acc95ca222cec3,s22g005_a2acc95ca222cec3,position_front,center1_v3_p,real_tsc_fd_probe,"[-0.689922535283813,-0.6017098613907631,0.04415247725296375,-0.47077844169390215,-0.20688584005420638,-0.030122634663424044,0.0,0.0,0.0,0.0,0.0,0.0,0.0,0.0,0.0,0.0,0.0,0.0,0.0,0.0,0.0]",s30screen_0803181b62756a85,nominal_07_s22g005_a2acc95ca222cec3,3,1,0.02,0.020000000000000018,two_sided,49
Stage3.1,round_000_probes,s31r000p_8c629d3fa44f0493,nominal_07_s22g005_a2acc95ca222cec3,s22g005_a2acc95ca222cec3,position_front,center1_v4_m,real_tsc_fd_probe,"[-0.689922535283813,-0.6017098613907631,0.04415247725296375,-0.49077844169390217,-0.22688584005420637,-0.030122634663424044,0.0,0.0,0.0,0.0,0.0,0.0,0.0,0.0,0.0,0.0,0.0,0.0,0.0,0.0,0.0]",s30screen_0803181b62756a85,nominal_07_s22g005_a2acc95ca222cec3,4,-1,0.02,-0.01999999999999999,two_sided,50
Stage3.1,round_000_probes,s31r000p_f008a56440bcdc2d,nominal_07_s22g005_a2acc95ca222cec3,s22g005_a2acc95ca222cec3,position_front,center1_v4_p,real_tsc_fd_probe,"[-0.689922535283813,-0.6017098613907631,0.04415247725296375,-0.49077844169390217,-0.1868858400542064,-0.030122634663424044,0.0,0.0,0.0,0.0,0.0,0.0,0.0,0.0,0.0,0.0,0.0,0.0,0.0,0.0,0.0]",s30screen_0803181b62756a85,nominal_07_s22g005_a2acc95ca222cec3,4,1,0.02,0.01999999999999999,two_sided,51
Stage3.1,round_000_probes,s31r000p_69f29094047a5572,nominal_07_s22g005_a2acc95ca222cec3,s22g005_a2acc95ca222cec3,position_front,center1_v5_m,real_tsc_fd_probe,"[-0.689922535283813,-0.6017098613907631,0.04415247725296375,-0.49077844169390217,-0.20688584005420638,-0.037122634663424046,0.0,0.0,0.0,0.0,0.0,0.0,0.0,0.0,0.0,0.0,0.0,0.0,0.0,0.0,0.0]",s30screen_0803181b62756a85,nominal_07_s22g005_a2acc95ca222cec3,5,-1,0.007,-0.007000000000000003,two_sided,52
Stage3.1,round_000_probes,s31r000p_3c42310264c787ee,nominal_07_s22g005_a2acc95ca222cec3,s22g005_a2acc95ca222cec3,position_front,center1_v5_p,real_tsc_fd_probe,"[-0.689922535283813,-0.6017098613907631,0.04415247725296375,-0.49077844169390217,-0.20688584005420638,-0.023122634663424044,0.0,0.0,0.0,0.0,0.0,0.0,0.0,0.0,0.0,0.0,0.0,0.0,0.0,0.0,0.0]",s30screen_0803181b62756a85,nominal_07_s22g005_a2acc95ca222cec3,5,1,0.007,0.006999999999999999,two_sided,53
Stage3.1,round_000_probes,s31r000p_021800ac30a415f5,nominal_07_s22g005_a2acc95ca222cec3,s22g005_a2acc95ca222cec3,position_front,center1_v6_m,real_tsc_fd_probe,"[-0.689922535283813,-0.6017098613907631,0.04415247725296375,-0.49077844169390217,-0.20688584005420638,-0.030122634663424044,-0.03,0.0,0.0,0.0,0.0,0.0,0.0,0.0,0.0,0.0,0.0,0.0,0.0,0.0,0.0]",s30screen_0803181b62756a85,nominal_07_s22g005_a2acc95ca222cec3,6,-1,0.03,-0.03,two_sided,54
Stage3.1,round_000_probes,s31r000p_b862d065808772b3,nominal_07_s22g005_a2acc95ca222cec3,s22g005_a2acc95ca222cec3,position_front,center1_v6_p,real_tsc_fd_probe,"[-0.689922535283813,-0.6017098613907631,0.04415247725296375,-0.49077844169390217,-0.20688584005420638,-0.030122634663424044,0.03,0.0,0.0,0.0,0.0,0.0,0.0,0.0,0.0,0.0,0.0,0.0,0.0,0.0,0.0]",s30screen_0803181b62756a85,nominal_07_s22g005_a2acc95ca222cec3,6,1,0.03,0.03,two_sided,55
Stage3.1,round_000_probes,s31r000p_0442b2e3c1c27254,nominal_07_s22g005_a2acc95ca222cec3,s22g005_a2acc95ca222cec3,position_front,center1_v7_m,real_tsc_fd_probe,"[-0.689922535283813,-0.6017098613907631,0.04415247725296375,-0.49077844169390217,-0.20688584005420638,-0.030122634663424044,0.0,-0.03,0.0,0.0,0.0,0.0,0.0,0.0,0.0,0.0,0.0,0.0,0.0,0.0,0.0]",s30screen_0803181b62756a85,nominal_07_s22g005_a2acc95ca222cec3,7,-1,0.03,-0.03,two_sided,56
Stage3.1,round_000_probes,s31r000p_1f2e6d40a739cee2,nominal_07_s22g005_a2acc95ca222cec3,s22g005_a2acc95ca222cec3,position_front,center1_v7_p,real_tsc_fd_probe,"[-0.689922535283813,-0.6017098613907631,0.04415247725296375,-0.49077844169390217,-0.20688584005420638,-0.030122634663424044,0.0,0.03,0.0,0.0,0.0,0.0,0.0,0.0,0.0,0.0,0.0,0.0,0.0,0.0,0.0]",s30screen_0803181b62756a85,nominal_07_s22g005_a2acc95ca222cec3,7,1,0.03,0.03,two_sided,57
Stage3.1,round_000_probes,s31r000p_5694aa51cd29ec61,nominal_07_s22g005_a2acc95ca222cec3,s22g005_a2acc95ca222cec3,position_front,center1_v8_m,real_tsc_fd_probe,"[-0.689922535283813,-0.6017098613907631,0.04415247725296375,-0.49077844169390217,-0.20688584005420638,-0.030122634663424044,0.0,0.0,-0.011,0.0,0.0,0.0,0.0,0.0,0.0,0.0,0.0,0.0,0.0,0.0,0.0]",s30screen_0803181b62756a85,nominal_07_s22g005_a2acc95ca222cec3,8,-1,0.011,-0.011,two_sided,58
Stage3.1,round_000_probes,s31r000p_674739679e5781fd,nominal_07_s22g005_a2acc95ca222cec3,s22g005_a2acc95ca222cec3,position_front,center1_v8_p,real_tsc_fd_probe,"[-0.689922535283813,-0.6017098613907631,0.04415247725296375,-0.49077844169390217,-0.20688584005420638,-0.030122634663424044,0.0,0.0,0.011,0.0,0.0,0.0,0.0,0.0,0.0,0.0,0.0,0.0,0.0,0.0,0.0]",s30screen_0803181b62756a85,nominal_07_s22g005_a2acc95ca222cec3,8,1,0.011,0.011,two_sided,59
Stage3.1,round_000_probes,s31r000p_fcdbf2cbfadc6431,nominal_07_s22g005_a2acc95ca222cec3,s22g005_a2acc95ca222cec3,position_front,center1_v9_m,real_tsc_fd_probe,"[-0.689922535283813,-0.6017098613907631,0.04415247725296375,-0.49077844169390217,-0.20688584005420638,-0.030122634663424044,0.0,0.0,0.0,-0.04,0.0,0.0,0.0,0.0,0.0,0.0,0.0,0.0,0.0,0.0,0.0]",s30screen_0803181b62756a85,nominal_07_s22g005_a2acc95ca222cec3,9,-1,0.04,-0.04,two_sided,60
Stage3.1,round_000_probes,s31r000p_72dec3264ee74812,nominal_07_s22g005_a2acc95ca222cec3,s22g005_a2acc95ca222cec3,position_front,center1_v9_p,real_tsc_fd_probe,"[-0.689922535283813,-0.6017098613907631,0.04415247725296375,-0.49077844169390217,-0.20688584005420638,-0.030122634663424044,0.0,0.0,0.0,0.04,0.0,0.0,0.0,0.0,0.0,0.0,0.0,0.0,0.0,0.0,0.0]",s30screen_0803181b62756a85,nominal_07_s22g005_a2acc95ca222cec3,9,1,0.04,0.04,two_sided,61
Stage3.1,round_000_probes,s31r000p_da45c80895c0fdbd,nominal_07_s22g005_a2acc95ca222cec3,s22g005_a2acc95ca222cec3,position_front,center1_v10_m,real_tsc_fd_probe,"[-0.689922535283813,-0.6017098613907631,0.04415247725296375,-0.49077844169390217,-0.20688584005420638,-0.030122634663424044,0.0,0.0,0.0,0.0,-0.04,0.0,0.0,0.0,0.0,0.0,0.0,0.0,0.0,0.0,0.0]",s30screen_0803181b62756a85,nominal_07_s22g005_a2acc95ca222cec3,10,-1,0.04,-0.04,two_sided,62
Stage3.1,round_000_probes,s31r000p_686179412ed2f5bc,nominal_07_s22g005_a2acc95ca222cec3,s22g005_a2acc95ca222cec3,position_front,center1_v10_p,real_tsc_fd_probe,"[-0.689922535283813,-0.6017098613907631,0.04415247725296375,-0.49077844169390217,-0.20688584005420638,-0.030122634663424044,0.0,0.0,0.0,0.0,0.04,0.0,0.0,0.0,0.0,0.0,0.0,0.0,0.0,0.0,0.0]",s30screen_0803181b62756a85,nominal_07_s22g005_a2acc95ca222cec3,10,1,0.04,0.04,two_sided,63
Stage3.1,round_000_probes,s31r000p_f254c479ff596207,nominal_07_s22g005_a2acc95ca222cec3,s22g005_a2acc95ca222cec3,position_front,center1_v11_m,real_tsc_fd_probe,"[-0.689922535283813,-0.6017098613907631,0.04415247725296375,-0.49077844169390217,-0.20688584005420638,-0.030122634663424044,0.0,0.0,0.0,0.0,0.0,-0.014,0.0,0.0,0.0,0.0,0.0,0.0,0.0,0.0,0.0]",s30screen_0803181b62756a85,nominal_07_s22g005_a2acc95ca222cec3,11,-1,0.014,-0.014,two_sided,64
Stage3.1,round_000_probes,s31r000p_e5745ceec2e6ab37,nominal_07_s22g005_a2acc95ca222cec3,s22g005_a2acc95ca222cec3,position_front,center1_v11_p,real_tsc_fd_probe,"[-0.689922535283813,-0.6017098613907631,0.04415247725296375,-0.49077844169390217,-0.20688584005420638,-0.030122634663424044,0.0,0.0,0.0,0.0,0.0,0.014,0.0,0.0,0.0,0.0,0.0,0.0,0.0,0.0,0.0]",s30screen_0803181b62756a85,nominal_07_s22g005_a2acc95ca222cec3,11,1,0.014,0.014,two_sided,65
Stage3.1,round_000_probes,s31r000p_e127dfa3e2c4f59c,nominal_07_s22g005_a2acc95ca222cec3,s22g005_a2acc95ca222cec3,position_front,center1_v12_m,real_tsc_fd_probe,"[-0.689922535283813,-0.6017098613907631,0.04415247725296375,-0.49077844169390217,-0.20688584005420638,-0.030122634663424044,0.0,0.0,0.0,0.0,0.0,0.0,-0.05,0.0,0.0,0.0,0.0,0.0,0.0,0.0,0.0]",s30screen_0803181b62756a85,nominal_07_s22g005_a2acc95ca222cec3,12,-1,0.05,-0.05,two_sided,66
Stage3.1,round_000_probes,s31r000p_92255ed52b8834bb,nominal_07_s22g005_a2acc95ca222cec3,s22g005_a2acc95ca222cec3,position_front,center1_v12_p,real_tsc_fd_probe,"[-0.689922535283813,-0.6017098613907631,0.04415247725296375,-0.49077844169390217,-0.20688584005420638,-0.030122634663424044,0.0,0.0,0.0,0.0,0.0,0.0,0.05,0.0,0.0,0.0,0.0,0.0,0.0,0.0,0.0]",s30screen_0803181b62756a85,nominal_07_s22g005_a2acc95ca222cec3,12,1,0.05,0.05,two_sided,67
Stage3.1,round_000_probes,s31r000p_8ce3ea296fac9f19,nominal_07_s22g005_a2acc95ca222cec3,s22g005_a2acc95ca222cec3,position_front,center1_v13_m,real_tsc_fd_probe,"[-0.689922535283813,-0.6017098613907631,0.04415247725296375,-0.49077844169390217,-0.20688584005420638,-0.030122634663424044,0.0,0.0,0.0,0.0,0.0,0.0,0.0,-0.05,0.0,0.0,0.0,0.0,0.0,0.0,0.0]",s30screen_0803181b62756a85,nominal_07_s22g005_a2acc95ca222cec3,13,-1,0.05,-0.05,two_sided,68
Stage3.1,round_000_probes,s31r000p_c2093da88425f400,nominal_07_s22g005_a2acc95ca222cec3,s22g005_a2acc95ca222cec3,position_front,center1_v13_p,real_tsc_fd_probe,"[-0.689922535283813,-0.6017098613907631,0.04415247725296375,-0.49077844169390217,-0.20688584005420638,-0.030122634663424044,0.0,0.0,0.0,0.0,0.0,0.0,0.0,0.05,0.0,0.0,0.0,0.0,0.0,0.0,0.0]",s30screen_0803181b62756a85,nominal_07_s22g005_a2acc95ca222cec3,13,1,0.05,0.05,two_sided,69
Stage3.1,round_000_probes,s31r000p_255f721f07b0eead,nominal_07_s22g005_a2acc95ca222cec3,s22g005_a2acc95ca222cec3,position_front,center1_v14_m,real_tsc_fd_probe,"[-0.689922535283813,-0.6017098613907631,0.04415247725296375,-0.49077844169390217,-0.20688584005420638,-0.030122634663424044,0.0,0.0,0.0,0.0,0.0,0.0,0.0,0.0,-0.018,0.0,0.0,0.0,0.0,0.0,0.0]",s30screen_0803181b62756a85,nominal_07_s22g005_a2acc95ca222cec3,14,-1,0.018,-0.018,two_sided,70
Stage3.1,round_000_probes,s31r000p_5f1cd28fbe4f7891,nominal_07_s22g005_a2acc95ca222cec3,s22g005_a2acc95ca222cec3,position_front,center1_v14_p,real_tsc_fd_probe,"[-0.689922535283813,-0.6017098613907631,0.04415247725296375,-0.49077844169390217,-0.20688584005420638,-0.030122634663424044,0.0,0.0,0.0,0.0,0.0,0.0,0.0,0.0,0.018,0.0,0.0,0.0,0.0,0.0,0.0]",s30screen_0803181b62756a85,nominal_07_s22g005_a2acc95ca222cec3,14,1,0.018,0.018,two_sided,71
Stage3.1,round_000_probes,s31r000p_10f894e4083738b5,nominal_07_s22g005_a2acc95ca222cec3,s22g005_a2acc95ca222cec3,position_front,center1_v15_m,real_tsc_fd_probe,"[-0.689922535283813,-0.6017098613907631,0.04415247725296375,-0.49077844169390217,-0.20688584005420638,-0.030122634663424044,0.0,0.0,0.0,0.0,0.0,0.0,0.0,0.0,0.0,-0.05,0.0,0.0,0.0,0.0,0.0]",s30screen_0803181b62756a85,nominal_07_s22g005_a2acc95ca222cec3,15,-1,0.05,-0.05,two_sided,72
Stage3.1,round_000_probes,s31r000p_8a3ba17ea82dbe87,nominal_07_s22g005_a2acc95ca222cec3,s22g005_a2acc95ca222cec3,position_front,center1_v15_p,real_tsc_fd_probe,"[-0.689922535283813,-0.6017098613907631,0.04415247725296375,-0.49077844169390217,-0.20688584005420638,-0.030122634663424044,0.0,0.0,0.0,0.0,0.0,0.0,0.0,0.0,0.0,0.05,0.0,0.0,0.0,0.0,0.0]",s30screen_0803181b62756a85,nominal_07_s22g005_a2acc95ca222cec3,15,1,0.05,0.05,two_sided,73
Stage3.1,round_000_probes,s31r000p_88b7700f9035f298,nominal_07_s22g005_a2acc95ca222cec3,s22g005_a2acc95ca222cec3,position_front,center1_v16_m,real_tsc_fd_probe,"[-0.689922535283813,-0.6017098613907631,0.04415247725296375,-0.49077844169390217,-0.20688584005420638,-0.030122634663424044,0.0,0.0,0.0,0.0,0.0,0.0,0.0,0.0,0.0,0.0,-0.05,0.0,0.0,0.0,0.0]",s30screen_0803181b62756a85,nominal_07_s22g005_a2acc95ca222cec3,16,-1,0.05,-0.05,two_sided,74
Stage3.1,round_000_probes,s31r000p_7f0d610771659ace,nominal_07_s22g005_a2acc95ca222cec3,s22g005_a2acc95ca222cec3,position_front,center1_v16_p,real_tsc_fd_probe,"[-0.689922535283813,-0.6017098613907631,0.04415247725296375,-0.49077844169390217,-0.20688584005420638,-0.030122634663424044,0.0,0.0,0.0,0.0,0.0,0.0,0.0,0.0,0.0,0.0,0.05,0.0,0.0,0.0,0.0]",s30screen_0803181b62756a85,nominal_07_s22g005_a2acc95ca222cec3,16,1,0.05,0.05,two_sided,75
Stage3.1,round_000_probes,s31r000p_1420a5f655b14e63,nominal_07_s22g005_a2acc95ca222cec3,s22g005_a2acc95ca222cec3,position_front,center1_v17_m,real_tsc_fd_probe,"[-0.689922535283813,-0.6017098613907631,0.04415247725296375,-0.49077844169390217,-0.20688584005420638,-0.030122634663424044,0.0,0.0,0.0,0.0,0.0,0.0,0.0,0.0,0.0,0.0,0.0,-0.018,0.0,0.0,0.0]",s30screen_0803181b62756a85,nominal_07_s22g005_a2acc95ca222cec3,17,-1,0.018,-0.018,two_sided,76
Stage3.1,round_000_probes,s31r000p_59412d3b131b4673,nominal_07_s22g005_a2acc95ca222cec3,s22g005_a2acc95ca222cec3,position_front,center1_v17_p,real_tsc_fd_probe,"[-0.689922535283813,-0.6017098613907631,0.04415247725296375,-0.49077844169390217,-0.20688584005420638,-0.030122634663424044,0.0,0.0,0.0,0.0,0.0,0.0,0.0,0.0,0.0,0.0,0.0,0.018,0.0,0.0,0.0]",s30screen_0803181b62756a85,nominal_07_s22g005_a2acc95ca222cec3,17,1,0.018,0.018,two_sided,77
Stage3.1,round_000_probes,s31r000p_e0cfe1227f05fab2,nominal_07_s22g005_a2acc95ca222cec3,s22g005_a2acc95ca222cec3,position_front,center1_v18_m,real_tsc_fd_probe,"[-0.689922535283813,-0.6017098613907631,0.04415247725296375,-0.49077844169390217,-0.20688584005420638,-0.030122634663424044,0.0,0.0,0.0,0.0,0.0,0.0,0.0,0.0,0.0,0.0,0.0,0.0,-0.05,0.0,0.0]",s30screen_0803181b62756a85,nominal_07_s22g005_a2acc95ca222cec3,18,-1,0.05,-0.05,two_sided,78
Stage3.1,round_000_probes,s31r000p_326b41fc89365ab2,nominal_07_s22g005_a2acc95ca222cec3,s22g005_a2acc95ca222cec3,position_front,center1_v18_p,real_tsc_fd_probe,"[-0.689922535283813,-0.6017098613907631,0.04415247725296375,-0.49077844169390217,-0.20688584005420638,-0.030122634663424044,0.0,0.0,0.0,0.0,0.0,0.0,0.0,0.0,0.0,0.0,0.0,0.0,0.05,0.0,0.0]",s30screen_0803181b62756a85,nominal_07_s22g005_a2acc95ca222cec3,18,1,0.05,0.05,two_sided,79
Stage3.1,round_000_probes,s31r000p_d28c7b14eee31652,nominal_07_s22g005_a2acc95ca222cec3,s22g005_a2acc95ca222cec3,position_front,center1_v19_m,real_tsc_fd_probe,"[-0.689922535283813,-0.6017098613907631,0.04415247725296375,-0.49077844169390217,-0.20688584005420638,-0.030122634663424044,0.0,0.0,0.0,0.0,0.0,0.0,0.0,0.0,0.0,0.0,0.0,0.0,0.0,-0.05,0.0]",s30screen_0803181b62756a85,nominal_07_s22g005_a2acc95ca222cec3,19,-1,0.05,-0.05,two_sided,80
Stage3.1,round_000_probes,s31r000p_cc81e4a7c42f8baa,nominal_07_s22g005_a2acc95ca222cec3,s22g005_a2acc95ca222cec3,position_front,center1_v19_p,real_tsc_fd_probe,"[-0.689922535283813,-0.6017098613907631,0.04415247725296375,-0.49077844169390217,-0.20688584005420638,-0.030122634663424044,0.0,0.0,0.0,0.0,0.0,0.0,0.0,0.0,0.0,0.0,0.0,0.0,0.0,0.05,0.0]",s30screen_0803181b62756a85,nominal_07_s22g005_a2acc95ca222cec3,19,1,0.05,0.05,two_sided,81
Stage3.1,round_000_probes,s31r000p_7d6a63b486dacb93,nominal_07_s22g005_a2acc95ca222cec3,s22g005_a2acc95ca222cec3,position_front,center1_v20_m,real_tsc_fd_probe,"[-0.689922535283813,-0.6017098613907631,0.04415247725296375,-0.49077844169390217,-0.20688584005420638,-0.030122634663424044,0.0,0.0,0.0,0.0,0.0,0.0,0.0,0.0,0.0,0.0,0.0,0.0,0.0,0.0,-0.018]",s30screen_0803181b62756a85,nominal_07_s22g005_a2acc95ca222cec3,20,-1,0.018,-0.018,two_sided,82
Stage3.1,round_000_probes,s31r000p_0c8f2e96299a62cb,nominal_07_s22g005_a2acc95ca222cec3,s22g005_a2acc95ca222cec3,position_front,center1_v20_p,real_tsc_fd_probe,"[-0.689922535283813,-0.6017098613907631,0.04415247725296375,-0.49077844169390217,-0.20688584005420638,-0.030122634663424044,0.0,0.0,0.0,0.0,0.0,0.0,0.0,0.0,0.0,0.0,0.0,0.0,0.0,0.0,0.018]",s30screen_0803181b62756a85,nominal_07_s22g005_a2acc95ca222cec3,20,1,0.018,0.018,two_sided,83
