stage,generation,candidate_id,population_index,source_name,source_type,linear_prefilter_score,proposal_rank_score,predicted_terminal_velocity_m_per_s,predicted_late_velocity_rms_m_per_s,parameter_vector,validation_id,candidate_label,candidate_n_modes,candidate_target_fraction,sequence_scale,success,failure_reason,n_trajectory_steps,terminal_R_error_m,terminal_Z_error_m,terminal_Ip_error_A,terminal_RZ_euclidean_error_m,terminal_RZ_box_max_error_m,terminal_normalized_RZ_distance,min_normalized_RZ_distance,min_normalized_RZ_distance_after_step0,min_RZ_euclidean_error_after_step0_m,closest_step_after_step0,closest_velocity_after_step0_m_per_s,relative_distance_reduction,relative_distance_reduction_after_step0,first_step_within_2x_RZ_only,first_step_within_1x_RZ_only,first_step_within_2x,first_step_within_1x,first_step_after_step0_within_2x,first_step_after_step0_within_1x,terminal_within_2x_RZ_only,terminal_within_1x_RZ_only,terminal_within_2x,terminal_within_1x,gate_ip_tolerance_A,terminal_Ip_safe,late_Ip_safe_fraction,late_fraction_within_2x,late_fraction_within_1x,late_R_rms_m,late_Z_rms_m,late_RZ_euclidean_rms_m,terminal_velocity_m_per_s,max_velocity_m_per_s,late_velocity_mean_m_per_s,late_velocity_rms_m_per_s,max_current_utilization,wall_time_s,first_step_after_step0_within_30mm,ever_after_step0_within_30mm,terminal_within_30mm,late_fraction_within_30mm,longest_streak_after_step0_within_30mm_steps,trailing_streak_within_30mm_steps,first_step_after_step0_within_40mm,ever_after_step0_within_40mm,terminal_within_40mm,late_fraction_within_40mm,longest_streak_after_step0_within_40mm_steps,trailing_streak_within_40mm_steps,first_step_after_step0_within_80mm,ever_after_step0_within_80mm,terminal_within_80mm,late_fraction_within_80mm,longest_streak_after_step0_within_80mm_steps,trailing_streak_within_80mm_steps,gate_tier,gate_label,strict_gate_pass,relaxed_gate_pass,terminal_RZ_reduction_vs_zero_action_fraction,continuous_objective,selection_score,position_excess_objective,velocity_excess_objective,precise_streak_deficit,action_rms,delta_action_rms,repair_excess_rms,stage2_1_tube_window_steps,stage2_1_tube_excess_mean,stage2_1_tube_excess_max,stage2_1_tube_excess_terminal,stage2_1_late_position_core,stage2_1_terminal_position_core,stage2_1_velocity_excess,stage2_1_velocity_core,stage2_1_streak_deficit,stage2_1_continuous_objective,generation_rank
Stage2.1,6,s21g006_0b291509e6d6e307,59,damped_parent_14,damped_tail,2.9708793529990767,3.5390277912582984,0.038741545561458555,0.08906494440506724,"[2.377578644922012,1.199789854092344,0.47988757453931286,1.1817136318569326,1.885565904481986,0.08919252639445775,-0.4326361513465118,1.9943257486495811,-0.292277479798058,-0.7866809951428025,-1.2486759521275528,0.29701704992437905,-0.29013832489399116,0.1082431839907378,0.13190421106449873]",s21g006_0b291509e6d6e307,,,,,True,,11,-0.027317868999999995,0.0310698244,648.6790000000001,0.0413714872218536,0.0310698244,1.379049574061787,0.5817437020072838,0.7819370298443657,0.02345811089533097,1,0.6279967525495519,0.0,-0.3441263345805426,0,0,0,0,1,1,True,False,True,False,10000.0,True,1.0,1.0,0.0,0.027465226450963675,0.031708402717514815,0.041949510925621235,0.006700890761681473,0.6493941539488401,0.07604418592964014,0.08755994037695924,0.41424999999999995,786.5750801563263,1,True,False,0.0,2,0,1,True,True,1.0,10,10,1,True,True,1.0,10,10,1,PASS_DAMPED_HOLD_40MM,False,True,0.5235350295802911,13.497538748582931,1000013.4975387485,0.003831089329000612,0.0,1.0,0.4540347534078743,0.24855397514262823,0.04293549084568858,5,0.0065026571285897285,0.017188928326946188,0.0012716936075948503,1.9552905187764615,1.9017777277199959,0.0,0.7711645095816646,1.0,13.497538748582931,1
Stage2.1,7,s21g007_323fc938dc836042,12,tail_fd_n2_m0_m,sensitivity,2.956095437579527,3.4534597654294155,0.028477192426211946,0.08494170496496682,"[2.3705445176467634,1.218059178969841,0.480262669915016,1.1862261679559902,1.8279077094025633,0.10745774008274162,-0.4374862623304618,2.0285331231245323,-0.3521861759092953,-0.7507178132641703,-1.232439316850542,0.10960775102737819,-0.5330934518181093,0.13786250362187769,0.15155042464019666]",s21g007_323fc938dc836042,,,,,True,,11,-0.02733970699999999,0.0307500211,769.1180000000022,0.04114636528900571,0.0307500211,1.3715455096335236,0.5817437020072838,0.7819287599363928,0.023457862798091783,1,0.6279649485659721,0.0,-0.3441121188564283,0,0,0,0,1,1,True,False,True,False,10000.0,True,1.0,1.0,0.0,0.02749970665199597,0.031485750748159326,0.041804142930109776,0.007557913849789627,0.649220739871843,0.08076822609122503,0.09255851116651777,0.41409999999999997,708.255535364151,1,True,False,0.0,2,0,1,True,True,1.0,10,10,1,True,True,1.0,10,10,1,PASS_DAMPED_HOLD_40MM,False,True,0.5261277020288304,13.503434335592521,1000013.5034343356,0.0031584846391285947,0.0,1.0,0.45504028663083584,0.24395998016857065,0.05584201032956573,5,0.005824382197352871,0.01648797243024998,0.0006250351671613469,1.9417626290233858,1.8811370849958822,0.0,0.8624200051123235,1.0,13.503434335592521,2
Stage2.1,5,s21g005_aa1fa1d922105141,153,global_0021,global,3.01235533272606,3.558748921662991,0.039147393215247045,0.08706809404957885,"[2.3719959241969604,1.2254518043584621,0.504273706891896,1.20113520067722,1.839596754596527,0.097422387112408,-0.4562058065127226,1.949019327351317,-0.39323491874250915,-0.8462647034877862,-1.2725134000911102,0.2603641609439734,-0.2402631506851884,0.05785613206167113,-0.05021235899296321]",s21g005_aa1fa1d922105141,,,,,True,,11,-0.02762651599999999,0.0312777721,773.0344000000005,0.0417315637597945,0.0312777721,1.3910521253264834,0.5817437020072838,0.7819358988835939,0.02345807696650782,1,0.6279860907370649,0.0,-0.34412439049284915,0,0,0,0,1,1,True,False,True,False,10000.0,True,1.0,1.0,0.0,0.027640402691243633,0.031771644284421544,0.04211210326580619,0.020548192225691465,0.6493121826217115,0.07575536183241262,0.08446084559187891,0.4139,788.7475025653839,1,True,False,0.0,2,0,1,True,True,1.0,10,10,1,True,True,1.0,10,10,1,PASS_DAMPED_HOLD_40MM,False,True,0.5193881190261977,13.512739502359112,1000013.5127395024,0.003966702817573234,0.0,1.0,0.45292386867939527,0.24816450514911992,0.05003757342089131,5,0.006544973452223764,0.01685805599082588,0.0018141128217093387,1.9704769349665827,1.9350260153753265,0.0,0.7555862641839178,1.0,13.512739502359112,1
Stage2.1,6,s21g006_9899bd6e9447845c,12,tail_fd_n2_m0_m,sensitivity,2.9737238249841416,3.4346893145140327,0.026417905783658033,0.081951091269788,"[2.3705445176467634,1.218059178969841,0.480262669915016,1.1862261679559902,1.8279077094025633,0.10745774008274162,-0.4374862623304618,2.0285331231245323,-0.3521861759092953,-0.7507178132641703,-1.3124393168505422,0.10960775102737819,-0.5330934518181093,0.13786250362187769,0.15155042464019666]",s21g006_9899bd6e9447845c,,,,,True,,11,-0.027554666999999977,0.0308383376,764.9800000000032,0.04135532298764527,0.0308383376,1.3785107662548426,0.5817437020072838,0.7819287599363928,0.023457862798091783,1,0.6279649485659721,0.0,-0.3441121188564283,0,0,0,0,1,1,True,False,True,False,10000.0,True,1.0,1.0,0.0,0.02758826457905408,0.03152435066155787,0.04189149110639002,0.015557429159375911,0.649220739871843,0.08097670445958985,0.09097722079043526,0.41409999999999997,811.3032584190369,1,True,False,0.0,2,0,1,True,True,1.0,10,10,1,True,True,1.0,10,10,1,PASS_DAMPED_HOLD_40MM,False,True,0.5237211889835687,13.524507410285988,1000013.5245074102,0.0032455251476268014,0.0,1.0,0.45720643542899003,0.24903096609958217,0.05584201032956573,5,0.005894463525056963,0.01649021703477761,0.0007808999239708493,1.9498855856852826,1.900291932680513,0.0,0.8518888304800605,1.0,13.524507410285988,3
Stage2.1,4,s21g004_15b2028657dc017a,153,global_0063,global,2.947176265446409,3.589932680864933,0.0487286232540491,0.09279005749708458,"[2.4188628646808983,1.2635197633433322,0.5145452478386736,1.1973841503703848,1.848431591192139,0.09162262327233359,-0.5953114325321545,2.2075844145783106,-0.28232381356054237,-0.6295337501207002,-1.2175652884965533,0.23860751069765182,-0.42321125356670136,0.040415531166020535,0.06416466156755125]",s21g004_15b2028657dc017a,,,,,True,,11,-0.026625154999999956,0.0311361917,700.818900000002,0.04096780824443958,0.0311361917,1.365593608147986,0.5817437020072838,0.7819319266147357,0.02345795779844207,1,0.6279680347633761,0.0,-0.3441175622816548,0,0,0,0,1,1,True,False,True,False,10000.0,True,1.0,1.0,0.0,0.027035875782170985,0.031796167606241064,0.041736493069652526,0.012673803284980406,0.6492340978530599,0.07794362036957281,0.08772622789392835,0.4138,757.9399011135101,1,True,False,0.0,2,0,1,True,True,1.0,10,10,1,True,True,1.0,10,10,1,PASS_DAMPED_HOLD_40MM,False,True,0.5281840984184795,13.534327426808467,1000013.5343274268,0.004156062160192784,0.0,1.0,0.45457992107957174,0.24705853538983585,0.07731822042777997,5,0.006799932863135351,0.01737541567490562,0.001434368421276546,1.935483170836837,1.8648459026146353,0.0,0.7856516350203832,1.0,13.534327426808467,1
Stage2.1,4,s21g004_1ab4ea44e70a27bb,146,global_0042,global,2.9971780831518124,3.460570444444399,0.025860486519135032,0.08227398828000203,"[2.394514375144936,1.1987730415027087,0.47742722490888867,1.172001652129545,1.847213378995894,0.1156475782309182,-0.4408013115873217,2.1575013686932776,-0.3810408517158905,-0.8477591010812752,-1.279796066494783,0.21592372367509358,-0.48475272034523376,0.15941177344367194,0.08595985908539167]",s21g004_1ab4ea44e70a27bb,,,,,True,,11,-0.02734521099999998,0.0312217241,747.1787000000004,0.041503694057409404,0.0312217241,1.3834564685803135,0.5817437020072838,0.7819294675665593,0.023457884026996778,1,0.6279726254795096,0.0,-0.34411333525149046,0,0,0,0,1,1,True,False,True,False,10000.0,True,1.0,1.0,0.0,0.027543851872131472,0.031750119275035446,0.04203253323240104,0.011762652235992092,0.6495295214204908,0.07653908898301387,0.08706682586432289,0.4143,761.5693647861481,1,True,False,0.0,2,0,1,True,True,1.0,10,10,1,True,True,1.0,10,10,1,PASS_DAMPED_HOLD_40MM,False,True,0.5220124368425781,13.55039767154266,1000013.5503976715,0.003924564976641597,0.0,1.0,0.45776700562357797,0.2500551668504593,0.08112180989864821,5,0.006559439707646905,0.01709893863166814,0.0016584553072453497,1.9630376110365533,1.913951800456712,0.0,0.7718992153713214,1.0,13.55039767154266,2
Stage2.1,7,s21g007_a0c6d49d1252863b,151,global_0033,global,2.960729568277812,3.4917863294103877,0.029843002275518307,0.08769576725720968,"[2.3675050030074654,1.2245897222338291,0.4788416415445973,1.2019320063933598,1.8733629596317027,0.1059155723983694,-0.5219481337218594,2.3643975578491907,-0.30461025141653897,-0.7031480584928452,-1.3346794276870348,0.22178505171370505,-0.36335402518833704,-0.08715477450129665,0.08881541437099584]",s21g007_a0c6d49d1252863b,,,,,True,,11,-0.026915396000000036,0.0309796911,676.7064000000028,0.04103875975816323,0.0309796911,1.3679586586054409,0.5817437020072838,0.7819264310302289,0.023457792930906867,1,0.6279527302389383,0.0,-0.34410811553648535,0,0,0,0,1,1,True,False,True,False,10000.0,True,1.0,1.0,0.0,0.02716492825308378,0.03165979784689438,0.041716616913424404,0.005589586416914156,0.6492392009492948,0.07863399106858003,0.09059910401287023,0.41405000000000003,792.9587712287903,1,True,False,0.0,2,0,1,True,True,1.0,10,10,1,True,True,1.0,10,10,1,PASS_DAMPED_HOLD_40MM,False,True,0.5273669677529492,13.552956911538187,1000013.5529569115,0.003689953562464222,0.0,1.0,0.45950825996207195,0.25276019381372716,0.10543619073398837,5,0.006375430362195227,0.017117337561119245,0.0010664385015769057,1.933640140779341,1.871310891653597,0.0,0.8239441124247029,1.0,13.552956911538187,3
Stage2.1,6,s21g006_9d382ed3639c5aa8,46,damped_parent_03,damped_tail,2.9618252706333505,3.519935587070508,0.03605516681761807,0.0888049885586423,"[2.3710969602030634,1.1924640034595264,0.4718339490518498,1.2003537483542075,1.859352611672595,0.09660287268992822,-0.47357121315985606,2.141575079361943,-0.30037770311776174,-0.7809748674245992,-1.264434221146122,0.18295214645330013,-0.21088480608096793,-0.09403132416623719,0.0980466838944307]",s21g006_9d382ed3639c5aa8,,,,,True,,11,-0.027304176999999985,0.0310449794,698.7459000000017,0.04134378825886366,0.0310449794,1.3781262752954553,0.5817437020072838,0.781941117224381,0.023458233516731427,1,0.6280103358214598,0.0,-0.344133360664368,0,0,0,0,1,1,True,False,True,False,10000.0,True,1.0,1.0,0.0,0.02747353306356508,0.03168724425704998,0.04193896121270472,0.008677897010340399,0.6494898521974035,0.07777783266795238,0.08898272795402916,0.41435,735.9848918914795,1,True,False,0.0,2,0,1,True,True,1.0,10,10,1,True,True,1.0,10,10,1,PASS_DAMPED_HOLD_40MM,False,True,0.5238540315419776,13.553800728647905,1000013.5538007286,0.0037573306732744246,0.0,1.0,0.45615683571803434,0.24770192088240267,0.06685996808045834,5,0.0064340221962250945,0.017140788288027783,0.001213313273804844,1.954307186223056,1.899232030659725,0.0,0.7993231770662835,1.0,13.553800728647905,4
Stage2.1,6,s21g006_ef3f722d0943e6b5,143,global_0031,global,2.970354790157987,3.405089043221746,0.027996208271100505,0.07915920514519116,"[2.35104743008907,1.289310192260792,0.5219148530966953,1.1622562235890752,1.8360848893666808,0.09480983844300447,-0.49960046215214393,2.0503597765943478,-0.3452926785500771,-0.701125261785467,-1.291406180473784,0.26917599552127985,-0.6026395108409075,0.014416186398033198,-0.11172604049970693]",s21g006_ef3f722d0943e6b5,,,,,True,,11,-0.02673457400000001,0.0314816272,784.9472000000023,0.04130169848954467,0.0314816272,1.3767232829848224,0.5817437020072838,0.7819384923592178,0.023458154770776528,1,0.6279711614840405,0.0,-0.34412884859976955,0,0,0,0,1,1,True,False,True,False,10000.0,True,1.0,1.0,0.0,0.026977285798692074,0.03198173267656384,0.04184023391497118,0.011040356483325173,0.6490736772360921,0.0732732319113618,0.08326244492617821,0.4133,762.8475215435028,1,True,False,0.0,2,0,1,True,True,1.0,10,10,1,True,True,1.0,10,10,1,PASS_DAMPED_HOLD_40MM,False,True,0.5243387687859157,13.58140087749897,1000013.5814008774,0.0048267905502127235,0.0,1.0,0.45799322972508744,0.2474570070739833,0.059327288165334814,5,0.007479621604175013,0.01809094582002417,0.0024391323997553843,1.9451168600661162,1.8953669979125072,0.0,0.7054524206363758,1.0,13.58140087749897,5
Stage2.1,7,s21g007_2c7dedfb1b0c50ef,149,global_0009,global,2.995018759731498,3.5880680977100545,0.03288111598994744,0.09242114854316902,"[2.4299063290880425,1.2101326081430526,0.4389145346066841,1.2408052591633438,1.8709387080876543,0.10384803028488428,-0.48532866570063676,2.27329522737022,-0.30556584996754227,-0.8624011401500232,-1.3579025452028706,0.19113993477949456,-0.3742476840690564,0.025694608441571933,0.1512544293858898]",s21g007_2c7dedfb1b0c50ef,,,,,True,,11,-0.027501509000000035,0.0310850206,693.9880000000012,0.04150435522905406,0.0310850206,1.3834785076351355,0.5817437020072838,0.7819359374101618,0.02345807812230485,1,0.6279879073488334,0.0,-0.3441244567188653,0,0,0,0,1,1,True,False,True,False,10000.0,True,1.0,1.0,0.0,0.027628532585830187,0.031630966599862295,0.04199826021263124,0.015510490428228918,0.6495429448619444,0.07948833788007306,0.08968403985032239,0.41495,793.1349005699158,1,True,False,0.0,2,0,1,True,True,1.0,10,10,1,True,True,1.0,10,10,1,PASS_DAMPED_HOLD_40MM,False,True,0.5220048222957182,13.582070944179163,1000013.5820709441,0.0035128533795598985,0.0,1.0,0.46236378916079235,0.2562574690446021,0.09098882798921128,5,0.006146513406186242,0.01668115351269162,0.0013080774471381782,1.9598376232087609,1.9140127810883416,0.0,0.8283802317198394,1.0,13.582070944179163,4
Stage2.1,5,s21g005_cb96602efc035cf3,144,global_0071,global,2.9688723162518267,3.4462323960008554,0.023131017600908937,0.08399940847915849,"[2.337113034604129,1.2110204469940358,0.4833358647605283,1.2100081806443084,1.853092319470206,0.09659312469029405,-0.4608165282494981,2.3401742235165104,-0.3704979221563881,-0.7926250929630376,-1.3057770668458488,0.2065970409196579,-0.29874836433666685,-0.13093918510800273,0.11118217222611163]",s21g005_cb96602efc035cf3,,,,,True,,11,-0.02713417699999998,0.0308708615,691.5910000000003,0.041100774338441726,0.0308708615,1.3700258112813912,0.5817437020072838,0.7819298283012065,0.023457894849036192,1,0.627964797530151,0.0,-0.34411395534354455,0,0,0,0,1,1,True,False,True,False,10000.0,True,1.0,1.0,0.0,0.027324741153175226,0.03156293499484956,0.041747578906771665,0.008228147276521693,0.6492354193513784,0.08072085576578629,0.0923899205928783,0.41395000000000004,794.4768834114075,1,True,False,0.0,2,0,1,True,True,1.0,10,10,1,True,True,1.0,10,10,1,PASS_DAMPED_HOLD_40MM,False,True,0.5266527614929823,13.583681238316117,1000013.5836812383,0.003378657210109754,0.0,1.0,0.45852836683759957,0.2493980388435681,0.11043261509461715,5,0.006073444679508178,0.016852594557101874,0.0008426663913136117,1.936511493974585,1.876970723577234,0.0,0.8603599834762488,1.0,13.583681238316117,3
Stage2.1,5,s21g005_c50dcb4ba5f77d2b,146,global_0025,global,2.9588093167197718,3.549484505568379,0.036725651384045994,0.09143876617826485,"[2.395239551852028,1.2215209656264026,0.5028999231515754,1.193340006883377,1.852025252028338,0.10462194862818665,-0.4791284657220712,2.0477350181209255,-0.28486820649135447,-0.8507284429565956,-1.1648753040108757,0.2125413709971723,-0.4033370748695151,0.02428206568961328,0.08511707897353316]",s21g005_c50dcb4ba5f77d2b,,,,,True,,11,-0.026855564,0.0311876553,712.725400000003,0.04115690902958717,0.0311876553,1.3718969676529056,0.5817437020072838,0.7819422734243626,0.023458268202730878,1,0.6280099831846802,0.0,-0.34413534813750724,0,0,0,0,1,1,True,False,True,False,10000.0,True,1.0,1.0,0.0,0.027269268643352773,0.03172294812847352,0.041832504709916236,0.018093744830745565,0.6494378331204909,0.08010771757792734,0.08923714067522963,0.41405000000000003,769.2594311237335,1,True,False,0.0,2,0,1,True,True,1.0,10,10,1,True,True,1.0,10,10,1,PASS_DAMPED_HOLD_40MM,False,True,0.5260062724312595,13.589447827441631,1000013.5894478274,0.0038199427353573013,0.0,1.0,0.4564674279030942,0.2426410104569637,0.05043531998045444,5,0.0064427626801694,0.016934042459417795,0.0015672501240200994,1.9443982781168496,1.8821012898552376,0.0,0.8290650877890853,1.0,13.589447827441631,4
Stage2.1,4,s21g004_291aa70ce565c4df,154,global_0024,global,2.964752560776036,3.423216614794743,0.029530318610891677,0.08114020760999777,"[2.3491858718577037,1.2601024206263418,0.5024994978931229,1.1519701293246902,1.844060379663445,0.10792100427050708,-0.4277837331481433,2.10448746369154,-0.44040685623807474,-0.7536614670063856,-1.191237822504826,0.09252862988163732,-0.3461748288960582,0.06191073348665077,0.06025980915740683]",s21g004_291aa70ce565c4df,,,,,True,,11,-0.026860986999999947,0.0312088466,833.7102000000014,0.04117650699994473,0.0312088466,1.3725502333314912,0.5817437020072838,0.7819417230867509,0.023458251692602527,1,0.6279891760504054,0.0,-0.34413440212363583,0,0,0,0,1,1,True,False,True,False,10000.0,True,1.0,1.0,0.0,0.027139588592304358,0.03185181888912072,0.04184609462667794,0.004302375704301882,0.649139429032036,0.07490635486538645,0.08664717248855604,0.41359999999999997,728.8392436504364,1,True,False,0.0,2,0,1,True,True,1.0,10,10,1,True,True,1.0,10,10,1,PASS_DAMPED_HOLD_40MM,False,True,0.5257805675559035,13.60580318568098,1000013.6058031857,0.004386143383719229,0.0,1.0,0.44858893613355055,0.23874614490168447,0.08126488500402025,5,0.007115327634738167,0.01803206463881392,0.0016236778914795128,1.9456618172276494,1.8838941430183307,0.0,0.7526242936962548,1.0,13.60580318568098,3
Stage2.1,6,s21g006_90242d987b8be418,144,global_0052,global,2.96773945708734,3.416177725659628,0.027007537056101573,0.08066159333412687,"[2.3284459123337977,1.259940409008613,0.4887959835448445,1.231661066159629,1.8349165066903885,0.10319019374523443,-0.5478194551441874,2.1753746029615746,-0.31123993492513513,-0.8063946401621082,-1.2744237327463146,0.14649596836438764,-0.3493431215362549,0.02804424619468509,0.017712274681234985]",s21g006_90242d987b8be418,,,,,True,,11,-0.026673638,0.0314408727,788.327400000002,0.041231194989869616,0.0314408727,1.3743731663289873,0.5817437020072838,0.7819547766676843,0.02345864330003053,1,0.6280237507565338,0.0,-0.3441568408382938,0,0,0,0,1,1,True,False,True,False,10000.0,True,1.0,1.0,0.0,0.027035380613749545,0.031900180908053535,0.04181546779478675,0.017004362198553457,0.6491440272620884,0.07659781148276387,0.08570930385001452,0.41355,790.2561116218567,1,True,False,0.0,2,0,1,True,True,1.0,10,10,1,True,True,1.0,10,10,1,PASS_DAMPED_HOLD_40MM,False,True,0.5251507397867894,13.608402288091616,1000013.608402288,0.004458218851714901,0.0,1.0,0.4572745279959492,0.24905839235547264,0.07464438330046372,5,0.00707185416859713,0.01752639543612605,0.0023067934862280944,1.942814829885387,1.888901600325166,0.0,0.7635233100233707,1.0,13.608402288091616,6
Stage2.1,4,s21g004_2439a71df19cba15,38,damped_parent_03,damped_tail,2.970652238340171,3.526090633970485,0.028077644643436848,0.09011496939807201,"[2.424707509760626,1.2356486232944273,0.4807597568882312,1.171162364646781,1.8619412621646632,0.10964455414051402,-0.4210382921569152,2.2320895330944914,-0.2728235813577335,-0.8033132134339911,-1.4491727157655956,0.20395764365916078,-0.3802813363863395,0.10658456053464134,0.00603456117224576]",s21g004_2439a71df19cba15,,,,,True,,11,-0.027316247999999987,0.0309625885,740.1039000000019,0.041289941770579375,0.0309625885,1.376331392352646,0.5817437020072838,0.7819294055707001,0.023457882167121004,1,0.6279690863630605,0.0,-0.34411322868246524,0,0,0,0,1,1,True,False,True,False,10000.0,True,1.0,1.0,0.0,0.027396901351024624,0.031585942129327346,0.041812222421619624,0.016563613263137822,0.6492691887853047,0.08125735280416524,0.09131634077734975,0.4142,671.7658755779266,1,True,False,0.0,2,0,1,True,True,1.0,10,10,1,True,True,1.0,10,10,1,PASS_DAMPED_HOLD_40MM,False,True,0.5244741679492089,13.608736313068203,1000013.6087363131,0.0034112607746845996,0.0,1.0,0.46318913656713645,0.26220570588135145,0.07756450643023609,5,0.006091932814530621,0.016814620973914708,0.001029529578146945,1.942513270927768,1.8942881015753728,0.0,0.8613027377295863,1.0,13.608736313068203,4
Stage2.1,1,s21g001_808e7e4641469075,34,damped_parent_11,damped_tail,2.994963185313355,3.390464793529593,0.02137609869857633,0.07641071132839579,"[2.388055851527881,1.2111965248487515,0.497491459683687,1.1409288444038208,1.880784942916907,0.09717718092685362,-0.5444278149553825,2.3377948146149787,-0.29624829455095064,-0.6094051387529014,-1.3792699491603142,0.22354102576572088,-0.6326281176216254,0.16899663618650482,-0.011895193660773774]",s21g001_808e7e4641469075,,,,,True,,11,-0.02681133300000005,0.0313977242,763.1123000000007,0.04128758484309971,0.0313977242,1.3762528281033237,0.5817437020072838,0.7819425370349836,0.02345827611104951,1,0.6280120013857927,0.0,-0.34413580127626936,0,0,0,0,1,1,True,False,True,False,10000.0,True,1.0,1.0,0.0,0.02709798234447497,0.03197649340293952,0.04191415963000703,0.0029949779261956096,0.649451345171487,0.07240273746099879,0.0841311878979551,0.41409999999999997,831.5745630264282,1,True,False,0.0,2,0,1,True,True,1.0,10,10,1,True,True,1.0,10,10,1,PASS_DAMPED_HOLD_40MM,False,True,0.5245013120877761,13.61109833870773,1000013.6110983387,0.0048480448313714414,0.0,1.0,0.4594815378590509,0.258796882692368,0.10026266213458629,5,0.007516674603444707,0.01819119369173777,0.002170703265850707,1.951996419433013,1.894071846862397,0.0,0.7087026669899424,1.0,13.61109833870773,1
Stage2.1,7,s21g007_aad4a51850eed261,91,bridge_p09_d10,bridge,2.93469951415587,3.4730801685091963,0.03010431933366803,0.08828809509992797,"[2.2974754556946713,1.3259205739763056,0.5997878815555687,1.2381186303084712,1.8953337010130804,0.08506667305317187,-0.44064484770501783,1.9871266783434711,-0.3827048559148929,-0.7470269039344354,-1.2463822186887918,0.14984914899061114,-0.5657432124130458,0.13882716334363793,0.17129016381527404]",s21g007_aad4a51850eed261,,,,,True,,11,-0.02654385299999995,0.0312214659,739.6317000000017,0.04097994710868316,0.0312214659,1.3659982369561052,0.5817437020072838,0.7819419400197836,0.023458258200593506,1,0.6279724807917892,0.0,-0.3441347750250216,0,0,0,0,1,1,True,False,True,False,10000.0,True,1.0,1.0,0.0,0.026821491912096686,0.03183308739142222,0.04162616822697703,0.004335873883501712,0.6489553129706754,0.07591238510357275,0.08796192293936478,0.41235,719.022230386734,1,True,False,0.0,2,0,1,True,True,1.0,10,10,1,True,True,1.0,10,10,1,PASS_DAMPED_HOLD_40MM,False,True,0.5280442981845229,13.61232780090771,1000013.612327801,0.00430385707769354,0.0,1.0,0.4556132416046953,0.2426444638498482,0.056544691765123396,5,0.007061439100516756,0.01809176719180961,0.001657754383180899,1.9252643125117692,1.865951183367188,0.0,0.775609968952438,1.0,13.61232780090771,5
Stage2.1,7,s21g007_fe7a1404db40eec4,144,global_0031,global,2.952761893937529,3.377794897949647,0.017752931279121538,0.07980767016319976,"[2.328810610060505,1.2582458228136193,0.5197891817572043,1.1756120175902274,1.8886507012672817,0.08410638796008495,-0.47515524620118893,2.2247699331289796,-0.3449117256204871,-0.7427012506615032,-1.3017700693827141,0.10941729782114973,-0.5056674599051973,0.1109930137592202,0.1244362366142426]",s21g007_fe7a1404db40eec4,,,,,True,,11,-0.026543820999999967,0.0313531941,780.5381000000016,0.041080375041524564,0.0313531941,1.3693458347174856,0.5817437020072838,0.7819385311745731,0.023458155935237195,1,0.6279829531923656,0.0,-0.34412891532220286,0,0,0,0,1,1,True,False,True,False,10000.0,True,1.0,1.0,0.0,0.026874036870982273,0.03190369954096173,0.04171402524502851,0.0087132771981429,0.6490478964747765,0.07559362412245732,0.08643801011063026,0.41340000000000005,721.4643356800079,1,True,False,0.0,2,0,1,True,True,1.0,10,10,1,True,True,1.0,10,10,1,PASS_DAMPED_HOLD_40MM,False,True,0.526887695043959,13.61261131268233,1000013.6126113127,0.004537155999956973,0.0,1.0,0.45740640518958386,0.2492175439559799,0.08826143305324728,5,0.007222379472578644,0.017963273363065333,0.0020345936358609103,1.9333998912698627,1.8751080150581272,0.0,0.7547450791417095,1.0,13.61261131268233,6
Stage2.1,5,s21g005_ebde2cf9172a16de,52,damped_parent_13,damped_tail,2.960662921737664,3.6926089952229684,0.04299096728493441,0.10131886141529801,"[2.482118646138518,1.195214966807005,0.4592753628349344,1.1841741244521284,1.842397754093172,0.11598117998072624,-0.4218601681257281,2.120233232746242,-0.20296901109877458,-1.0068937425539453,-1.2248942222386667,0.16557601411251338,-0.0993128430264193,0.049221935565602476,-0.016761874607832038]",s21g005_ebde2cf9172a16de,,,,,True,,11,-0.027124969000000054,0.0309943849,752.1094000000012,0.04118756898119033,0.0309943849,1.3729189660396777,0.5817437020072838,0.7819304316068331,0.02345791294820499,1,0.6279863067212738,0.0,-0.3441149924078471,0,0,0,0,1,1,True,False,True,False,10000.0,True,1.0,1.0,0.0,0.027535604827299952,0.0315344161215535,0.04186441129805265,0.019341212931739776,0.6496349564248444,0.08362843141802086,0.09325403278530904,0.41515,777.9406561851501,1,True,False,0.0,2,0,1,True,True,1.0,10,10,1,True,True,1.0,10,10,1,PASS_DAMPED_HOLD_40MM,False,True,0.5256531695114798,13.614421339515625,1000013.6144213395,0.003178926252548333,0.0,1.0,0.4602893689620664,0.253591450401869,0.05089199468542951,5,0.005780110906777892,0.016184849523696133,0.0010986681437200171,1.9473654814805759,1.8849064873114578,0.0,0.9070397148394391,1.0,13.614421339515625,5
Stage2.1,5,s21g005_781e1312901facb3,141,global_0001,global,2.9685874838654516,3.439585559111936,0.019895962796264856,0.08386283200751295,"[2.362616456418077,1.2170104406999267,0.4840326484039379,1.168343243678228,1.8512278079514888,0.11026951832760885,-0.4151066958781855,2.259592664700186,-0.3662966335397335,-0.8268931265109312,-1.280877118444836,0.21777554119476347,-0.5844394509460931,-0.06875131970342654,-0.028289763633521606]",s21g005_781e1312901facb3,,,,,True,,11,-0.02700141899999997,0.0310546516,771.9892,0.04115176805449484,0.0310546516,1.3717256018164947,0.5817437020072838,0.7819298432760449,0.023457895298281347,1,0.627966639209766,0.0,-0.3441139810848432,0,0,0,0,1,1,True,False,True,False,10000.0,True,1.0,1.0,0.0,0.027274948207115818,0.03165662360089081,0.04178593803553209,0.007595848900050386,0.649260174820195,0.0794922996713385,0.09120958748455202,0.41405000000000003,778.9105863571167,1,True,False,0.0,2,0,1,True,True,1.0,10,10,1,True,True,1.0,10,10,1,PASS_DAMPED_HOLD_40MM,False,True,0.5260654797431012,13.615465526136488,1000013.6154655261,0.003651985342752412,0.0,1.0,0.46155701762146756,0.24703699223518613,0.09541294308519971,5,0.006351884846175713,0.017151482859868922,0.0012358777748695145,1.940071797232586,1.8816311266788246,0.0,0.8376885769614544,1.0,13.615465526136488,6
Stage2.1,4,s21g004_73bcd731104cab71,31,damped_parent_21,damped_tail,2.957848826092416,3.4389383396646207,0.028113491466587107,0.08352121973456707,"[2.3648904440985605,1.2338004984549331,0.4966118387779632,1.1628291480496165,1.8912182142238032,0.09610993517376841,-0.487843548669993,2.0961507832033344,-0.21984285853627655,-0.7501100769802558,-1.3241870154057516,0.1682420971879892,-0.48611355127304745,-0.14635714983335918,0.09907765960574566]",s21g004_73bcd731104cab71,,,,,True,,11,-0.026589598000000048,0.0314081197,683.1554000000033,0.04115187364982468,0.0314081197,1.3717291216608227,0.5817437020072838,0.7819294878279848,0.023457884634839544,1,0.6279618527281315,0.0,-0.3441133700802739,0,0,0,0,1,1,True,False,True,False,10000.0,True,1.0,1.0,0.0,0.026919154397764114,0.031900295759153825,0.04174050482459634,0.01350126196769566,0.6492391306161935,0.0765550705283895,0.08648373074631897,0.41385,751.5552065372467,1,True,False,0.0,2,0,1,True,True,1.0,10,10,1,True,True,1.0,10,10,1,PASS_DAMPED_HOLD_40MM,False,True,0.5260642636283543,13.615888522707513,1000013.6158885227,0.004488055579430329,0.0,1.0,0.4630357377929422,0.2502684404527403,0.04899705294785428,5,0.007137758400568702,0.017736569685122192,0.0022031123216978833,1.935855270013501,1.881640783212372,0.0,0.7661719758522142,1.0,13.615888522707513,6
Stage2.1,7,s21g007_c99648b1bb15deec,94,bridge_p14_d20,bridge,2.95987092988411,3.512107131812309,0.03687833853246962,0.08811144927578575,"[2.3116676198660415,1.3581909817742068,0.5662937040984377,1.2672577858762115,1.9179088632412913,0.06584097397077893,-0.5159274402567506,1.9985005828030273,-0.33824408688883195,-0.6570710859426536,-1.3241033295200528,0.074715396294815,-0.4601117877052229,0.15378023309383054,0.1744822917940857]",s21g007_c99648b1bb15deec,,,,,True,,11,-0.026517456999999967,0.0315147055,770.8826000000008,0.04118679628835651,0.0315147055,1.3728932096118835,0.5817437020072838,0.7819590416989184,0.02345877125096755,1,0.6280131055712277,0.0,-0.3441641722992436,0,0,0,0,1,1,True,False,True,False,10000.0,True,1.0,1.0,0.0,0.026733166833984762,0.032056408868839856,0.041740574487420475,0.006793334174758214,0.6488303010217231,0.07148640063749997,0.08235168244821402,0.41240000000000004,679.1525313854218,1,True,False,0.0,2,0,1,True,True,1.0,10,10,1,True,True,1.0,10,10,1,PASS_DAMPED_HOLD_40MM,False,True,0.5256620684197117,13.61620740195917,1000013.616207402,0.0051721139624827574,0.0,1.0,0.453220029509775,0.24851245279910472,0.05710789317083007,5,0.007879066070159386,0.018706874500865906,0.0025492586130336043,1.935861731710997,1.8848357649984193,0.0,0.6827948991261418,1.0,13.61620740195917,7
Stage2.1,7,s21g007_22869fe71f279755,18,tail_fd_n3_m0_m,sensitivity,2.9412345502031703,3.4862762508327605,0.02779714990841032,0.08927036260910903,"[2.3705445176467634,1.218059178969841,0.480262669915016,1.1862261679559902,1.8279077094025633,0.10745774008274162,-0.35748626233046177,2.0285331231245323,-0.3521861759092953,-0.8307178132641703,-1.232439316850542,0.10960775102737819,-0.5330934518181093,0.13786250362187769,0.15155042464019666]",s21g007_22869fe71f279755,,,,,True,,11,-0.027412733000000022,0.0305105274,770.0250000000015,0.041016462704083115,0.0305105274,1.3672154234694371,0.5817437020072838,0.7819287599363928,0.023457862798091783,1,0.6279649485659721,0.0,-0.3441121188564283,0,0,0,0,1,1,True,False,True,False,10000.0,True,1.0,1.0,0.0,0.027559429288853934,0.03131268851564094,0.04171338639819227,0.009098342442313789,0.649220739871843,0.08524256230333219,0.09730978156354188,0.41409999999999997,718.5161328315735,1,True,False,0.0,2,0,1,True,True,1.0,10,10,1,True,True,1.0,10,10,1,PASS_DAMPED_HOLD_40MM,False,True,0.5276237572939139,13.61824092814767,1000013.6182409282,0.0027305067528351832,0.0,1.0,0.4568852511331139,0.2437423135295752,0.054948588357479136,5,0.005421801422178282,0.016186980099550677,0.00028959802905640237,1.9333406720054356,1.8692780141727123,0.0,0.9551973423141843,1.0,13.61824092814767,8
Stage2.1,7,s21g007_d85562c383c73c4d,154,global_0026,global,2.958588563905032,3.4538589300772977,0.018420044836235577,0.08623714480434422,"[2.3675380545604865,1.2414899195427245,0.5127343576336378,1.1805398022632794,1.8437426135230042,0.08659529227455043,-0.40462484074354454,2.18225216721497,-0.2959182483698815,-0.8637098510770773,-1.367670633174558,0.14532956283097437,-0.5255340337686126,0.07685610619112518,0.11357325546598045]",s21g007_d85562c383c73c4d,,,,,True,,11,-0.026966614,0.031059794,737.9023000000016,0.04113282234356685,0.031059794,1.371094078118895,0.5817437020072838,0.781934488934365,0.023458034668030946,1,0.6279758531659103,0.0,-0.34412196683235385,0,0,0,0,1,1,True,False,True,False,10000.0,True,1.0,1.0,0.0,0.027206688583891383,0.031629042793873983,0.0417205015760544,0.011136666920583562,0.6492591461317122,0.08061821127867204,0.091862837523811,0.41375,786.7769980430603,1,True,False,0.0,2,0,1,True,True,1.0,10,10,1,True,True,1.0,10,10,1,PASS_DAMPED_HOLD_40MM,False,True,0.5262836727113278,13.623589250292726,1000013.6235892503,0.0035368578407909794,0.0,1.0,0.46414045909804036,0.2546128027572851,0.07190976087370037,5,0.006242049767648473,0.017062817475078443,0.001247959247151118,1.9340002797306197,1.8798989710527025,0.0,0.8562806268026116,1.0,13.623589250292726,9
Stage2.1,7,s21g007_346f69fee69091a5,187,random_tail_0108,random_tail,3.048223394299717,3.6602387343032188,0.0536459611925355,0.08869040531525864,"[2.409437129978404,1.1782243700833492,0.48018291052042394,1.1555535557414238,1.8863002704453675,0.09846849511108723,-0.542882495235151,1.8843043794894268,-0.3982951107280154,-0.6303775811019365,-1.1873125318479887,0.046773523457510874,-0.2940920898978229,0.01977850373889975,-0.0538476865303898]",s21g007_346f69fee69091a5,,,,,True,,11,-0.027665797000000047,0.0317379167,905.3998000000029,0.042103345236469636,0.0317379167,1.4034448412156546,0.5817437020072838,0.7819400249013876,0.023458200747041625,1,0.6280121185850355,0.0,-0.34413148299385843,0,0,0,0,1,1,True,False,True,False,10000.0,True,1.0,1.0,0.0,0.02770387105378183,0.032210779171713694,0.04248574780103883,0.017730059610003637,0.6497728207220179,0.06736759453621727,0.07495507858972522,0.41450000000000004,789.9678013324738,1,True,False,0.0,2,0,1,True,True,1.0,10,10,1,True,True,1.0,10,10,1,PASS_DAMPED_HOLD_40MM,False,True,0.5151064056486558,13.638983837652408,1000013.6389838377,0.005810836498783216,0.0,1.0,0.44389711415884964,0.23932414883098696,0.04299771547955056,5,0.008340389900727212,0.018458603508503195,0.0033559493957098837,2.005598629126084,1.969657422334834,0.0,0.5932618820166167,1.0,13.638983837652408,10
Stage2.1,6,s21g006_9069e84e1888c48a,18,tail_fd_n3_m0_m,sensitivity,2.958864906577882,3.4644814587112442,0.02534539854250116,0.08621377091309579,"[2.3705445176467634,1.218059178969841,0.480262669915016,1.1862261679559902,1.8279077094025633,0.10745774008274162,-0.35748626233046177,2.0285331231245323,-0.3521861759092953,-0.8307178132641703,-1.3124393168505422,0.10960775102737819,-0.5330934518181093,0.13786250362187769,0.15155042464019666]",s21g006_9069e84e1888c48a,,,,,True,,11,-0.027638194000000005,0.0305947006,763.6750000000029,0.04122990992453508,0.0305947006,1.374330330817836,0.5817437020072838,0.7819287599363928,0.023457862798091783,1,0.6279649485659721,0.0,-0.3441121188564283,0,0,0,0,1,1,True,False,True,False,10000.0,True,1.0,1.0,0.0,0.027658660497169984,0.031346959742691714,0.041804705304638215,0.015680325342878203,0.649220739871843,0.08540320291427465,0.09602339264174647,0.41409999999999997,817.918728351593,1,True,False,0.0,2,0,1,True,True,1.0,10,10,1,True,True,1.0,10,10,1,PASS_DAMPED_HOLD_40MM,False,True,0.5251655395597181,13.639572774334926,1000013.6395727743,0.002784369011039019,0.0,1.0,0.4590426939224483,0.24882304920709605,0.054948588357479136,5,0.00546533603332829,0.016189204122485375,0.0003929653373781794,1.9418148728973852,1.888783858205863,0.0,0.9466364537289519,1.0,13.639572774334926,7
Stage2.1,6,s21g006_f024353f755618ac,31,damped_parent_05,damped_tail,2.961714489976965,3.4351689759985957,0.025223258790012526,0.08331469891386815,"[2.4160258794531475,1.2250362311992367,0.4702317119717538,1.1425877332507077,1.8634110653907903,0.09295101172429178,-0.4848585436317373,2.1443046611014926,-0.21823010623295797,-0.7767717230627058,-1.3182981990961065,0.14950579153840285,-0.600969038145942,0.18107090986016458,0.05136347830220302]",s21g006_f024353f755618ac,,,,,True,,11,-0.02671502800000003,0.0313774638,773.1957000000002,0.041209682788891935,0.0313774638,1.3736560929630646,0.5817437020072838,0.781929783040944,0.02345789349122832,1,0.6279724912267046,0.0,-0.34411387754250883,0,0,0,0,1,1,True,False,True,False,10000.0,True,1.0,1.0,0.0,0.027102053359076787,0.03186426157247747,0.041831237871207086,0.017975358698849926,0.6493204817157587,0.07796165097731139,0.08694823058529316,0.4143,795.9198904037476,1,True,False,0.0,2,0,1,True,True,1.0,10,10,1,True,True,1.0,10,10,1,PASS_DAMPED_HOLD_40MM,False,True,0.5253984903727794,13.64067296544755,1000013.6406729654,0.004339974510294048,0.0,1.0,0.46262885616840504,0.2549734556615567,0.05593463255425908,5,0.006970292586687715,0.017491564892262383,0.002108229467011598,1.944280513152789,1.8869310617345514,0.0,0.7883108322265628,1.0,13.64067296544755,8
Stage2.1,5,s21g005_e90a173f770fdab1,168,random_tail_0104,random_tail,2.954278863893766,3.5385477233660927,0.036776826169231114,0.09088709280153487,"[2.3997632256841315,1.2041321359680812,0.4769078891559678,1.170318573415854,1.9030132412985514,0.10259835620589704,-0.44936956331521727,2.035929277210897,-0.15089678772161416,-0.7536312592210526,-1.2806803161158244,0.2508377982645892,-0.5596822783295686,0.1135162544339856,0.17532771243947726]",s21g005_e90a173f770fdab1,,,,,True,,11,-0.026893627999999947,0.0312386453,610.5511000000006,0.041220385577788975,0.0312386453,1.3740128525929658,0.5817437020072838,0.7819417086939867,0.023458251260819598,1,0.628012392012591,0.0,-0.34413437738290525,0,0,0,0,1,1,True,False,True,False,10000.0,True,1.0,1.0,0.0,0.027232166831186712,0.03181947549868381,0.04188161806010992,0.008947199486438956,0.6495467226711943,0.07733606463503548,0.08829437239392991,0.4143,766.6697170734406,1,True,False,0.0,2,0,1,True,True,1.0,10,10,1,True,True,1.0,10,10,1,PASS_DAMPED_HOLD_40MM,False,True,0.5252752290559239,13.643288990618965,1000013.6432889906,0.004224478345932378,0.0,1.0,0.4614674335345599,0.25280637554260577,0.03175050572634581,5,0.006926381142091513,0.01773399232672805,0.0017047135324578797,1.948966590369917,1.8879113190906591,0.0,0.7875948575088106,1.0,13.643288990618965,7
Stage2.1,3,s21g003_5375b0aa0f8ed9e0,152,global_0025,global,2.975253382410984,3.4962468896595666,0.035190592744752745,0.08572319348910958,"[2.4140276655026622,1.2268801569249774,0.4606645222117831,1.1237954330100062,1.8448571607673063,0.11320701769133146,-0.4270498167153337,2.012139413249444,-0.2902848562262653,-0.6753783175345207,-1.2358276891177526,0.09988770404121054,-0.49825574937373796,0.055308736650777485,0.0425393692001591]",s21g003_5375b0aa0f8ed9e0,,,,,True,,11,-0.027222669000000033,0.0311577456,803.1265000000021,0.0413748573212994,0.0311577456,1.3791619107099797,0.5817437020072838,0.7819341676495476,0.023458025029486428,1,0.6279795802065564,0.0,-0.3441214145533755,0,0,0,0,1,1,True,False,True,False,10000.0,True,1.0,1.0,0.0,0.0273994173617617,0.03184201395730866,0.04200764126467288,0.007895165353872134,0.6494564879545913,0.07588746408012989,0.08670851030119014,0.4143,792.595864534378,1,True,False,0.0,2,0,1,True,True,1.0,10,10,1,True,True,1.0,10,10,1,PASS_DAMPED_HOLD_40MM,False,True,0.5234962169960554,13.64801829426849,1000013.6480182942,0.004376095952710431,0.0,1.0,0.45132951096614127,0.2430082660460114,0.045297580015596396,5,0.007115462154650519,0.018072926962410866,0.0014893054159104073,1.9607132495793864,1.9020875759532023,0.0,0.758069939461658,1.0,13.64801829426849,2
Stage2.1,3,s21g003_8d55734d53a56880,100,bridge_p13_d22,bridge,2.987587245536324,3.535488964031645,0.02636901795287524,0.08974882383822035,"[2.4118670983726016,1.2290410968271,0.4793091653796412,1.180852901413357,1.8511772922907843,0.10636696279852367,-0.44677589127347594,2.253342503086804,-0.371790780995211,-0.9291951969592692,-1.2352086346458597,0.19546257908424955,-0.27870070928177976,-0.4848178726204537,0.15073814015276943]",s21g003_8d55734d53a56880,,,,,True,,11,-0.027138031000000007,0.0312815832,639.0323000000026,0.041412681319319126,0.0312815832,1.380422710643971,0.5817437020072838,0.7819293668615559,0.023457881005846677,1,0.6279689886909559,0.0,-0.34411316214260573,0,0,0,0,1,1,True,False,True,False,10000.0,True,1.0,1.0,0.0,0.02737482814136832,0.03174169743476139,0.041915588649205304,0.01956098472743339,0.6492851557817869,0.07970028305780023,0.0888096026108758,0.4142,763.2755260467529,1,True,False,0.0,2,0,1,True,True,1.0,10,10,1,True,True,1.0,10,10,1,PASS_DAMPED_HOLD_40MM,False,True,0.5230606075628972,13.649096759898892,1000013.6490967599,0.003859880599931275,0.0,1.0,0.4652508916579718,0.2427199072232481,0.09608276189539205,5,0.006471853646148859,0.016919745831019198,0.0018249505539135963,1.9521295242326544,1.9055668600616484,0.0,0.8269777639408559,1.0,13.649096759898892,3
Stage2.1,3,s21g003_a991811d6eec2aae,107,bridge_p13_d26,bridge,2.9516457520764487,3.5719895587119233,0.030839475839998402,0.0950349119803608,"[2.4118670983726016,1.2290410968271,0.4793091653796412,1.180852901413357,1.8511772922907843,0.10636696279852367,-0.3410206702508385,2.0882464158244063,-0.3027443204855458,-0.942062228979275,-1.2897200063495358,0.24134161129397425,-0.4332480754870618,-0.23207796030048555,0.08994418519902442]",s21g003_a991811d6eec2aae,,,,,True,,11,-0.027395791999999974,0.0308259415,661.2920000000013,0.04124036964757572,0.0308259415,1.374678988252524,0.5817437020072838,0.7819293668615559,0.023457881005846677,1,0.6279689886909559,0.0,-0.34411316214260573,0,0,0,0,1,1,True,False,True,False,10000.0,True,1.0,1.0,0.0,0.02750975413936194,0.031444880723727316,0.04177998440087764,0.014563939112322207,0.6492851557817869,0.08401957402234882,0.09502883580040362,0.4142,792.4604396820068,1,True,False,0.0,2,0,1,True,True,1.0,10,10,1,True,True,1.0,10,10,1,PASS_DAMPED_HOLD_40MM,False,True,0.5250450775709472,13.649352736392437,1000013.6493527364,0.00298592803270838,0.0,1.0,0.46579923706209386,0.2470271813088294,0.057780150477023194,5,0.005671821868998202,0.016415397214157492,0.0007579770682469444,1.9395189961528656,1.889742320742983,0.0,0.9242587956047501,1.0,13.649352736392437,4
Stage2.1,5,s21g005_0f52d2e5a0c93cdf,150,global_0002,global,2.9994040333844074,3.5226861305661687,0.0328537716585656,0.08642507971603548,"[2.375018614830932,1.2257364587075121,0.5470661654479073,1.2033615399032576,1.8524977774812414,0.11668829753250773,-0.6168051481944643,2.357416723971706,-0.3415036456914114,-0.7059748346770105,-1.2640823649852335,0.24068176350678613,-0.3988581663368665,-0.15584117841968093,0.09288291841858871]",s21g005_0f52d2e5a0c93cdf,,,,,True,,11,-0.026704144999999957,0.0315227936,658.8861000000034,0.04131341037156366,0.0315227936,1.377113679052122,0.5817437020072838,0.7819443367865367,0.0234583301035961,1,0.6280098341265201,0.0,-0.344138894995285,0,0,0,0,1,1,True,False,True,False,10000.0,True,1.0,1.0,0.0,0.02709094997114365,0.03200195949140502,0.04192904699165646,0.012959084375452047,0.6496482361705341,0.07478737668595163,0.08426546802792118,0.41365,784.418977022171,1,True,False,0.0,2,0,1,True,True,1.0,10,10,1,True,True,1.0,10,10,1,PASS_DAMPED_HOLD_40MM,False,True,0.5242038859984102,13.651568197354026,1000013.6515681973,0.004889110321697283,0.0,1.0,0.4585985692863498,0.24843416504493965,0.11071647065073073,5,0.007490512404907219,0.017896120737746966,0.0025765559424455195,1.9533833129205953,1.8964420850324708,0.0,0.7268606969814692,1.0,13.651568197354026,8
Stage2.1,7,s21g007_45824d496196b2dc,147,global_0018,global,2.981235352340947,3.8178431341037466,0.04486575757855232,0.10856795211042783,"[2.4817176431581704,1.2251639326231145,0.5121390272658752,1.245569593279688,1.9001004332749643,0.0980439293149543,-0.5718789696223856,2.4562504354497934,-0.17221348141172638,-0.8010446990750644,-1.3766548627646353,0.23017994174980372,-0.3782303991345731,-0.07384948704220809,-0.15355149791757472]",s21g007_45824d496196b2dc,,,,,True,,11,-0.026870068000000025,0.0311819534,751.8577000000005,0.04116205500414668,0.0311819534,1.372068500138223,0.5817437020072838,0.7819436697881771,0.02345831009364531,1,0.6280205257531416,0.0,-0.34413774844508194,0,0,0,0,1,1,True,False,True,False,10000.0,True,1.0,1.0,0.0,0.02727954042878857,0.03170696191013352,0.04182708165263946,0.01489977544712881,0.6497359113338025,0.08094053225187914,0.09099876231954446,0.41450000000000004,789.9773507118225,1,True,False,0.0,2,0,1,True,True,1.0,10,10,1,True,True,1.0,10,10,1,PASS_DAMPED_HOLD_40MM,False,True,0.525947007541817,13.652115464915262,1000013.6521154649,0.003761362856287096,0.0,1.0,0.4667606257253384,0.2618447783153647,0.10549731037877765,5,0.006391888637322744,0.016913991761465335,0.0015522375997461813,1.9438941773072984,1.8825719690715523,0.0,0.8502778052063807,1.0,13.652115464915262,11
Stage2.1,7,s21g007_a7eaa096fd5b430f,58,damped_parent_07,damped_tail,2.982257655055545,3.504297353143212,0.031122966604976775,0.08665913164429925,"[2.3576121926128084,1.208679837473397,0.47929999816144764,1.1693123826448344,1.772771743102063,0.1055129880374184,-0.35541279362222,1.9486101709167252,-0.3118007687988174,-0.8484000069564763,-1.1332966242830522,0.1661550224881338,-0.6127866435813416,0.44998320411692533,0.2270117275123847]",s21g007_a7eaa096fd5b430f,,,,,True,,11,-0.027479256000000007,0.0309080885,740.6057000000001,0.0413572175688521,0.0309080885,1.3785739189617368,0.5817437020072838,0.7819300622018057,0.02345790186605417,1,0.6279685445747777,0.0,-0.34411435741166907,0,0,0,0,1,1,True,False,True,False,10000.0,True,1.0,1.0,0.0,0.027743583099863085,0.03160655186307348,0.04205568360985423,0.010417146375764874,0.6493134359874521,0.08053514819752551,0.09153134879206545,0.4142,734.1683509349823,1,True,False,0.0,2,0,1,True,True,1.0,10,10,1,True,True,1.0,10,10,1,PASS_DAMPED_HOLD_40MM,False,True,0.5236993695702653,13.656426904474882,1000013.6564269045,0.003539810192392627,0.0,1.0,0.45271949810128914,0.24218613831615013,0.03650039761542021,5,0.006262332443049605,0.01715242144567752,0.0009162496931469467,1.9652005821024021,1.900466050041521,0.0,0.8486504750308852,1.0,13.656426904474882,12
Stage2.1,7,s21g007_b5a94335473fe238,102,bridge_p00_d09,bridge,2.9182997642229807,3.5580943406656287,0.036281074398112435,0.09557304929583765,"[2.3042454726258383,1.3610337371972356,0.5917237798713177,1.299693600319108,1.9062281990119636,0.07010286857804099,-0.4660585384135339,2.1269693310443447,-0.3458064851413104,-0.6577163507711155,-1.3309668705959752,0.1349989889276338,-0.593717619288634,0.11058907295278683,0.1480034911906738]",s21g007_b5a94335473fe238,,,,,True,,11,-0.026635704000000038,0.0309154894,739.8157000000028,0.040807207848824086,0.0309154894,1.3602402616274696,0.5817437020072838,0.7819413638004181,0.023458240914012544,1,0.6279614777572206,0.0,-0.3441337845211907,0,0,0,0,1,1,True,False,True,False,10000.0,True,1.0,1.0,0.0,0.026828674841082107,0.03166240796263312,0.0415004321871559,0.01047245460780311,0.6486922194375033,0.08093648301830263,0.09193132390929794,0.41225,773.7032837867737,1,True,False,0.0,2,0,1,True,True,1.0,10,10,1,True,True,1.0,10,10,1,PASS_DAMPED_HOLD_40MM,False,True,0.5300336926169184,13.657658401449625,1000013.6576584014,0.0037686911024593377,0.0,1.0,0.457634556736543,0.24862869898870155,0.07672337562556984,5,0.006566353207799467,0.017757001629159993,0.0009312453794581786,1.9136509685785836,1.850253569352367,0.0,0.8561040621228752,1.0,13.657658401449625,13
Stage2.1,5,s21g005_5a2da0cf9021d4fc,143,global_0051,global,2.9723905660473395,3.4412930421087857,0.016573320973406587,0.08405939769713958,"[2.332752017030835,1.2050708885164625,0.4994981976870106,1.203632724299458,1.8717978124819754,0.10462815284090321,-0.4094822362961672,2.4195999325059017,-0.34846180672757276,-0.9224443145194635,-1.3635083022423684,0.25854301334150326,-0.30236554572876345,0.09744525914026801,0.18026804364813426]",s21g005_5a2da0cf9021d4fc,,,,,True,,11,-0.026927379999999945,0.0310520253,641.2773000000016,0.04110124169530937,0.0310520253,1.3700413898436454,0.5817437020072838,0.7819412159006968,0.023458236477020902,1,0.628002748440721,0.0,-0.3441335302859994,0,0,0,0,1,1,True,False,True,False,10000.0,True,1.0,1.0,0.0,0.02722965521799431,0.03162838672656811,0.04173498496724534,0.010241829510805274,0.6494001540722687,0.08101132584653,0.09246967831560786,0.41385,795.4516825675964,1,True,False,0.0,2,0,1,True,True,1.0,10,10,1,True,True,1.0,10,10,1,PASS_DAMPED_HOLD_40MM,False,True,0.5266473790619636,13.664036743560658,1000013.6640367436,0.003536412139277859,0.0,1.0,0.4630586365866239,0.2590254425511452,0.12013629724009574,5,0.00624285412349909,0.017068622060384016,0.0012297302576001052,1.9353433002402163,1.8770134098847078,0.0,0.8655536479520398,1.0,13.664036743560658,9
Stage2.1,3,s21g003_198d7b5658a9618a,187,random_tail_0135,random_tail,3.055884754190076,3.9948208378146806,0.07891535414320797,0.10531775542032694,"[2.4646761051185564,1.2338748004347428,0.48329384111226076,1.1896496581226277,1.8639578228128715,0.09557259240966527,-0.600242332452749,1.7640833067936754,-0.14682144407597678,-0.531453993881339,-1.20350408389001,0.17620740229145015,-0.25455096810171945,-0.3017426188367419,0.0943536890769848]",s21g003_198d7b5658a9618a,,,,,True,,11,-0.028002721000000008,0.0316072513,625.5055000000029,0.042227606114308605,0.0316072513,1.4075868704769534,0.5817437020072838,0.7819399351833145,0.023458198055499434,1,0.6280082554351526,0.0,-0.34413132877117797,0,0,0,0,1,1,True,False,True,False,10000.0,True,1.0,1.0,0.0,0.02789138762489537,0.032115904709738435,0.042536582361153166,0.030318833349500626,0.649492730840416,0.07022749644107537,0.07560644267417996,0.41450000000000004,777.6990356445312,1,True,False,0.0,2,0,1,True,True,1.0,10,10,1,True,True,1.0,10,10,1,PASS_DAMPED_HOLD_40MM,False,True,0.5136753244993034,13.667492548165106,1000013.6674925481,0.005370417027777304,0.0,1.0,0.4479074470501245,0.24130530379668122,0.01842097045298309,5,0.007840391998213342,0.01772029187995749,0.0028702852681685483,2.010400932185741,1.9813007979391037,0.0,0.6635565829518851,1.0,13.667492548165106,5
Stage2.1,5,s21g005_9a7ab42557bd8ad5,44,damped_parent_20,damped_tail,2.9549255301753607,3.5434714133647356,0.027444287098213612,0.09299993977565078,"[2.3845769552348832,1.2162743174533195,0.4820623891843089,1.180202994420556,1.934847905291413,0.12012725339999004,-0.35726953535488437,2.1756700642464653,-0.2367115953353577,-0.8895238288462015,-1.4053332984779494,0.2182451831659983,-0.4456604935284276,0.16514988603781244,0.028113155367106207]",s21g005_9a7ab42557bd8ad5,,,,,True,,11,-0.02690836200000002,0.0310608396,719.9003000000012,0.04109544624626886,0.0310608396,1.369848208208962,0.5817437020072838,0.781933271108934,0.02345799813326802,1,0.6279807849963928,0.0,-0.34411987342691286,0,0,0,0,1,1,True,False,True,False,10000.0,True,1.0,1.0,0.0,0.02716884560535618,0.03164320802669083,0.041706579645759884,0.01005463239276303,0.6493008501136158,0.08083273349307322,0.0923871616183413,0.41415,746.2091002464294,1,True,False,0.0,2,0,1,True,True,1.0,10,10,1,True,True,1.0,10,10,1,PASS_DAMPED_HOLD_40MM,False,True,0.5267141237849862,13.671290104179109,1000013.6712901042,0.003601029133812001,0.0,1.0,0.46482021843732824,0.26085431406903414,0.06525183039560724,5,0.0063391482955126475,0.017291624942315235,0.001250422952142405,1.9327097619423474,1.8764841135333037,0.0,0.8636483264447115,1.0,13.671290104179109,10
Stage2.1,6,s21g006_ee1e0f1f99c389e9,148,global_0048,global,2.9893668667073285,3.5533087574473283,0.04318156103028411,0.08758988686658492,"[2.3763921558739254,1.2382631641116573,0.4945070548464068,1.1847838173871206,1.8621390316150965,0.09444969584499957,-0.5185807928260306,1.9562931960993044,-0.32436521573514127,-0.5649399545952163,-1.2876574949039548,0.1874096709575316,-0.657419286598619,-0.24096599469484878,0.03500562355764972]",s21g006_ee1e0f1f99c389e9,,,,,True,,11,-0.027511771000000018,0.031135528,728.2608,0.04154899093113124,0.031135528,1.3849663643710415,0.5817437020072838,0.7819291217106535,0.023457873651319603,1,0.6279618589971228,0.0,-0.34411274073554704,0,0,0,0,1,1,True,False,True,False,10000.0,True,1.0,1.0,0.0,0.027462879475935974,0.03178890522958088,0.04200885912286907,0.026962866515875768,0.6492060985451644,0.07885630395346988,0.08577756187070903,0.4139,800.8526153564453,1,True,False,0.0,2,0,1,True,True,1.0,10,10,1,True,True,1.0,10,10,1,PASS_DAMPED_HOLD_40MM,False,True,0.5214907641871512,13.674362493753334,1000013.6743624938,0.004135087994749768,0.0,1.0,0.45787151122725395,0.24329112149324694,0.042316974218305485,5,0.006785510094361955,0.017387198492810698,0.0014326931542044453,1.9608269386722894,1.9181318304391402,0.0,0.808478629123625,1.0,13.674362493753334,9
Stage2.1,6,s21g006_11be8ba55811aa85,153,global_0040,global,2.984175853467556,3.7010407629919624,0.03989759268538968,0.10085414319327936,"[2.450537178406799,1.1595349968780404,0.46050038746281763,1.2181153453560953,1.890987463845999,0.11715834222334562,-0.4438192759914028,2.2500981827020756,-0.19488047620057738,-0.7941324370911307,-1.426431953878564,0.22386489000291793,-0.31818735539827186,0.057735985747326246,0.040661100668069196]",s21g006_11be8ba55811aa85,,,,,True,,11,-0.027779251999999977,0.0307213691,681.4462000000021,0.04141846642571327,0.0307213691,1.3806155475237758,0.5817437020072838,0.7819444483256357,0.023458333449769067,1,0.6280351775860525,0.0,-0.3441390867276554,0,0,0,0,1,1,True,False,True,False,10000.0,True,1.0,1.0,0.0,0.02782594533950629,0.03143888112901558,0.04198435995322024,0.01714269254055026,0.6498460015730703,0.08417907704719729,0.09433939641960543,0.4152,752.6313052177429,1,True,False,0.0,2,0,1,True,True,1.0,10,10,1,True,True,1.0,10,10,1,PASS_DAMPED_HOLD_40MM,False,True,0.5229939819535209,13.678661415589271,1000013.6786614156,0.00301477127152408,0.0,1.0,0.4635015223781556,0.26335033266347163,0.07096887121413673,5,0.005697236566158784,0.016427097744697604,0.0005781926427053459,1.9585405340906266,1.906099290064375,0.0,0.9193793624355299,1.0,13.678661415589271,10
Stage2.1,4,s21g004_eefc3ad486ce6459,147,global_0071,global,3.0136005530891903,3.532568714405487,0.0341662965989892,0.08576456211864084,"[2.4073601615348164,1.1827025263264546,0.4851897115940377,1.1605193711058719,1.8624556316224836,0.11825847534038446,-0.49906193835333146,2.0651637923747277,-0.3014168467926173,-0.758033988627134,-1.265437941989875,0.25347677483162184,-0.661780173815874,-0.13319300897230377,0.028421135902823046]",s21g004_eefc3ad486ce6459,,,,,True,,11,-0.02733363099999997,0.0315721787,699.1100000000006,0.04176038615133837,0.0315721787,1.392012871711279,0.5817437020072838,0.7819435931883194,0.023458307795649582,1,0.6280223341077374,0.0,-0.3441376167722208,0,0,0,0,1,1,True,False,True,False,10000.0,True,1.0,1.0,0.0,0.02751570851199987,0.03198849367801065,0.04219452503234832,0.020437413586124775,0.6497635830778048,0.07427408845427932,0.08247017937277498,0.4144,765.848128080368,1,True,False,0.0,2,0,1,True,True,1.0,10,10,1,True,True,1.0,10,10,1,PASS_DAMPED_HOLD_40MM,False,True,0.5190561788215652,13.685405681331961,1000013.6854056814,0.004813415875696721,0.0,1.0,0.46199599393803276,0.2461970710994477,0.05583412269881604,5,0.007402745316922613,0.017760063081826177,0.002746384294148555,1.9781977141171883,1.9376998350098815,0.0,0.7219018359867997,1.0,13.685405681331961,7
Stage2.1,6,s21g006_c45a14e6f94dc830,142,global_0060,global,2.982704554309759,3.3799335272180087,0.023483592847664814,0.07625132566333404,"[2.322353481909795,1.2180257528122747,0.48254119640879145,1.1843048678925083,1.8742042281537488,0.08164153975657029,-0.5154254454543206,2.0707142115900665,-0.3070749528349018,-0.7742163913506008,-1.2381162209646899,0.15072950949366642,-0.4662951226193825,-0.11828286619823378,0.14545450376036112]",s21g006_c45a14e6f94dc830,,,,,True,,11,-0.026753589000000022,0.031633918,712.702500000003,0.04143017369516625,0.031633918,1.3810057898388752,0.5817437020072838,0.7819466763795352,0.02345840029138605,1,0.6280119329023083,0.0,-0.3441429166855764,0,0,0,0,1,1,True,False,True,False,10000.0,True,1.0,1.0,0.0,0.027078828515670398,0.032051393928441495,0.04195896574675334,0.018661198398893655,0.6492933621985674,0.07418549553183179,0.0825715746062393,0.41385,800.3360662460327,1,True,False,0.0,2,0,1,True,True,1.0,10,10,1,True,True,1.0,10,10,1,PASS_DAMPED_HOLD_40MM,False,True,0.5228591522877731,13.689709285122547,1000013.6897092852,0.005082640284596024,0.0,1.0,0.45761148238917426,0.24330751254721683,0.05728705935888428,5,0.007688055704581318,0.018109717384522495,0.002966320034137771,1.9561720072635784,1.9071769915684955,0.0,0.7166305258636614,1.0,13.689709285122547,11
Stage2.1,2,s21g002_1cdc6c3775d232f7,45,damped_parent_11,damped_tail,2.9545255340834617,3.5229240415223195,0.02983308546380987,0.0909139959478757,"[2.3941954029355585,1.247635584900786,0.48274026853318486,1.1581248420807762,1.9033309405186858,0.12289362587077785,-0.3715086535509517,2.1347493177976404,-0.2326242283087107,-0.8007908404950305,-1.4059492739718515,0.275586619954885,-0.4341195713431627,0.018950861337270447,-0.08824221928468934]",s21g002_1cdc6c3775d232f7,,,,,True,,11,-0.02696135799999999,0.0310524023,720.4894000000022,0.04112379498301694,0.0310524023,1.3707931661005646,0.5817437020072838,0.7819437867330461,0.023458313601991382,1,0.628006022307553,0.0,-0.3441379494698092,0,0,0,0,1,1,True,False,True,False,10000.0,True,1.0,1.0,0.0,0.02713137253073625,0.0316931500979013,0.04172010472817261,0.009812219481851465,0.6492608437433816,0.08003197738258473,0.091394269364416,0.414,664.5083737373352,1,True,False,0.0,2,0,1,True,True,1.0,10,10,1,True,True,1.0,10,10,1,PASS_DAMPED_HOLD_40MM,False,True,0.5263876385430204,13.694380655494468,1000013.6943806555,0.0038125806978902923,0.0,1.0,0.4629862550530134,0.2579462254084648,0.05726595567899575,5,0.0065858537067972995,0.017678945742425338,0.0012306117789392145,1.933963487255212,1.8790739042280102,0.0,0.8449192123815452,1.0,13.694380655494468,2
Stage2.1,4,s21g004_d886482ec62e7938,44,damped_parent_06,damped_tail,2.958277415824528,3.5523718963174264,0.03440657814752494,0.09220887983262095,"[2.4005809229482282,1.2075424436901825,0.4956775005295274,1.1782868265438633,1.860273819967151,0.1388781881082214,-0.4535404183469497,2.1834142145322306,-0.2355754728650387,-0.9212859621669127,-1.2609350713505578,0.22958699584955047,-0.19016807668013797,0.11999498580130076,0.05795758691285002]",s21g004_d886482ec62e7938,,,,,True,,11,-0.02670605199999998,0.0311863491,687.0673999999999,0.04105851414279106,0.0311863491,1.3686171380930356,0.5817437020072838,0.7819428651759491,0.023458285955278473,1,0.628014774417416,0.0,-0.344136365340761,0,0,0,0,1,1,True,False,True,False,10000.0,True,1.0,1.0,0.0,0.027176614188778623,0.03170840624635122,0.04176112289497696,0.0220091363385774,0.6494466528094053,0.0824090912815365,0.09106915706392846,0.4142,766.7411170005798,1,True,False,0.0,2,0,1,True,True,1.0,10,10,1,True,True,1.0,10,10,1,PASS_DAMPED_HOLD_40MM,False,True,0.5271394614939432,13.69599366906212,1000013.6959936691,0.003764506315160854,0.0,1.0,0.4594458068154137,0.25420309615802245,0.06445702614694472,5,0.006404749019068791,0.01696571983470054,0.0015638046523009032,1.9377682060548538,1.8731128706819713,0.0,0.8777993450704558,1.0,13.69599366906212,8
Stage2.1,6,s21g006_98f32c0490816db4,147,global_0037,global,2.994922458908805,3.5299720443450204,0.023944582613245766,0.08901016183628664,"[2.419487263494419,1.159713771250346,0.48751532838848266,1.1498176206216781,1.8615418603300462,0.08887270278945397,-0.4550058712051428,2.3405478743144226,-0.24899272082898227,-0.7466543440812206,-1.3816890414977177,0.23390712712956593,-0.6017615232210326,0.039377394955599075,0.06800505662673181]",s21g006_98f32c0490816db4,,,,,True,,11,-0.02731624399999999,0.0310850173,692.2043000000012,0.04138182556157757,0.0310850173,1.3793941853859188,0.5817437020072838,0.7819885449435974,0.023459656348307923,1,0.6281670466644035,0.0,-0.3442148874931979,0,0,0,0,1,1,True,False,True,False,10000.0,True,1.0,1.0,0.0,0.027510572286685894,0.03171916777198743,0.04198734561374958,0.007104667362377593,0.6499671821025821,0.07849443497205263,0.09020623622716312,0.4147,808.2863657474518,1,True,False,0.0,2,0,1,True,True,1.0,10,10,1,True,True,1.0,10,10,1,PASS_DAMPED_HOLD_40MM,False,True,0.5234159655325241,13.696907733007695,1000013.696907733,0.0038976290527626824,0.0,1.0,0.46435467437051126,0.2583681123888998,0.09195595785513934,5,0.006633397953011354,0.01757647355400604,0.0013080694903325476,1.9588191018760626,1.902728318676483,0.0,0.8187641352600789,1.0,13.696907733007695,12
Stage2.1,5,s21g005_25c056a05be0f77c,107,bridge_p00_d02,bridge,2.907349635536172,3.6595874675643594,0.03978402575872561,0.1035404734936057,"[2.3042454726258383,1.3610337371972356,0.5917237798713177,1.299693600319108,1.9062281990119636,0.07010286857804099,-0.34811796898910774,1.8939598628252938,-0.26153047785278066,-0.8772578882233057,-1.223838032055689,0.13560420505637386,-0.4614740412648314,-0.09696158113509737,-0.04514539520667855]",s21g005_25c056a05be0f77c,,,,,True,,11,-0.02661675200000002,0.0308221271,788.1436000000031,0.04072413296803334,0.0308221271,1.3574710989344445,0.5817437020072838,0.7819413638004181,0.023458240914012544,1,0.6279614777572206,0.0,-0.3441337845211907,0,0,0,0,1,1,True,False,True,False,10000.0,True,1.0,1.0,0.0,0.026898028131263886,0.0315182797872996,0.04143556296348297,0.004392715329953501,0.6486922194375033,0.08292492434133561,0.0960784289785076,0.41225,729.8151648044586,1,True,False,0.0,2,0,1,True,True,1.0,10,10,1,True,True,1.0,10,10,1,PASS_DAMPED_HOLD_40MM,False,True,0.5309904450393373,13.699900609340617,1000013.6999006093,0.003275329722775916,0.0,1.0,0.4582217883182604,0.24025445745532698,0.03435208080658182,5,0.006087945093416794,0.01733840657598031,0.0007509921872826782,1.9076731978897352,1.8427277844422885,0.0,0.9250360462948137,1.0,13.699900609340617,11
Stage2.1,3,s21g003_8ed920ff68e7229d,144,global_0012,global,3.01865412956487,3.439358550930599,0.028961899142927593,0.07759329028257632,"[2.4120330193621653,1.206859874745554,0.4807386379657702,1.1224102167031251,1.8599889224352597,0.10145713931764985,-0.5130085210302098,2.2373156176681195,-0.3644907116400981,-0.5934267904863633,-1.361795952402058,0.270307337797365,-0.5389418822034774,-0.004801396714472134,0.010632712559298846]",s21g003_8ed920ff68e7229d,,,,,True,,11,-0.027410873000000002,0.0313555292,724.0817999999999,0.04164763102547589,0.0313555292,1.388254367515863,0.5817437020072838,0.7819294487167116,0.023457883461501346,1,0.6279731699090098,0.0,-0.34411330284916664,0,0,0,0,1,1,True,False,True,False,10000.0,True,1.0,1.0,0.0,0.027447682862394376,0.03197038283112228,0.04213645301734706,0.019882209736412193,0.6495776119689703,0.07485017158851202,0.08275713765628216,0.41435,747.4570000171661,1,True,False,0.0,2,0,1,True,True,1.0,10,10,1,True,True,1.0,10,10,1,PASS_DAMPED_HOLD_40MM,False,True,0.5203547511310557,13.704780467577143,1000013.7047804676,0.004841109298353552,0.0,1.0,0.45585392683618003,0.2531362544956238,0.09320316921695385,5,0.00751304686682463,0.018200797140708935,0.0020416215689473896,1.9727563032034403,1.927250188926869,0.0,0.7244046097063518,1.0,13.704780467577143,6
Stage2.1,2,s21g002_6b4a35f7aa74699b,40,damped_parent_12,damped_tail,2.954133498032589,3.5057775007616363,0.024883253491231307,0.09029633539529179,"[2.3748445497125577,1.1833129587433313,0.454796741096464,1.1751356432323488,1.7971181226510151,0.11581313091898093,-0.3362217711241273,2.1271009310397777,-0.3117045338488698,-0.953614691919519,-1.1827163372994478,0.17933074928586706,-0.27784216808323614,-0.4335777374377684,0.13458176679227463]",s21g002_6b4a35f7aa74699b,,,,,True,,11,-0.027543389999999945,0.0306237995,647.6948000000011,0.041188049583687464,0.0306237995,1.3729349861229156,0.5817437020072838,0.7819367654180992,0.023458102962542974,1,0.627998904433524,0.0,-0.3441258800397102,0,0,0,0,1,1,True,False,True,False,10000.0,True,1.0,1.0,0.0,0.027701105688005098,0.03135063041306529,0.04183555047605616,0.007894820823356205,0.6494265234595333,0.0853278327835043,0.09790005695415695,0.4147,738.6973555088043,1,True,False,0.0,2,0,1,True,True,1.0,10,10,1,True,True,1.0,10,10,1,PASS_DAMPED_HOLD_40MM,False,True,0.5256476345338912,13.71055723489442,1000013.7105572349,0.0027903992184603143,0.0,1.0,0.46285884990880233,0.23964377554922228,0.06403964082467128,5,0.005500208108240473,0.016339443667361103,0.00043236201800027916,1.944681426260714,1.8849504761203304,0.0,0.9646749347460073,1.0,13.71055723489442,3
Stage2.1,6,s21g006_0ae866437e076981,145,global_0049,global,3.0042926347306516,3.4170888663104813,0.02017366730939778,0.07830434134098634,"[2.414941419761257,1.1907623686312334,0.4544552984894497,1.086135611526421,1.8458488096481895,0.09404021078728467,-0.46539926025618233,2.1723926152284454,-0.2993306583236442,-0.8059006112640555,-1.2659873965553943,0.19955976567490102,-0.40335539393530406,-0.07041603573794378,0.0435529541010751]",s21g006_0ae866437e076981,,,,,True,,11,-0.026921936000000035,0.0316365082,733.0798000000032,0.04154105546416419,0.0316365082,1.384701848805473,0.5817437020072838,0.7819230877172276,0.02345769263151683,1,0.6279586424693664,0.0,-0.3441023684815715,0,0,0,0,1,1,True,False,True,False,10000.0,True,1.0,1.0,0.0,0.02725085152421255,0.03206283927697969,0.04207890886532241,0.01757974123706368,0.649548451538205,0.0740648151547481,0.08252082471811692,0.4146,738.319263458252,1,True,False,0.0,2,0,1,True,True,1.0,10,10,1,True,True,1.0,10,10,1,PASS_DAMPED_HOLD_40MM,False,True,0.5215821549561959,13.717958890602116,1000013.7179588906,0.005140216112701399,0.0,1.0,0.4572568906058147,0.2477149535577015,0.07146775130547199,5,0.007740854395444677,0.018143407526417788,0.002975732320741394,1.9673717458845656,1.9173992100852948,0.0,0.7118733814120293,1.0,13.717958890602116,13
Stage2.1,5,s21g005_a654f8916ceeca70,12,tail_fd_n2_m0_m,sensitivity,2.9302615789177198,3.5897978866291975,0.03415777569830687,0.09756259767952719,"[2.415683345523593,1.2134774513649513,0.47907036778035206,1.171504546461472,1.8784632928826452,0.10337591932725043,-0.34590544639889226,2.0986969706242533,-0.261960531873909,-0.8351852201650649,-1.2773135959693287,0.15977816185308458,-0.38147750995002294,0.018766086028009638,0.06203426961659384]",s21g005_a654f8916ceeca70,,,,,True,,11,-0.027238188999999968,0.0306798061,735.7618000000002,0.041026448083319574,0.0306798061,1.367548269443986,0.5817437020072838,0.7819410457617871,0.023458231372853616,1,0.6280101555085302,0.0,-0.3441332378223096,0,0,0,0,1,1,True,False,True,False,10000.0,True,1.0,1.0,0.0,0.027437695208755847,0.03145684434668392,0.0417415880701739,0.007816949657789396,0.6494770436362003,0.0840412485550149,0.09625849425238094,0.4143,741.9807107448578,1,True,False,0.0,2,0,1,True,True,1.0,10,10,1,True,True,1.0,10,10,1,PASS_DAMPED_HOLD_40MM,False,True,0.5275087582029454,13.720548497463826,1000013.7205484975,0.0031324336127783016,0.0,1.0,0.45876389500042486,0.24863373527346203,0.05422317119785793,5,0.0059049005203293614,0.0169947681505336,0.0005134848151080103,1.9359557495778716,1.8701882692592409,0.0,0.9326802417688067,1.0,13.720548497463826,12
