variable_local_index,variable_full_index,step,mode,method,n_samples,denominator,sample_candidate_ids,sample_values
0,45,15,0,local_least_squares,3,0.000288,"[""s32screen_c9259cdaf60f253e"",""s32hr000p_1bc693fdb259da30"",""s32hr000p_811c0ac5cb53850e""]","[0.0,-0.012,0.012]"
1,46,15,1,local_least_squares,3,0.000288,"[""s32screen_c9259cdaf60f253e"",""s32hr000p_e9e951812950964b"",""s32hr000p_4e7983e632964bcf""]","[0.0,-0.012,0.012]"
2,47,15,2,local_least_squares,3,3.2e-05,"[""s32screen_c9259cdaf60f253e"",""s32hr000p_af1348db4d7280b0"",""s32hr000p_c9ffcd90049a715d""]","[0.0,-0.004,0.004]"
3,48,16,0,local_least_squares,3,0.00039200000000000004,"[""s32screen_c9259cdaf60f253e"",""s32hr000p_e1c4c18b22e636a2"",""s32hr000p_11900ddda77f8702""]","[0.0,-0.014,0.014]"
4,49,16,1,local_least_squares,3,0.00039200000000000004,"[""s32screen_c9259cdaf60f253e"",""s32hr000p_ed298944e2dcfd21"",""s32hr000p_e21c30549e6e55d0""]","[0.0,-0.014,0.014]"
5,50,16,2,local_least_squares,3,5e-05,"[""s32screen_c9259cdaf60f253e"",""s32hr000p_e64ef81896eafb5a"",""s32hr000p_86fe08ba817522e4""]","[0.0,-0.005,0.005]"
6,51,17,0,local_least_squares,3,0.000512,"[""s32screen_c9259cdaf60f253e"",""s32hr000p_8364cdfded9c07cd"",""s32hr000p_d35dff7706b4b761""]","[0.0,-0.016,0.016]"
7,52,17,1,local_least_squares,3,0.000512,"[""s32screen_c9259cdaf60f253e"",""s32hr000p_a3d434b8f3648d65"",""s32hr000p_7ee8a5ee0934292d""]","[0.0,-0.016,0.016]"
8,53,17,2,local_least_squares,3,6.049999999999999e-05,"[""s32screen_c9259cdaf60f253e"",""s32hr000p_c2f43de38c806a01"",""s32hr000p_a7ed551e58149fc8""]","[0.0,-0.0055,0.0055]"
9,54,18,0,local_least_squares,3,0.0006479999999999999,"[""s32screen_c9259cdaf60f253e"",""s32hr000p_59cb6895fd32ffd2"",""s32hr000p_4a5ac91d3236b42f""]","[0.0,-0.018,0.018]"
10,55,18,1,local_least_squares,3,0.0006479999999999999,"[""s32screen_c9259cdaf60f253e"",""s32hr000p_6832aa45f036b423"",""s32hr000p_7d73a84d1b04ada9""]","[0.0,-0.018,0.018]"
11,56,18,2,local_least_squares,3,7.2e-05,"[""s32screen_c9259cdaf60f253e"",""s32hr000p_d5b7c0cb3791f093"",""s32hr000p_5dc2579bd3e78f78""]","[0.0,-0.006,0.006]"
12,57,19,0,local_least_squares,3,0.0008,"[""s32screen_c9259cdaf60f253e"",""s32hr000p_72a21310061a4b1d"",""s32hr000p_cfccdc1608a9c90d""]","[0.0,-0.02,0.02]"
13,58,19,1,local_least_squares,3,0.0008,"[""s32screen_c9259cdaf60f253e"",""s32hr000p_48902c1787b39f50"",""s32hr000p_9e4c4ce4a5137238""]","[0.0,-0.02,0.02]"
14,59,19,2,local_least_squares,3,9.800000000000001e-05,"[""s32screen_c9259cdaf60f253e"",""s32hr000p_747cfea74ba35392"",""s32hr000p_48840fda23f1660c""]","[0.0,-0.007,0.007]"
15,60,20,0,local_least_squares,3,0.0008,"[""s32screen_c9259cdaf60f253e"",""s32hr000p_f1ab239ee3f9296d"",""s32hr000p_8e11a8bba9d85816""]","[0.0,-0.02,0.02]"
16,61,20,1,local_least_squares,3,0.0008,"[""s32screen_c9259cdaf60f253e"",""s32hr000p_f9a307cbcc64826e"",""s32hr000p_5829f79594025334""]","[0.0,-0.02,0.02]"
17,62,20,2,local_least_squares,3,9.800000000000001e-05,"[""s32screen_c9259cdaf60f253e"",""s32hr000p_e7ae41b4a5e892e5"",""s32hr000p_bb23d2a72b5544dc""]","[0.0,-0.007,0.007]"
18,63,21,0,local_least_squares,3,0.0009679999999999999,"[""s32screen_c9259cdaf60f253e"",""s32hr000p_a4bb93c759992b88"",""s32hr000p_f9cc5abb9f5a5b60""]","[0.0,-0.022,0.022]"
19,64,21,1,local_least_squares,3,0.0009679999999999999,"[""s32screen_c9259cdaf60f253e"",""s32hr000p_6070a72978461d76"",""s32hr000p_0e4da1afd950eab5""]","[0.0,-0.022,0.022]"
20,65,21,2,local_least_squares,3,0.000128,"[""s32screen_c9259cdaf60f253e"",""s32hr000p_df552a226f635d66"",""s32hr000p_c79c321d37683093""]","[0.0,-0.008,0.008]"
21,66,22,0,local_least_squares,3,0.0009679999999999999,"[""s32screen_c9259cdaf60f253e"",""s32hr000p_c33c8e5d088f29f6"",""s32hr000p_849a4d8685d840e7""]","[0.0,-0.022,0.022]"
22,67,22,1,local_least_squares,3,0.0009679999999999999,"[""s32screen_c9259cdaf60f253e"",""s32hr000p_f405f7bec3b2cd15"",""s32hr000p_a3508d2b05441de0""]","[0.0,-0.022,0.022]"
23,68,22,2,local_least_squares,3,0.000128,"[""s32screen_c9259cdaf60f253e"",""s32hr000p_160c8fd6d9d6d6b8"",""s32hr000p_0dcad4ae134d5ebb""]","[0.0,-0.008,0.008]"
24,69,23,0,local_least_squares,3,0.001152,"[""s32screen_c9259cdaf60f253e"",""s32hr000p_709572cfdf4bf1ba"",""s32hr000p_6fa6eb4229eecaf4""]","[0.0,-0.024,0.024]"
25,70,23,1,local_least_squares,3,0.001152,"[""s32screen_c9259cdaf60f253e"",""s32hr000p_1ae26b84ea7bc129"",""s32hr000p_335bb734c046922e""]","[0.0,-0.024,0.024]"
26,71,23,2,local_least_squares,3,0.00016199999999999998,"[""s32screen_c9259cdaf60f253e"",""s32hr000p_8bdcaa0691c44dff"",""s32hr000p_816fbe7a392b652c""]","[0.0,-0.009,0.009]"
27,72,24,0,local_least_squares,3,0.001152,"[""s32screen_c9259cdaf60f253e"",""s32hr000p_467449b52afc9cac"",""s32hr000p_79ab28859d822ba3""]","[0.0,-0.024,0.024]"
28,73,24,1,local_least_squares,3,0.001152,"[""s32screen_c9259cdaf60f253e"",""s32hr000p_4dc18dbadf733583"",""s32hr000p_1d1f9f5a5fe3716c""]","[0.0,-0.024,0.024]"
29,74,24,2,local_least_squares,3,0.00016199999999999998,"[""s32screen_c9259cdaf60f253e"",""s32hr000p_a8494a5003c3e599"",""s32hr000p_da5aad82622a43be""]","[0.0,-0.009,0.009]"
