candidate_id,vector,source_name,source_type,linear_prefilter_score,predicted_terminal_R_error_m,predicted_terminal_Z_error_m,predicted_terminal_Ip_error_A,predicted_late_RZ_rms_m,action_rms,delta_action_rms,repair_excess_rms,vector_digest,predicted_final3_box_max_error_m,predicted_terminal_velocity_m_per_s,predicted_late_velocity_rms_m_per_s,predicted_corner_max_violation,predicted_corner_sum_violation,proposal_rank_score,population_index,generation
s22g005_b034e7d0314c08d6,"[2.3911854335466187,1.204177336495726,0.471384395947247,1.2708519768972368,1.8064892748969636,0.1193371421788616,-0.3382991520551947,2.2899503817729636,-0.20279158593500526,-1.091143545737754,-1.4385882584692329,0.19401387007822168,-0.5685289086987542,-0.2135335047699112,-0.03454107915377853]",corner_archive_00,anchor_corner,2.9506016191143845,-0.027401396449582283,0.03216701990257141,910.9355442269407,0.04182166230295071,0.4811125546871861,0.2619869085620431,0.07461407105668431,v_b034e7d0314c08d6,0.031249399164651994,0.02356682513574039,0.10266890020100405,0.04164663882173314,0.06833564083177368,44.40957047119523,0,5
s22g005_54c30ebb7f0d4602,"[2.3911854335466187,1.204177336495726,0.471384395947247,1.242849787353827,1.7997330678930357,0.1078284617050061,-0.3014638557833348,2.1760601716041026,-0.22562057149904513,-1.058672785812392,-1.4562157175476935,0.21003690441795672,-0.5972722134565953,-0.10576424338602372,0.01680324414797135]",corner_archive_01,anchor_corner,2.9541579728869825,-0.027615172557709178,0.032084375612082765,902.9642860621389,0.04186642979113267,0.47854834008497554,0.26217873295679467,0.05905042667784508,v_54c30ebb7f0d4602,0.031274834990698976,0.02275983045642779,0.09985527108080755,0.04249449968996588,0.04249449968996588,44.22382125729338,1,5
s22g005_7b0aab303f40c745,"[2.4156833455235933,1.2134774513649513,0.47907036778035206,1.260005234942497,1.785660286921846,0.13358125403562732,-0.3824613495828374,2.197430148757632,-0.33131052265432653,-0.9135307129819165,-1.4398591074137583,0.18984711051340608,-0.6294257891487809,0.0306486940965105,0.04047750769184573]",corner_archive_02,anchor_corner,2.968785324233707,-0.027853857115896496,0.031931961554809776,947.8371311161063,0.041944359407957495,0.4716395599396997,0.25960912938093933,0.0789314972244249,v_7b0aab303f40c745,0.0312130370574964,0.024960122745232727,0.09899564796108215,0.04043456858321326,0.04043456858321326,42.08163917978413,2,5
s22g005_da81ee67066f0a3d,"[2.3911854335466187,1.204177336495726,0.471384395947247,1.2590421768972369,1.8182990748969636,0.1140883421788616,-0.31533565205519465,2.2669868817729637,-0.19295008593500526,-1.120668045737754,-1.409063758469233,0.18220407007822167,-0.5390044086987542,-0.2430580047699112,-0.022731279153778525]",corner_archive_03,anchor_corner,2.9445598166250857,-0.02725620514334981,0.032229618751647246,908.8782796188061,0.041796315886966875,0.4806748053577073,0.26018758889977656,0.0694325157325768,v_da81ee67066f0a3d,0.03126420951721992,0.023675543299453594,0.10312528164363663,0.04214031724066403,0.07339313367703015,45.10548818591148,3,5
s22g005_55ac80dad456bfb4,"[2.3911854335466187,1.204177336495726,0.471384395947247,1.2567016388816485,1.8421382546424367,0.11550245430710485,-0.29751446101718565,2.165267685656124,-0.2228072625939908,-1.0738137630666105,-1.4553222836363389,0.18856786365225925,-0.5899111401552009,-0.18704148122445732,0.028889362001502418]",corner_archive_04,anchor_corner,2.9514178946253695,-0.027511952820436725,0.032163897685173096,894.444934070114,0.04184399207168803,0.4800818301963391,0.26114955918719646,0.05765123349497787,v_55ac80dad456bfb4,0.031234573648792067,0.024979566296371027,0.10226293673090177,0.04115245495973552,0.06378182226875317,43.7332420294319,4,5
s22g005_89d222a7ea5c4cdd,"[2.3911854335466187,1.204177336495726,0.471384395947247,1.2562719768972368,1.8272252748969635,0.1272571421788616,-0.3609791520551947,2.203703381772964,-0.17095858593500526,-1.1210325457377541,-1.4240892584692328,0.23483787007822168,-0.6859789086987541,-0.19247350476991118,-0.04912107915377853]",damped_archive_00,anchor_damped,2.962125891261872,-0.027188864972961024,0.03257680731267713,890.5030478321605,0.041906715609769746,0.48418912699127076,0.26174896578162554,0.05676015280657911,v_89d222a7ea5c4cdd,0.031373495790528526,0.022632441315802113,0.09950559277535903,0.045783193017617574,0.045783193017617574,47.644141997234904,5,5
s22g005_b65dbd2d777a03f8,"[2.4156833455235933,1.2134774513649513,0.47907036778035206,1.260005234942497,1.7620406869218461,0.13358125403562732,-0.42838834958283745,2.197430148757632,-0.3116275226543265,-0.9135307129819165,-1.3808101074137584,0.18984711051340608,-0.570376789148781,0.0306486940965105,0.06409710769184573]",damped_archive_01,anchor_damped,2.9714627558218654,-0.027682973059868665,0.03207919145965022,935.1703129128728,0.04198232940933689,0.46891442954547513,0.25682754942191516,0.07648521372134838,v_b65dbd2d777a03f8,0.03130576839993399,0.0233398211930003,0.09661694916358333,0.04352561333113325,0.04352561333113325,45.2963524919368,6,5
s22g005_326300007e2aef70,"[2.3911854335466187,1.204177336495726,0.471384395947247,1.2472323768972369,1.8064892748969636,0.1088395421788616,-0.3382991520551947,2.244023381772964,-0.20279158593500526,-1.150192545737754,-1.4385882584692329,0.17039427007822167,-0.5685289086987542,-0.2725825047699112,-0.03454107915377853]",damped_archive_02,anchor_damped,2.96552694722585,-0.02727894529794639,0.03251954856644201,919.0330054642473,0.04190884640577958,0.4835459810885972,0.26179314486176014,0.0669735676259408,v_326300007e2aef70,0.03139739242746199,0.018921087447074127,0.09799506447991752,0.0465797475820664,0.0465797475820664,48.47259275482132,7,5
s22g005_fc29a0a4a8f8207e,"[2.4156833455235933,1.2134774513649513,0.47907036778035206,1.248195434942497,1.773850486921846,0.12833245403562732,-0.4054248495828374,2.220393648757632,-0.32146902265432653,-0.8840062129819165,-1.4103346074137584,0.2016569105134061,-0.5999012891487809,0.06017319409651051,0.05228730769184573]",precise_archive_00,anchor_precise,2.9709388517547453,-0.02773297032363431,0.03201368433664291,940.8463578580813,0.041968655723858925,0.4688170385268849,0.25844792316448784,0.08131329131199051,v_fc29a0a4a8f8207e,0.031286681612947766,0.023789164107426368,0.09707896414517353,0.04288938709825896,0.04288938709825896,44.63467197070686,8,5
s22g005_00d9c3b5be4ed925,"[2.4156833455235933,1.2134774513649513,0.47907036778035206,1.2301591838112993,1.790344966208752,0.12462755070439314,-0.3520412179701483,2.195619167017864,-0.2992835605670293,-0.9624851146112575,-1.412281801697162,0.18355487000686582,-0.6263706082077115,0.00310367240276648,0.05003729433648711]",precise_archive_02,anchor_precise,2.96111183918588,-0.027563420781315906,0.03210602269721334,939.6870225583189,0.0419090734069643,0.4724328367660315,0.25815737191772964,0.07361720695381783,v_00d9c3b5be4ed925,0.03127813923757089,0.022470772520135934,0.0986234522804477,0.042604641252363074,0.042604641252363074,44.33843802084945,9,5
s22g005_493c953c60f07abe,"[2.3911854335466187,1.204177336495726,0.471384395947247,1.2562719768972368,1.8272252748969635,0.1167595421788616,-0.31505215205519466,2.203703381772964,-0.17095858593500526,-1.0619835457377542,-1.4831382584692328,0.23483787007822168,-0.6859789086987541,-0.25152250476991117,-0.025501479153778525]",anchor_fill_10,anchor_fill,2.958919397798331,-0.027558679971608546,0.032232678840106416,865.736052853259,0.041885619031976705,0.48446989956811015,0.2633667714619575,0.05632727559293367,v_493c953c60f07abe,0.03123813280347705,0.026876606855071487,0.10335684045101673,0.041271093449235075,0.07483949795940226,44.29426256158915,10,5
s22g005_9e6cb2afb7b54664,"[2.3911854335466187,1.204177336495726,0.471384395947247,1.2562719768972368,1.8508448748969635,0.1272571421788616,-0.31505215205519466,2.2496303817729637,-0.17095858593500526,-1.0619835457377542,-1.4240892584692328,0.21121827007822166,-0.6859789086987541,-0.25152250476991117,-0.04912107915377853]",anchor_fill_11,anchor_fill,2.9423180919731577,-0.02722662262441744,0.03224765579298482,894.3740078079209,0.04178877477048153,0.48256171884198046,0.2597795087991678,0.06460975820977304,v_9e6cb2afb7b54664,0.031234817757187387,0.028595486784113652,0.10578266455701422,0.057826645570142166,0.09898723747638849,61.81555825011743,11,5
s22g005_0959e2cd333b7869,"[2.3911854335466187,1.204177336495726,0.471384395947247,1.2602231568972369,1.7958604548969637,0.11461322217886159,-0.3589663020551947,2.3106175317729636,-0.19393423593500525,-1.0645714957377541,-1.412016208469233,0.18338505007822167,-0.5951009586987541,-0.24010555476991122,-0.04516989915377853]",probe_c0_h04_m,multi_center_probes,2.9479601112444307,-0.02726805827850376,0.03221859972695451,919.6102581552077,0.041810302085598265,0.4804608716158676,0.25985852702019907,0.076726559687074,v_0959e2cd333b7869,0.03132082816696433,0.022902674353706312,0.10134021945254432,0.0440276055654778,0.0574298000909208,46.35427717022707,12,5
s22g005_5c05a482d56e8e69,"[2.3911854335466187,1.204177336495726,0.471384395947247,1.2814807968972368,1.8171180948969636,0.1240610621788616,-0.31763200205519465,2.2692832317729636,-0.21164893593500528,-1.117715595737754,-1.4651603084692328,0.2046426900782217,-0.5419568586987542,-0.1869614547699112,-0.023912259153778523]",probe_c0_h04_p,multi_center_probes,2.9533157676907877,-0.027535210808118493,0.03211485889525647,902.284076473803,0.04183318562277579,0.48183164137298196,0.2642011852042243,0.07257381184859849,v_5c05a482d56e8e69,0.031179767607363525,0.024295137264490133,0.10398989121902032,0.03989891219020314,0.07922449910232077,43.097425311972884,13,5
s22g005_97ecbff66a304bf4,"[2.3911854335466187,1.204177336495726,0.471384395947247,1.2602231568972369,1.8171180948969636,0.11461322217886159,-0.31763200205519465,2.3106175317729636,-0.21164893593500528,-1.0645714957377541,-1.4651603084692328,0.18338505007822167,-0.5419568586987542,-0.24010555476991122,-0.023912259153778523]",probe_c0_h05_m,multi_center_probes,2.9493687068798837,-0.02744821483380877,0.032099046773214804,908.735780015184,0.04180419625939597,0.48062915582479804,0.2627203077685565,0.07913180133263549,v_97ecbff66a304bf4,0.031239783114317004,0.023915583134246944,0.10351565695548143,0.04132610381056678,0.07648267336538095,44.41490443225082,14,5
s22g005_fe6e232ce2c851ad,"[2.3911854335466187,1.204177336495726,0.471384395947247,1.2814807968972368,1.7958604548969637,0.1240610621788616,-0.3589663020551947,2.2692832317729636,-0.19393423593500525,-1.117715595737754,-1.412016208469233,0.2046426900782217,-0.5951009586987541,-0.1869614547699112,-0.04516989915377853]",probe_c0_h05_p,multi_center_probes,2.9520025797935774,-0.027354254357822683,0.032236085083833535,913.0995692480574,0.04183956635038602,0.4817074885712401,0.26130249095124586,0.0701197953510941,v_fe6e232ce2c851ad,0.03126021179509254,0.023307155133997823,0.10198542750411685,0.04200705983641817,0.061861334877586494,44.51103325731957,15,5
s22g005_3fefa7efc6f15089,"[2.3911854335466187,1.204177336495726,0.471384395947247,1.2602231568972369,1.7958604548969637,0.1240610621788616,-0.31763200205519465,2.3106175317729636,-0.19393423593500525,-1.117715595737754,-1.4651603084692328,0.18338505007822167,-0.5951009586987541,-0.1869614547699112,-0.023912259153778523]",probe_c0_h06_m,multi_center_probes,2.9507622714584905,-0.0274206403583257,0.03216188014233798,909.6892517869164,0.041812932065462355,0.48316086095931743,0.2644039207181934,0.07635432872950206,v_3fefa7efc6f15089,0.031239209930136742,0.022547421295872477,0.10288775014305851,0.04130699767122481,0.0701844991018099,44.143885258011785,16,5
s22g005_997efde78c94ddf3,"[2.3911854335466187,1.204177336495726,0.471384395947247,1.2814807968972368,1.8171180948969636,0.11461322217886159,-0.3589663020551947,2.2692832317729636,-0.21164893593500528,-1.0645714957377541,-1.412016208469233,0.2046426900782217,-0.5419568586987542,-0.24010555476991122,-0.04516989915377853]",probe_c0_h06_p,multi_center_probes,2.950498614537535,-0.027381697914338865,0.032172609232112896,912.1904785561201,0.0418303725486059,0.4791362828118808,0.2596541149348251,0.07301998494899793,v_997efde78c94ddf3,0.03126213113344197,0.024897531383936612,0.10252557018229963,0.04207103778139909,0.06732673960439528,44.79361235172028,17,5
s22g005_07aa56b2df8204fe,"[2.3911854335466187,1.204177336495726,0.471384395947247,1.2602231568972369,1.8171180948969636,0.1240610621788616,-0.3589663020551947,2.3106175317729636,-0.21164893593500528,-1.117715595737754,-1.412016208469233,0.18338505007822167,-0.5419568586987542,-0.1869614547699112,-0.04516989915377853]",probe_c0_h07_m,multi_center_probes,2.9518407470716723,-0.027117843312183365,0.03240108129952072,931.0207670327654,0.04182058575593152,0.48038158614442045,0.2613568209555643,0.07956493053200366,v_07aa56b2df8204fe,0.031363981188920045,0.02025841234604791,0.09999864198059707,0.04546603963066831,0.04546603963066831,47.31419962336575,18,5
s22g005_a50962719aa94910,"[2.3911854335466187,1.204177336495726,0.471384395947247,1.2814807968972368,1.7958604548969637,0.11461322217886159,-0.31763200205519465,2.2692832317729636,-0.19393423593500525,-1.0645714957377541,-1.4651603084692328,0.2046426900782217,-0.5951009586987541,-0.24010555476991122,-0.023912259153778523]",probe_c0_h07_p,multi_center_probes,2.9496336108988586,-0.027685431625465662,0.03193095897228643,890.8232627151156,0.0418234769925149,0.4819479020970341,0.26268674580086476,0.06969274966061663,v_a50962719aa94910,0.03113735064417839,0.026981005006579545,0.105467158431496,0.05467158431495989,0.09258327245423947,58.40441154923846,19,5
s22g005_61ca61b53a71b88b,"[2.3911854335466187,1.204177336495726,0.471384395947247,1.2456431568972368,1.8378540948969635,0.1225332221788616,-0.3403120020551947,2.183036231772964,-0.16210123593500525,-1.147604595737754,-1.3975172084692329,0.2454666900782217,-0.7125509586987541,-0.16590145476991117,-0.059749899153778534]",probe_c1_h09_m,multi_center_probes,2.9568440991619225,-0.027039904640446366,0.032642832975456774,896.3174318593774,0.04188329569992359,0.4843744716188726,0.2607717170269012,0.05215687805964619,v_61ca61b53a71b88b,0.031385222600933856,0.022968426736295875,0.1000904189271467,0.046174086697795325,0.047078275969262284,48.086786177557435,20,5
s22g005_b1f4adf594a69ee4,"[2.3911854335466187,1.204177336495726,0.471384395947247,1.2669007968972368,1.8165964548969635,0.1319810621788616,-0.38164630205519473,2.224370531772964,-0.17981593593500528,-1.0944604957377542,-1.4506613084692328,0.22420905007822167,-0.6594068586987542,-0.2190455547699112,-0.038492259153778526]",probe_c1_h09_p,multi_center_probes,2.9674537443177345,-0.02733814723737371,0.03250917603145238,884.6576615263912,0.04192979922222539,0.4841044916844629,0.26279460376051056,0.06139763673492015,v_b1f4adf594a69ee4,0.03136400329955735,0.022577809777324355,0.0989808917032578,0.0454667766519119,0.0454667766519119,47.315122255431554,21,5
s22g005_b3e3005431f78362,"[2.3911854335466187,1.204177336495726,0.471384395947247,1.2456431568972368,1.8165964548969635,0.1319810621788616,-0.3403120020551947,2.183036231772964,-0.17981593593500528,-1.0944604957377542,-1.3975172084692329,0.2454666900782217,-0.6594068586987542,-0.2190455547699112,-0.059749899153778534]",probe_c1_h10_m,multi_center_probes,2.9506492163444213,-0.027231915908324744,0.03238296441843694,888.00344524506,0.041851329166442824,0.48192672395791597,0.2590659631459223,0.054162956040072596,v_b3e3005431f78362,0.03135624599772491,0.02309398302123013,0.09999671868251563,0.04520819992416358,0.04520819992416358,47.04603441329356,22,5
s22g005_9295318bcc854d66,"[2.3911854335466187,1.204177336495726,0.471384395947247,1.2669007968972368,1.8378540948969635,0.1225332221788616,-0.38164630205519473,2.224370531772964,-0.16210123593500525,-1.147604595737754,-1.4506613084692328,0.22420905007822167,-0.7125509586987541,-0.16590145476991117,-0.038492259153778526]",probe_c1_h10_p,multi_center_probes,2.9765811825328834,-0.027158301433175658,0.03279178355285251,892.9276824144581,0.04198026186603726,0.486346442903037,0.26443188613959584,0.059615665286483835,v_9295318bcc854d66,0.031393366751594654,0.022408767192084497,0.0990788559302476,0.04644555838648845,0.04644555838648845,48.333146533773316,23,5
s22g005_8216138ac6247937,"[2.3911854335466187,1.204177336495726,0.471384395947247,1.2456431568972368,1.8378540948969635,0.1319810621788616,-0.38164630205519473,2.183036231772964,-0.16210123593500525,-1.0944604957377542,-1.4506613084692328,0.2454666900782217,-0.7125509586987541,-0.2190455547699112,-0.038492259153778526]",probe_c1_h11_m,multi_center_probes,2.9783506791703966,-0.02720509820476169,0.03278915267449606,868.7393502807572,0.04200228395624608,0.4849307197799945,0.26272254600758516,0.05271699961220657,v_8216138ac6247937,0.03145786206674781,0.0222043925825476,0.09722336763264307,0.04859540222492709,0.04859540222492709,50.56900182071587,24,5
s22g005_a1f632ca401c18d5,"[2.3911854335466187,1.204177336495726,0.471384395947247,1.2669007968972368,1.8165964548969635,0.1225332221788616,-0.3403120020551947,2.224370531772964,-0.17981593593500528,-1.147604595737754,-1.3975172084692329,0.22420905007822167,-0.6594068586987542,-0.16590145476991117,-0.059749899153778534]",probe_c1_h11_p,multi_center_probes,2.9518153330003267,-0.027195903884302375,0.032409545487833896,912.0885209616972,0.04184782566441473,0.48319448137573195,0.260798437186226,0.060989247617170214,v_a1f632ca401c18d5,0.03129149258614484,0.02336471353923973,0.1018261194288845,0.043049752871494595,0.06131094716033947,45.53170891123818,25,5
s22g005_13970f9b115e74f1,"[2.3911854335466187,1.204177336495726,0.471384395947247,1.2456431568972368,1.8165964548969635,0.1225332221788616,-0.38164630205519473,2.224370531772964,-0.16210123593500525,-1.0944604957377542,-1.3975172084692329,0.2454666900782217,-0.6594068586987542,-0.16590145476991117,-0.038492259153778526]",probe_c1_h12_m,multi_center_probes,2.9579520778927595,-0.027054389819334723,0.03260312112848026,884.426624214233,0.04189057560412011,0.48175547711099936,0.26064565826967395,0.058789394001563924,v_13970f9b115e74f1,0.03143831579793222,0.021231357531581993,0.09789511041727005,0.047943859931074195,0.047943859931074195,49.89119384909609,26,5
s22g005_ddd8b68bf739e988,"[2.3911854335466187,1.204177336495726,0.471384395947247,1.2669007968972368,1.8378540948969635,0.1319810621788616,-0.3403120020551947,2.183036231772964,-0.17981593593500528,-1.147604595737754,-1.4506613084692328,0.22420905007822167,-0.7125509586987541,-0.2190455547699112,-0.059749899153778534]",probe_c1_h12_p,multi_center_probes,2.9665264545864,-0.027324511899514903,0.0325511048656565,896.5993586670302,0.04192399517073833,0.48670664202177444,0.2628870128015438,0.05483852782309851,v_ddd8b68bf739e988,0.03131101303891952,0.024224046911015595,0.10114389801717144,0.04370043463065065,0.05513941480236495,45.93567648729111,27,5
s22g005_c3d02ee5be5f0093,"[2.4156833455235933,1.2134774513649513,0.47907036778035206,1.237566614942497,1.7632216669218461,0.1330563740356273,-0.3847576995828374,2.241060798757632,-0.31261167265432654,-0.9105782629819165,-1.4369066574137583,0.2122857305134061,-0.573329239148781,0.0336011440965105,0.04165848769184573]",probe_c2_h14_m,multi_center_probes,2.9764901159975317,-0.027790663536629956,0.03203896904941042,928.2593525299599,0.04199341838635049,0.47005682968106716,0.26034298936812106,0.08296356329192023,v_c3d02ee5be5f0093,0.03129318386888208,0.02203489534993746,0.0968894495638739,0.043106128962736134,0.043106128962736134,44.86013902240556,28,5
s22g005_55176d34264be414,"[2.4156833455235933,1.2134774513649513,0.47907036778035206,1.258824254942497,1.784479306921846,0.12360853403562731,-0.42609199958283744,2.199726498757632,-0.3303263726543265,-0.8574341629819165,-1.3837625574137584,0.19102809051340608,-0.6264733391487809,0.08674524409651052,0.06291612769184574]",probe_c2_h14_p,multi_center_probes,2.9665012276690454,-0.027679652528714738,0.031997103615236056,953.4096230497162,0.041950802341729834,0.46759090266082587,0.2566398763566684,0.0796869452924499,v_55176d34264be414,0.03128240028207203,0.025837059706235597,0.0973567345852723,0.04274667606906757,0.04274667606906757,44.48620812410696,29,5
s22g005_280fcc399b13fa5f,"[2.4156833455235933,1.2134774513649513,0.47907036778035206,1.237566614942497,1.784479306921846,0.1330563740356273,-0.42609199958283744,2.241060798757632,-0.3303263726543265,-0.9105782629819165,-1.3837625574137584,0.2122857305134061,-0.6264733391487809,0.0336011440965105,0.06291612769184574]",probe_c2_h15_m,multi_center_probes,2.9760481417927025,-0.027487673718989636,0.03227423666654278,930.7098289089699,0.041986962037691984,0.46970418254467267,0.25688017700437,0.08620355700481576,v_280fcc399b13fa5f,0.031393192274207816,0.02107085687858541,0.09468722247867024,0.04643974247359384,0.04643974247359384,48.32709265395552,30,5
s22g005_c68b0c56d9d71eb0,"[2.4156833455235933,1.2134774513649513,0.47907036778035206,1.258824254942497,1.7632216669218461,0.12360853403562731,-0.3847576995828374,2.199726498757632,-0.31261167265432654,-0.8574341629819165,-1.4369066574137583,0.19102809051340608,-0.573329239148781,0.08674524409651052,0.04165848769184573]",probe_c2_h15_p,multi_center_probes,2.966059189572113,-0.02797871664071583,0.03175064537561958,950.9625416236231,0.041950722774713484,0.46803738061004185,0.26007983886983777,0.07651459292814027,v_c68b0c56d9d71eb0,0.03118257229756514,0.026791263341856855,0.09954233774154292,0.0394190765855047,0.0394190765855047,41.025500240820605,31,5
s22g005_87bb3e73e2da2a9c,"[2.4156833455235933,1.2134774513649513,0.47907036778035206,1.237566614942497,1.7632216669218461,0.12360853403562731,-0.42609199958283744,2.199726498757632,-0.3303263726543265,-0.9105782629819165,-1.4369066574137583,0.19102809051340608,-0.6264733391487809,0.0336011440965105,0.04165848769184573]",probe_c2_h00_m,multi_center_probes,3.0018587892885003,-0.027821909666415845,0.03235538008860432,949.4128160593973,0.04214507805845919,0.4702338071141841,0.2596333436688648,0.07955289852334377,v_87bb3e73e2da2a9c,0.03140757408522919,0.01992565685245708,0.09275750568582461,0.04691913617430643,0.04691913617430643,48.82592020917157,32,5
s22g005_2addbaa9dfd5e85b,"[2.4156833455235933,1.2134774513649513,0.47907036778035206,1.258824254942497,1.784479306921846,0.1330563740356273,-0.3847576995828374,2.241060798757632,-0.31261167265432654,-0.8574341629819165,-1.3837625574137584,0.2122857305134061,-0.573329239148781,0.08674524409651052,0.06291612769184574]",probe_c2_h00_p,multi_center_probes,2.9403836474283382,-0.027644108330529882,0.03167305233176213,932.3008568839359,0.041793248779621775,0.4675195602449486,0.2572732843225541,0.08310113853538598,v_2addbaa9dfd5e85b,0.03116758357658491,0.028071654617676266,0.1015665125072777,0.03891945255283047,0.05458457762560753,41.13223949432905,33,5
s22g005_5dc2dbb29cdbabd6,"[2.4156833455235933,1.2134774513649513,0.47907036778035206,1.237566614942497,1.784479306921846,0.12360853403562731,-0.3847576995828374,2.199726498757632,-0.31261167265432654,-0.9105782629819165,-1.3837625574137584,0.19102809051340608,-0.573329239148781,0.0336011440965105,0.06291612769184574]",probe_c2_h01_m,multi_center_probes,2.9616631516471177,-0.02758145441442239,0.03204724370302557,939.4384344397513,0.04192262543709887,0.4684278107830487,0.2563967068326583,0.07657172088058421,v_5dc2dbb29cdbabd6,0.03130039231930758,0.0233928643153949,0.09764847414437901,0.04334641064358591,0.04334641064358591,45.10988370084582,34,5
s22g005_6479927078ba7d65,"[2.4156833455235933,1.2134774513649513,0.47907036778035206,1.258824254942497,1.7632216669218461,0.1330563740356273,-0.42609199958283744,2.241060798757632,-0.3303263726543265,-0.8574341629819165,-1.4369066574137583,0.2122857305134061,-0.6264733391487809,0.08674524409651052,0.04165848769184573]",probe_c2_h01_p,multi_center_probes,2.9802738006732903,-0.02788464569549054,0.03197881199499578,942.2351309452824,0.042014388365155995,0.4692685683321734,0.26060718411900324,0.08607080376471785,v_6479927078ba7d65,0.03127500850682883,0.024417055995955006,0.09652199550957574,0.042500283560960916,0.042500283560960916,44.23009764140608,35,5
s22g005_c7977d0964c1798b,"[2.4156833455235933,1.2134774513649513,0.47907036778035206,1.2702319123406767,1.7709491158323727,0.117071144881114,-0.36253856685539176,2.2277188703218442,-0.33001353381089726,-0.8807058966938965,-1.3715531667593401,0.19103125306363616,-0.5788887333894587,0.1954143038421528,0.057424016679910594]",corner_local_0033,corner_local,2.944882308758739,-0.027795635273545782,0.03157168298383513,974.8159944118233,0.041828651333662245,0.46611134551212524,0.25752493812679905,0.083323501347319,v_c7977d0964c1798b,0.0310912083432396,0.027856583800480363,0.1025062743903562,0.03637361144132001,0.06143635534488201,38.86051447820287,36,5
s22g005_ebd91753cb092841,"[2.3911854335466187,1.204177336495726,0.471384395947247,1.2749649065189446,1.8246843194226412,0.11704438272890312,-0.28625189058666756,2.219024458710734,-0.23880740027501157,-1.1252728280636723,-1.531277822874706,0.22914151040387504,-0.5559419859054487,-0.17350746158734076,0.02407487705784031]",corner_local_0003,corner_local,2.967163707041184,-0.02781992292199098,0.03210722519748914,871.7016431299598,0.04190419034542394,0.4838789664145683,0.26765674503345416,0.06805408969626967,v_ebd91753cb092841,0.031155860214229333,0.02361456968329469,0.1028620942823399,0.038528673807644465,0.06714961663104346,41.24433010995662,37,5
s22g005_cf5e8f47f3a2b8a2,"[2.4156833455235933,1.2134774513649513,0.47907036778035206,1.2884150340588034,1.7561203123860318,0.12339655917015985,-0.42907729593484967,2.23471890278832,-0.3217148352148764,-0.9707228656395865,-1.3718304875590526,0.21049346184965498,-0.599712800969147,0.09722159408199288,0.04261289017339523]",corner_local_0017,corner_local,2.971912634765268,-0.02771362068062211,0.03203024466380661,951.9240525066125,0.041969869832230514,0.47077891080219525,0.2583428065911062,0.08385477011744223,v_cf5e8f47f3a2b8a2,0.031221278366126783,0.02302918942275946,0.09834982859770428,0.04070927887089271,0.04070927887089271,42.36736915207606,38,5
s22g005_119769ac3eff8426,"[2.3911854335466187,1.204177336495726,0.471384395947247,1.2475498142832926,1.819092089878586,0.12018580525475349,-0.28454475381778155,2.230031078691419,-0.2316134422840773,-1.0054974505065033,-1.4948096127315618,0.2200894331296255,-0.5153350824836552,-0.12239246494035377,0.0031926332952030632]",corner_local_0062,corner_local,2.941116899613559,-0.027693123112661144,0.031821177303884327,893.8328544687465,0.04177530340526602,0.4772042985954298,0.2642555705253691,0.06837414778027484,v_119769ac3eff8426,0.031190445431341616,0.02642959015605735,0.10331209341235112,0.039681514378054006,0.07280244850156503,42.62302348711274,39,5
s22g005_928d9b1a64f967d6,"[2.4156833455235933,1.2134774513649513,0.47907036778035206,1.25634203060649,1.8141893865291892,0.12098219550741576,-0.356118798714129,2.264953962776768,-0.3157265484390187,-0.9883779036782736,-1.3717649014246016,0.23316425579088262,-0.5470628130469157,-0.03321369263387975,0.033633444683501476]",corner_local_0061,corner_local,2.9546789682538566,-0.02744400039657957,0.03205206723592559,922.6658288654726,0.041851971108134906,0.47106014644838257,0.25659205945397545,0.08757288923598977,v_928d9b1a64f967d6,0.031209748648404326,0.02416250815120099,0.10186777385469002,0.04032495494681099,0.05900269349371112,42.714609476241975,40,5
s22g005_e498f97e33250bf5,"[2.4156833455235933,1.2134774513649513,0.47907036778035206,1.280359889883271,1.7389212582758435,0.1233700276867993,-0.3590280425720414,2.2041475290409513,-0.31957615027533287,-0.8765759658687909,-1.369447507611732,0.19738178625492403,-0.5448997996447299,0.13132754137955374,0.03785986828311988]",corner_local_0095,corner_local,2.948499006181225,-0.028043554282273675,0.03140786214122337,963.5133133024465,0.041865577888675995,0.46551987957702134,0.2565358929458838,0.07789733712982261,v_e498f97e33250bf5,0.031037022555070237,0.029572615797556823,0.10402077537845116,0.04020775378451158,0.07477517228685282,43.228245666047506,41,5
s22g005_fe19c2475d970bf3,"[2.3911854335466187,1.204177336495726,0.471384395947247,1.2734750208827772,1.8217577584902125,0.10412610587110234,-0.32114087737866337,2.2891143177442017,-0.22541576298830643,-1.0757421799854243,-1.435265325703276,0.19040286151638802,-0.573776689989849,-0.20863242272071186,-0.01094882168175252]",corner_local_0090,corner_local,2.9491938834614304,-0.027427852554869014,0.032107301874345136,914.8226393796613,0.04181060043909538,0.4799417541369575,0.26095422282150993,0.07778092960113817,v_fe19c2475d970bf3,0.031207872913736293,0.024248552107226547,0.10400050958549212,0.040262430457876475,0.08026752631279765,43.502623449223,42,5
s22g005_74c4a27f67e6f4a8,"[2.4156833455235933,1.2134774513649513,0.47907036778035206,1.219299599395855,1.82447941329607,0.11109727720990598,-0.30265694890718453,2.1802824688284543,-0.2854654179876394,-1.0090199708426497,-1.464937138449077,0.2177203199455127,-0.5705040008463275,-0.02290780601891709,0.044294159213423896]",corner_local_0077,corner_local,2.9642600547329363,-0.027596448367497972,0.0321826989176267,914.1260688429429,0.04191662260830944,0.47456115308716523,0.26203575644343213,0.06890785525921016,v_74c4a27f67e6f4a8,0.03125467433071644,0.02282535652510577,0.09983550291415519,0.041822477690548254,0.041822477690548254,43.52501939871751,43,5
s22g005_64f62c0d89ca3120,"[2.3911854335466187,1.204177336495726,0.471384395947247,1.25171595019046,1.8161455525479802,0.11625081881978538,-0.30858213771939924,2.211630392450034,-0.2419451317996119,-1.0259681043917273,-1.4800106981296726,0.18346956875754303,-0.5771097116612357,-0.14226360813030164,0.02026602529743171]",corner_local_0004,corner_local,2.9499527039766766,-0.02762431348501193,0.03200634577452646,910.6142916097306,0.041825847414738604,0.4786342219033702,0.2626544204571967,0.0671844558620321,v_64f62c0d89ca3120,0.031244238908302222,0.023571002089068867,0.10105321270644983,0.04147463027674081,0.05200675734123905,43.58440009743014,44,5
s22g005_988c4543fc4dd8a5,"[2.3911854335466187,1.204177336495726,0.471384395947247,1.2646545467727661,1.8083223075770083,0.1186231638655329,-0.31714712798278594,2.2450194718134258,-0.21670649350053134,-1.0813323370371204,-1.4246864437578628,0.2062956803240523,-0.584762790183336,-0.20022012277242995,-0.015768022685304674]",corner_local_0010,corner_local,2.944082504387744,-0.027446544243164284,0.032063204247172246,903.1148317160587,0.04179427841590081,0.48014512697912887,0.2603268419653506,0.06900029898978814,v_988c4543fc4dd8a5,0.03122305307405598,0.02427821467365472,0.10297105039798302,0.040768435801866065,0.07047893978169606,43.61703421817778,45,5
s22g005_e4eed4b913d7e18d,"[2.3911854335466187,1.204177336495726,0.471384395947247,1.2298867965074582,1.7976180407456044,0.10890240679534638,-0.2770192063828834,2.14629000144799,-0.21814279694086022,-1.0250832527756684,-1.459718289395882,0.234205230683017,-0.6087685962042153,-0.05795344642970192,0.029918630308449858]",corner_local_0067,corner_local,2.9500052454661714,-0.027719065623129868,0.03194439683860739,886.8839873295292,0.0418558260760003,0.47682930711387184,0.262266518242154,0.0530232862857922,v_e4eed4b913d7e18d,0.031248543794904826,0.024827713612569358,0.10085622814614835,0.04161812649682761,0.050180407958311024,43.65484286761472,46,5
s22g005_ac99780b01007a30,"[2.3911854335466187,1.204177336495726,0.471384395947247,1.2545228687699974,1.8265925264685567,0.12096989734456187,-0.31255478125735736,2.1997488885331045,-0.22514493460222326,-1.021689063446929,-1.4456041545484006,0.19743887837172733,-0.5999450184841619,-0.14114581115980035,0.004160779502890171]",corner_local_0056,corner_local,2.942263281565804,-0.027498391527073562,0.03201384848932653,908.0735169268955,0.04179339063251424,0.4779797058726764,0.2606539059438181,0.06313679364238108,v_ac99780b01007a30,0.031233481176786197,0.025832864905647002,0.1024208658401625,0.04111603922620666,0.06532469762783144,43.75844976413558,47,5
s22g005_156407e2d711bc8e,"[2.3911854335466187,1.204177336495726,0.471384395947247,1.25005777341102,1.8231487575785619,0.1238643501945668,-0.3010748587849382,2.2598138519881714,-0.23384799768441214,-1.0562481440515172,-1.4417776334023167,0.18407004913247343,-0.5547749197118633,-0.13640451536093867,0.010974666456054372]",corner_local_0038,corner_local,2.937956224117332,-0.027386441701037545,0.032017643539925505,914.905051227739,0.041750891602285074,0.47815291486911576,0.26137536905623276,0.07373472050834487,v_156407e2d711bc8e,0.031234691209761592,0.02334067297274955,0.10276021142845974,0.041156373658719714,0.06875848794331718,43.936092738693574,48,5
s22g005_adf586ba25597d7e,"[2.3911854335466187,1.204177336495726,0.471384395947247,1.264828462341373,1.8058785189844317,0.11909880277857489,-0.32742752958288246,2.2788439928251627,-0.2163958623919818,-1.0879326812337369,-1.4821006429944532,0.2055197261884271,-0.46646280409257196,-0.12819906619391455,-0.0001051071873125458]",corner_local_0088,corner_local,2.955348998037384,-0.027539776174840602,0.03211968476045277,899.3886285211302,0.04184573619321835,0.4791503566894423,0.2659535551354423,0.0744920444174498,v_adf586ba25597d7e,0.03126004787085465,0.022242182067934123,0.10108838237556543,0.04200159569515516,0.05288541945080949,44.146565963167916,49,5
s22g005_a5e8c51e276dcc81,"[2.3911854335466187,1.204177336495726,0.471384395947247,1.269185146081118,1.8455465727202196,0.13536819915764794,-0.3437598067426484,2.233155547520044,-0.16474276964449186,-1.0765072508619236,-1.4751705219152167,0.24160274775948407,-0.6738088982015028,-0.2263275390037006,-0.06048762743976155]",corner_local_0089,corner_local,2.96208844668121,-0.027404904619048542,0.03238633525380567,876.5384278742313,0.04189781515528766,0.4844649344495873,0.2640878676374921,0.061406973620082815,v_a5e8c51e276dcc81,0.0312568416677175,0.02647143010794168,0.10344562879752567,0.041894722257250105,0.07635101023250668,44.97838355101719,50,5
s22g005_f1467b74b587cca0,"[2.3911854335466187,1.204177336495726,0.471384395947247,1.2433226677166456,1.8091526395182156,0.12209080659965917,-0.3534948160913638,2.1493343061857444,-0.23453301696364123,-0.9508009057971352,-1.3812575098112738,0.1971217963937943,-0.5703489021863869,-0.1058869724637268,0.043255806186474996]",corner_local_0074,corner_local,2.9405796129950406,-0.0274381970492944,0.03200954252984661,902.2986735393752,0.041814274803324225,0.4721971817308577,0.2557297892734737,0.056789495621066985,v_f1467b74b587cca0,0.03133895371517981,0.025724670075810294,0.09910505649520983,0.04463179050599364,0.04463179050599364,46.44646792236334,51,5
s22g005_30c1f8641a975aa8,"[2.3911854335466187,1.204177336495726,0.471384395947247,1.2245195858900226,1.8099465675355704,0.1278737990280388,-0.33043579409648327,2.186004066915522,-0.2189290979488527,-1.0385966384485217,-1.4080715722358448,0.215055205710507,-0.5650095030499563,-0.09590730271190517,0.018772153214905385]",corner_local_0042,corner_local,2.944238937489577,-0.027260887427525637,0.03223513230528084,897.6103472835966,0.04181639085999843,0.47611883744096833,0.2595072408024398,0.05990579977974829,v_30c1f8641a975aa8,0.031397185273070484,0.021592582776465644,0.09759788109253534,0.046572842435682826,0.046572842435682826,48.46519852248504,52,5
s22g005_534603d6183f01d0,"[2.3911854335466187,1.204177336495726,0.471384395947247,1.2508927550787792,1.817494759712442,0.1151366264996727,-0.31402025664048244,2.2507701311971786,-0.2251338938444827,-1.038401432458276,-1.4288338373771583,0.2127691219878595,-0.6146179404479405,-0.1464397901199013,0.01352260395928647]",corner_local_0054,corner_local,2.9403468402853026,-0.027391177914301346,0.03204473912512641,898.0228296112218,0.04177312580622611,0.4785992801081962,0.26024401766464156,0.07111668542406113,v_534603d6183f01d0,0.03124527359224015,0.024755811356858805,0.10259736895522989,0.04150911974133842,0.06748280929363726,44.23783558148676,53,5
s22g005_a2acc95ca222cec3,"[2.3911854335466187,1.204177336495726,0.471384395947247,1.2832652400540892,1.8080761343971685,0.10966265407848057,-0.2814790897224351,2.299581004632187,-0.1992049748207818,-1.0882107224636344,-1.3913579040638764,0.1927027010857393,-0.49077844169390217,-0.20688584005420638,-0.030122634663424044]",corner_local_0013,corner_local,2.924389236290394,-0.027448017953481174,0.03174419247746832,915.2053204719086,0.04168408532530551,0.4775928949469033,0.2592917920369796,0.07529078861978779,v_a2acc95ca222cec3,0.031064208437535795,0.028974373149588548,0.10948618741267872,0.09486187412678726,0.13033548871131373,100.1045375676027,54,5
s22g005_7d61dc402f6677ca,"[2.3911854335466187,1.204177336495726,0.471384395947247,1.2511006336465231,1.8334214228432417,0.11505973842027505,-0.33216521307903424,2.2819439029287083,-0.2165662024783679,-1.1107872927514286,-1.4330134388445515,0.19694645033640976,-0.5085184836241653,-0.15310375304229942,0.008629353492573912]",corner_local_0024,corner_local,2.9526191045865615,-0.027182245718190945,0.032379514244993954,904.768253926617,0.041830122085164394,0.4792168012536753,0.2626084936486042,0.07552710616405382,v_7d61dc402f6677ca,0.03134192707730706,0.020858458467556816,0.10030345886716956,0.04473090257690204,0.047765491248597636,46.67104841789181,55,5
s22g005_9a8ff4b42d70c0a7,"[2.3911854335466187,1.204177336495726,0.471384395947247,1.270160320442334,1.8214570769706822,0.10438827053487837,-0.3213043378593836,2.2530130333882608,-0.20322371898004693,-1.1163506615885033,-1.4180440782705794,0.20833124798134442,-0.5215014115775589,-0.20328013632098524,-0.019106912605219694]",corner_local_0020,corner_local,2.950653996393129,-0.027355490845776154,0.03222292317734558,903.5785071179416,0.04183381996548379,0.4797479459941587,0.26121364141925957,0.0688527483564525,v_9a8ff4b42d70c0a7,0.031244860824321468,0.02389880915067511,0.10291223593798797,0.04149536081071559,0.07061772019059531,44.349576158303336,56,5
s22g005_e317875334ae4557,"[2.3911854335466187,1.204177336495726,0.471384395947247,1.2496974085771235,1.8391406297218384,0.10943405789469748,-0.2548137146242244,2.181689608016737,-0.24040356779590125,-1.0045377585461557,-1.50372386784643,0.24690113510277653,-0.6008006442408548,-0.16384596075890612,0.001927479895049121]",corner_local_0005,corner_local,2.9440260521196127,-0.02781334214100195,0.03179348963199056,879.7131903185582,0.041794847294620095,0.4792165271078034,0.26339437467607296,0.06212141592455929,v_e317875334ae4557,0.031133978300800353,0.029675658289960813,0.10541756970013036,0.054175697001303424,0.09197497369464847,57.88413620961056,57,5
s22g005_8dc2f77531433760,"[2.3911854335466187,1.204177336495726,0.471384395947247,1.2297923716918198,1.7865932707150443,0.11192346301365261,-0.3219339020657883,2.161908075821313,-0.2867931081399347,-0.9264721431843177,-1.4478892095937521,0.16885997498630917,-0.6191905785691464,-0.029084420252889924,0.002515473103356883]",corner_local_0023,corner_local,2.9601687091859454,-0.027811439980846564,0.031915110042720934,961.9666191219112,0.041912892103624366,0.4719082869601956,0.259021772198709,0.06586068444543355,v_8dc2f77531433760,0.031330898468326235,0.023222058185799314,0.09750217466393095,0.04436328227754127,0.04436328227754127,46.16741525573479,58,5
s22g005_f89515b9bcac8b96,"[2.3911854335466187,1.204177336495726,0.471384395947247,1.2731133264365295,1.8429633524185651,0.11380136201995307,-0.3655726022805133,2.3311992106431783,-0.18369455706983026,-1.1812951318529386,-1.4313027532026152,0.20946964197274706,-0.5664703153782329,-0.32716476941863104,-0.06745671084702529]",corner_local_0045,corner_local,2.971239847376991,-0.027074634295023325,0.03271695202253927,898.9398529145801,0.041917527052701097,0.4860098864338661,0.2628906629412422,0.08022850425930647,v_f89515b9bcac8b96,0.031375599660790926,0.021143989633394172,0.10134066006655108,0.04585332202636416,0.059259922691874856,48.253431332512925,59,5
s22g005_514186d278b7fac1,"[2.4156833455235933,1.2134774513649513,0.47907036778035206,1.2433937533533266,1.8264906532534915,0.12046778432682805,-0.33832940449449217,2.115375458296141,-0.29214504540130226,-0.9293804435633768,-1.3963444858393002,0.18726961318129826,-0.5824822180563457,-0.008614690511655788,0.06853942627635429]",bridge_d04_p05_c11_017,boundary_bridge,2.9539185913959423,-0.027637371953409984,0.03198872689055749,927.1551572458884,0.04189107390163056,0.46967211514583057,0.2559816054601615,0.06037631198172209,v_514186d278b7fac1,0.031201265560398636,0.028061650942287776,0.10175638313792593,0.040042185346621295,0.057606016725880504,42.37596520157048,60,5
s22g005_105f58188d2d9753,"[2.4156833455235933,1.2134774513649513,0.47907036778035206,1.2485588409518067,1.7939557666571673,0.12375202749688459,-0.3557700048509483,2.2271428847853327,-0.27266639561338357,-0.997124454795999,-1.3987787808414134,0.19804147752757775,-0.6164612777206908,-0.11622960953027277,-0.014462290229426245]",bridge_d03_p16_c11_008,boundary_bridge,2.9483924246193727,-0.02745930283871756,0.03204773761591356,937.5827703048271,0.041825057406946475,0.47548464970782567,0.25739188836042565,0.07475700146385755,v_105f58188d2d9753,0.031227491130544398,0.024031203518190287,0.1014092572325669,0.0409163710181466,0.05500894334381545,43.14621267614542,61,5
s22g005_b01d6cdfd48f950d,"[2.4156833455235933,1.2134774513649513,0.47907036778035206,1.2451228471001532,1.805732064891769,0.11793482519774053,-0.34980245801512866,2.245984114906076,-0.23434181528985915,-1.0299203085623574,-1.44622913511595,0.20827860730885853,-0.568949463022326,-0.12837044771692235,0.014438470692049551]",bridge_d10_p09_c10_014,boundary_bridge,2.9539457243600906,-0.027426649228410982,0.03218596632514022,901.4198060320414,0.04185010205305518,0.47787072771087274,0.26174480894167357,0.0722159990371589,v_b01d6cdfd48f950d,0.031235726549818224,0.02373274960178337,0.10149639910981927,0.04119088499394086,0.05615487609213354,43.466619494869796,62,5
s22g005_dfc79903fd55ae81,"[2.4156833455235933,1.2134774513649513,0.47907036778035206,1.2426796971010434,1.838290778186746,0.12083458170000297,-0.3242433568465236,2.1385643734078523,-0.25392370995340807,-1.0495486309490605,-1.4122509169234259,0.19332567894786737,-0.5920716075629171,-0.13496081712311753,0.006521482941096969]",bridge_d11_p19_c02_029,boundary_bridge,2.956082146547121,-0.02741159918495939,0.03227684679739823,922.2430829461373,0.04188191491719323,0.47665150962090996,0.2581033052617804,0.05848650864754705,v_dfc79903fd55ae81,0.031233799208652942,0.024952581607212126,0.10183257454688628,0.04112664028843138,0.05945238575729417,43.53429654018862,63,5
s22g005_b1d60f9a523ad98c,"[2.4156833455235933,1.2134774513649513,0.47907036778035206,1.2544584816137254,1.780409193396435,0.12180502852799518,-0.3748588616331309,2.221235800417308,-0.2904881938481701,-1.024052103326925,-1.3829353139005938,0.22382139640291143,-0.6277438321195331,-0.0492127532677131,-0.009639376376563924]",bridge_d00_p16_c07_027,boundary_bridge,2.9618592976149,-0.027492351601117293,0.032173104913008205,938.7285699845852,0.041904897523924726,0.47493870353505857,0.25762055431588005,0.07660365840022357,v_b1d60f9a523ad98c,0.03126361464478888,0.022187601657530188,0.09931347125706104,0.04212048815962932,0.04212048815962932,43.834926278990636,64,5
s22g005_1252f7861899259c,"[2.4156833455235933,1.2134774513649513,0.47907036778035206,1.2373155981448927,1.8220555464076125,0.11945815208339548,-0.35823313785974376,2.1833541354583277,-0.2843758622365171,-0.9521353217887117,-1.380479603076209,0.2136628254824486,-0.5821437124500499,0.036451390212935614,0.03276244675878784]",bridge_d06_p08_c19_018,boundary_bridge,2.9474601976010955,-0.027357234321572776,0.03210882309478734,937.0737192580746,0.04184078412495934,0.47044064412783376,0.2571775729949164,0.06987315185785317,v_1252f7861899259c,0.031264690816767624,0.025356073622040134,0.10023209682073417,0.0421563605589208,0.044477328766262314,43.964928311547304,65,5
s22g005_640ba9cc53c2b16e,"[2.4156833455235933,1.2134774513649513,0.47907036778035206,1.2326423562726976,1.8435672417815476,0.1130798838725242,-0.324106999307426,2.1452610344835685,-0.2635528992147895,-0.9969122149670891,-1.4133219123980534,0.20088603884867828,-0.5873373820829565,-0.11749675372631975,0.027553526590533665]",bridge_d11_p18_c19_051,boundary_bridge,2.9529581579473376,-0.027411906600647185,0.032213083324590455,915.7135253164124,0.0418668916214696,0.4744495302056263,0.257476120849055,0.06092571205423998,v_640ba9cc53c2b16e,0.03125054981982429,0.025893789817508776,0.10159559135542605,0.04168499399414305,0.05764090754840345,44.020159877658664,66,5
s22g005_08ec77e9e189ea52,"[2.4156833455235933,1.2134774513649513,0.47907036778035206,1.2429585470079143,1.8387266120821166,0.11796512794774466,-0.34949966437383245,2.1541457338349947,-0.2693676567856494,-1.0042494711232939,-1.470191906642363,0.19947906655717373,-0.6161792977567336,-0.14561677455701902,0.012523432264921768]",bridge_d05_p18_c02_047,boundary_bridge,2.9731120560821425,-0.02758454376155428,0.03234979640304794,914.0617012947041,0.041966725803716215,0.4776310256906882,0.2608758426670763,0.06338774698043215,v_08ec77e9e189ea52,0.03127584542245333,0.024488014904341313,0.09970749740526229,0.042528180748444555,0.042528180748444555,44.259039098943155,67,5
s22g005_05b1f317648a38a3,"[2.4156833455235933,1.2134774513649513,0.47907036778035206,1.230812212816077,1.8072091384383677,0.11475490438342949,-0.3305328769112873,2.203072831279665,-0.26993734945583764,-1.0393070570122682,-1.4218753209482313,0.2009303422826476,-0.5817837055324684,-0.1295677135931083,-0.007235584413693678]",bridge_d02_p13_c19_050,boundary_bridge,2.958575378641522,-0.027443495661188755,0.03223316286490154,930.1687679976421,0.041881983924347714,0.47639915758534007,0.25901060098136797,0.0703824221041174,v_05b1f317648a38a3,0.03127957994269476,0.021761236764683,0.09985058531697756,0.04265266475649199,0.04265266475649199,44.38835710053808,68,5
s22g005_cb8d96ebbbe2e7bf,"[2.3911854335466187,1.204177336495726,0.471384395947247,1.2519179273396794,1.801163028986486,0.11699084334300318,-0.3688774368083394,2.233711516225379,-0.2767038274011061,-1.0203376069423302,-1.3462021719736241,0.18607282991012752,-0.538638927422067,-0.12809802751509256,0.031384889724449985]",bridge_d15_p00_c18_024,boundary_bridge,2.9459139021288436,-0.027254317031952136,0.03216516616414227,928.8854479068286,0.04181606373483902,0.47289688062139973,0.2544711214231476,0.07628497111204197,v_cb8d96ebbbe2e7bf,0.031384578473160084,0.020334094562646118,0.09767914770342401,0.046152615772002914,0.046152615772002914,48.02817954190433,69,5
s22g005_64cb250ffa76ba23,"[2.3911854335466187,1.204177336495726,0.471384395947247,1.236463429604689,1.8239414644012855,0.12070991667740881,-0.31788368500162195,2.195680181381882,-0.25229563050561676,-1.0241371328186948,-1.4011730681161028,0.2264038450160229,-0.6790302456025904,-0.11401112495827159,-0.016867331992395217]",bridge_d03_p13_c05_048,boundary_bridge,2.9380393858249456,-0.02729135203806754,0.032117949997377396,921.2233235555686,0.041767386986934,0.47794939220282456,0.257795455842397,0.06623384646005026,v_64cb250ffa76ba23,0.03132679603895429,0.024307794149824476,0.10023866825291253,0.04422653463180959,0.046613217160934806,46.12044371210523,70,5
s22g005_36a610814984b9c8,"[2.3911854335466187,1.204177336495726,0.471384395947247,1.2551294324599305,1.7996685108291013,0.11418189462785765,-0.38007488056150945,2.2041658773792223,-0.2795540325974258,-1.0166231911704462,-1.348403301931254,0.20426877782931732,-0.5628672419720597,-0.11827619523752364,0.04495657812118859]",bridge_d15_p01_c09_057,boundary_bridge,2.9541316967336275,-0.02732629007641907,0.03222696575717322,915.4320800257228,0.04187046323388406,0.47303332728595454,0.2544645000287098,0.07216731651189347,v_36a610814984b9c8,0.031398101124492095,0.02069105659786423,0.09670428349393839,0.04660337081640331,0.04660337081640331,48.49704696602679,71,5
s22g005_7af4f53f3beddae7,"[2.3911854335466187,1.204177336495726,0.471384395947247,1.239958437240124,1.7945788376528806,0.13406064877671206,-0.3551305248405896,2.210135477474296,-0.30135178562056686,-1.00913197089949,-1.3897030293015087,0.19348385514360117,-0.5614635433516807,-0.08309100820487741,0.02556844557512208]",bridge_d07_p07_c16_045,boundary_bridge,2.9530841592037715,-0.02743328542984458,0.03212725012466078,932.3368333927356,0.04185024899392825,0.47341694697700576,0.25680758452365227,0.07588130032115084,v_7af4f53f3beddae7,0.03139928939915411,0.018867069625333924,0.09582823332553662,0.04664297997180378,0.04664297997180378,48.53823001226796,72,5
s22g005_27ac613e86a879b4,"[2.3911854335466187,1.204177336495726,0.471384395947247,1.2503627092784575,1.8073035853421844,0.1167807770097206,-0.38259728070425,2.246555281810238,-0.24323099826938585,-1.0439736954576342,-1.3818132733018988,0.2020923051412478,-0.5625161287798021,-0.14772190352947,0.00010580997927668416]",bridge_d13_p07_c14_023,boundary_bridge,2.9497399628899545,-0.02716029394939068,0.03233666844607237,919.6613627793267,0.04182978458321135,0.4765224797066737,0.2578325880239229,0.07357302197970536,v_27ac613e86a879b4,0.03142831316524645,0.01981872515837676,0.096747056043134,0.047610438841548364,0.047610438841548364,49.5443537948392,73,5
s22g005_adb16c25a2027995,"[2.3911854335466187,1.204177336495726,0.471384395947247,1.2392413274231833,1.822187005646276,0.11590208223706956,-0.34391443096560265,2.1967829893249267,-0.23518751040483984,-1.08044790907859,-1.419719692907861,0.211572828523566,-0.6320208584693782,-0.15405007939969875,-0.018675379783644044]",bridge_d03_p03_c14_004,boundary_bridge,2.9564978202690746,-0.027242316388060628,0.032425988975092884,918.162767430349,0.04186827460992483,0.4800084641633592,0.2598869715254473,0.06425886071734936,v_adb16c25a2027995,0.031409539590886396,0.020319822193262164,0.09713875857230281,0.046984653029546575,0.046984653029546575,48.89360412893114,74,5
s22g005_b3b698b6f3917692,"[2.3911854335466187,1.204177336495726,0.471384395947247,1.2458030615228177,1.803215567668814,0.13022623181869028,-0.35792491894142353,2.231130936912068,-0.23256257832920066,-1.0388983889481067,-1.4511818998467088,0.20977470413259777,-0.6383673326806282,-0.13350135138420602,0.0031812862480701453]",bridge_d03_p01_c06_031,boundary_bridge,2.9544621819416523,-0.027397758974950337,0.032249215550564245,902.4362049194788,0.04184949164263874,0.48007454139109007,0.26181768980072334,0.06926948032949576,v_b3b698b6f3917692,0.03136935054400586,0.02109283432052585,0.09761929810272638,0.045645018133528614,0.045645018133528614,47.50036348068918,75,5
s22g005_83a47dc0d58a04fb,"[2.3911854335466187,1.204177336495726,0.471384395947247,1.2401785833274626,1.813783353232491,0.11062016062566854,-0.35822556214496587,2.2007538719584536,-0.26065194212053716,-1.0327479961868384,-1.4381878402626629,0.21042345825170905,-0.6334141639145485,-0.1420194139829116,-0.007113539378787913]",bridge_d19_p15_c22_007,boundary_bridge,2.967991001126947,-0.027428396794145993,0.03238828745267021,921.6495927716023,0.04193307488718429,0.4781650460310017,0.2599689960006301,0.06869231278629406,v_83a47dc0d58a04fb,0.03142316713467284,0.019806139400188903,0.0957858022555645,0.0474389044890946,0.0474389044890946,49.36614057866966,76,5
s22g005_76603b8f0ec4dff9,"[2.3911854335466187,1.204177336495726,0.471384395947247,1.2365922007211914,1.830894098175934,0.11137059864067887,-0.32003025638155636,2.2016918598217736,-0.2538203739215343,-1.0194704908952512,-1.342252535823065,0.20932886246347984,-0.5880753897471196,0.012553638604311124,0.024957939979309778]",bridge_d16_p03_c23_068,boundary_bridge,2.926880141961193,-0.027084667217034397,0.032090927599539534,938.8318339107573,0.041721468554663334,0.4723100425062174,0.2558003469284286,0.06760030051087071,v_76603b8f0ec4dff9,0.031321089418281496,0.023759443925790536,0.10052436069220191,0.044036313942716676,0.04927992086473565,46.036779578725714,77,5
s22g005_9f5d346a9323105f,"[2.4156833455235933,1.2134774513649513,0.47907036778035206,1.2453001298232635,1.7913747564987634,0.11985831243525352,-0.3131762346036856,2.239662672036613,-0.28957965701017396,-0.9707364718419881,-1.415070071520329,0.2028605482877235,-0.5636193929811455,-0.022492000408344554,0.035279680115622325]",trust_mix_0047,trust_mix,2.9409074862829874,-0.02763868626219046,0.031759630887312915,928.6257492608274,0.04178238303066148,0.472404713109649,0.2588296061140388,0.07874437703375428,v_9f5d346a9323105f,0.03112507840686314,0.025636349611159213,0.10379262971190542,0.03792629711905415,0.07542891068115898,40.972862621163344,78,5
s22g005_7706ecb4ee4a2548,"[2.4156833455235933,1.2134774513649513,0.47907036778035206,1.2546449445774477,1.8017628355659305,0.12092548273638765,-0.3338190106861285,2.254777730934876,-0.32920518234740054,-1.01289969145182,-1.4711709932306867,0.24552863305648565,-0.5678773454041639,0.03563024486526637,0.04402538328420527]",trust_mix_0035,trust_mix,2.9770621759670757,-0.027814708361135088,0.03206721494801988,915.3833701134245,0.041963566490094556,0.4742894188243467,0.2637653124129101,0.08749281975536635,v_7706ecb4ee4a2548,0.03118269653614839,0.022111614829758,0.10005235344171058,0.03942321787161296,0.03994675228871869,41.050858584921386,79,5
s22g005_8599250ea9730d0a,"[2.4156833455235933,1.2134774513649513,0.47907036778035206,1.2532455060805545,1.8043712366755387,0.11744426164147706,-0.3469569733178495,2.1333482034359754,-0.34328717117320945,-0.8975237980622035,-1.3716984699793777,0.20658874490303628,-0.579150644683493,0.055721695674674346,0.08120929065903258]",trust_mix_0017,trust_mix,2.9586331096448366,-0.027818172254638673,0.031820417652271296,937.5108944728745,0.04191805944928288,0.46652259013451125,0.2543740569350829,0.07044394645551226,v_8599250ea9730d0a,0.031171299515495233,0.02870379065950088,0.1013716523443087,0.03904331718317455,0.05275984062626149,41.18329713932146,80,5
s22g005_002bc070230d74ab,"[2.4156833455235933,1.2134774513649513,0.47907036778035206,1.2562267412598773,1.7887871106770474,0.10764507731923613,-0.34920981156397796,2.242010581092279,-0.2559422136371791,-0.9944319368590773,-1.3494280584363159,0.19199793426777623,-0.5583736929902459,0.02070489060423921,0.032494074225842065]",trust_mix_0036,trust_mix,2.9331188661073853,-0.027330390159231666,0.03190665080781723,944.0287902022246,0.04175764169652372,0.47130994965104417,0.2565689525304093,0.07464327332925112,v_002bc070230d74ab,0.03116109619665014,0.025660438587119756,0.10358071706897506,0.03870320655500481,0.07451037724475529,41.7129528334561,81,5
s22g005_0f27c9f9b83553b8,"[2.4156833455235933,1.2134774513649513,0.47907036778035206,1.262540425516753,1.7799675216392186,0.1218531849039294,-0.3695326814652379,2.2315259056789873,-0.2714973138006099,-0.9429242952044454,-1.3542129753851808,0.19195491459713987,-0.533466485745609,-0.04556316539978913,0.013295218378566894]",trust_mix_0024,trust_mix,2.932251764824561,-0.027477472221407506,0.031764622889911304,941.0604074641888,0.041752060202758595,0.4701726244358614,0.25523594504480385,0.07538784311022534,v_0f27c9f9b83553b8,0.031165655019916826,0.026906237776674686,0.10322328144320016,0.038855167330560825,0.07108798176256226,41.72800911871156,82,5
s22g005_1d4695f87cd78a5c,"[2.4156833455235933,1.2134774513649513,0.47907036778035206,1.2451016954058924,1.7859257474217758,0.1248424067162358,-0.35106364884471264,2.2441216247856577,-0.2973907142874802,-0.938585252764222,-1.4163373999177313,0.199637019442247,-0.5685086071248232,0.0180614253345175,0.03317088935909678]",trust_mix_0012,trust_mix,2.950255576271799,-0.027626223439638165,0.03186771094755925,938.3125596260434,0.04183830834155395,0.4710691970209472,0.2591858042508279,0.08097949676096704,v_1d4695f87cd78a5c,0.031196462722968322,0.024310586511323083,0.10102020937633302,0.03988209076561078,0.05008418452894081,41.914960702531125,83,5
s22g005_9fbe8c5d7cc5828a,"[2.3911854335466187,1.204177336495726,0.471384395947247,1.2560766120753528,1.8054782406153012,0.11476534872307859,-0.33133420867786156,2.228040156279226,-0.25225462886141264,-1.0388078805930767,-1.3900153205575831,0.20549226879254545,-0.5745320623246851,-0.10341073938922421,-0.004078906037612084]",trust_mix_0032,trust_mix,2.9389484553960776,-0.027365142564806266,0.03202595313821235,928.8103019359914,0.041773095662013884,0.47575999713756534,0.2580675757694828,0.07142058490869826,v_9fbe8c5d7cc5828a,0.03127973491265612,0.022661217939319044,0.10060926677471235,0.04265783042187077,0.04875049816899413,44.637239833184495,84,5
s22g005_987b5d4e08e1c8ca,"[2.4156833455235933,1.2134774513649513,0.47907036778035206,1.250678233454697,1.7835599494821077,0.12182569662286094,-0.35265519583000154,2.2484025573055835,-0.2805812109962049,-0.9793499815724634,-1.4095112204640727,0.22920128887363359,-0.5673786903927031,-0.004774003927055993,0.026118424155620882]",trust_mix_0004,trust_mix,2.9487853926958114,-0.027563150360237487,0.031923600318682396,918.4807141418823,0.041828096409788275,0.47298599007112213,0.25969796448430743,0.07919177578929576,v_987b5d4e08e1c8ca,0.031192093651625244,0.0241502068355118,0.10140120541524178,0.03973645505417478,0.053748509206592576,41.91588327636544,85,5
s22g005_5581a9194b10a623,"[2.4156833455235933,1.2134774513649513,0.47907036778035206,1.240456190200285,1.8042934251238478,0.11905307750492185,-0.33324127542062487,2.2330646540466916,-0.2962966551111931,-0.999649428253431,-1.4838970152709283,0.2305872071425319,-0.5618430696705303,0.006386997255086664,0.0401317578735386]",trust_mix_0029,trust_mix,2.969920873745555,-0.027725341491735223,0.032101507932247864,911.1976327707707,0.04193355672968486,0.47498232967706927,0.26423078026321084,0.07903619939981456,v_5581a9194b10a623,0.031221637131208943,0.02229645486421055,0.0995808094518592,0.040721237706964786,0.040721237706964786,42.37978642398083,86,5
s22g005_efc582fdc32d5a24,"[2.4156833455235933,1.2134774513649513,0.47907036778035206,1.254780297660842,1.8064840237649136,0.11456407196603328,-0.3456709288500961,2.204208681616566,-0.2520566805341683,-0.9185648511422557,-1.402657554582657,0.1767846389055046,-0.5468232543550152,-0.0515417178482194,0.008748974574381356]",trust_mix_0011,trust_mix,2.9331114256320308,-0.027536518204468563,0.031773175561854355,943.2787226717774,0.04176034195818865,0.4710101071073112,0.2575725282078508,0.06825452484883816,v_efc582fdc32d5a24,0.031138050451765705,0.029232291178480762,0.1044589444728771,0.04458944472877091,0.08252445978762779,47.91975423453235,87,5
s22g005_a7c3ecd407489a61,"[2.4156833455235933,1.2134774513649513,0.47907036778035206,1.2123752246025683,1.7979958537385483,0.11522124928387516,-0.30971025560340043,2.192550969999635,-0.2683952570889651,-0.9803756174499328,-1.3768807250488133,0.19033134423713907,-0.5175735598429492,0.03921550517879201,0.028842261877889623]",trust_mix_0046,trust_mix,2.9362218994172533,-0.027338991756991504,0.031976665388274664,947.8907802919894,0.04178135421672119,0.4696975880503545,0.25743064377899194,0.06819748194937857,v_a7c3ecd407489a61,0.03126079423065495,0.023446009994182674,0.10068653091960601,0.042026474355165044,0.04889178355122503,44.01150791620822,88,5
s22g005_8aed3c997d81647b,"[2.3911854335466187,1.204177336495726,0.471384395947247,1.2572425002884164,1.8357820097344408,0.11578439223374344,-0.28778289122935696,2.257977319985084,-0.19623899283889693,-1.0763279423716638,-1.4939533096270199,0.22067045042054187,-0.6310522041906955,-0.15825657583999925,0.0029557674792735564]",trust_mix_0045,trust_mix,2.95113020635043,-0.02752629102337978,0.03211489267835457,881.7367486455041,0.04182481581810164,0.4825043542204788,0.26520425454541874,0.06855372024141611,v_8aed3c997d81647b,0.03117350223035243,0.02650124283147164,0.10517451869879602,0.05174518698796016,0.09086192799970783,55.40917541001197,89,5
s22g005_150c7faa7569ab24,"[2.4156833455235933,1.2134774513649513,0.47907036778035206,1.2189056162954455,1.7918174360124461,0.11806838951692525,-0.29911960741283317,2.1232866873618335,-0.30174483832332066,-0.9417827722218586,-1.3838738598046874,0.1682754160844987,-0.5505333658922511,0.054065458737324976,0.057417835660980604]",random_corner_parent_30_0014,random_local,2.953017044027161,-0.027719325505677683,0.031869387919067516,956.0809779952178,0.04189500201845728,0.46731383289031364,0.2555886048481966,0.06219172244949866,v_150c7faa7569ab24,0.031210597590381934,0.02536504256862473,0.10099757245967567,0.04035325301273107,0.050328977609487735,42.39594228755086,90,5
s22g005_b633395a016fab2b,"[2.3911854335466187,1.204177336495726,0.471384395947247,1.2526908780364234,1.8221404707018547,0.1015758696426004,-0.36013383043280683,2.2888407722486797,-0.17907508868584843,-1.1379560126605643,-1.3526630532446666,0.211463911749579,-0.5343927735051263,-0.21707109944122102,-0.025886239565391742]",random_corner_parent_17_0015,random_local,2.9493685209382385,-0.026907609838022206,0.03254938460601647,904.3250266564792,0.041830823809571545,0.479408028783537,0.2583378911657837,0.07162829571315914,v_b633395a016fab2b,0.03140338927232083,0.02121662773730977,0.10026382112454985,0.04677964241069432,0.04941785365619267,48.78585024215141,91,5
s22g005_9b5014c9d0f51538,"[2.3911854335466187,1.204177336495726,0.471384395947247,1.2402171285192554,1.817387843372889,0.10932623247820697,-0.2795868263645157,2.2127455616197738,-0.21157258713031254,-1.08352349434041,-1.4116268369830502,0.20048583164135234,-0.5162706883513981,-0.11420611521825258,0.01622405425326733]",random_corner_parent_22_0009,random_local,2.933529976742609,-0.02734225530429979,0.03202263136143467,906.5739385842426,0.04174855129412431,0.4767899248219456,0.2604694215195217,0.06269202461679108,v_9b5014c9d0f51538,0.031241188421986765,0.023974105609380708,0.10268521512367551,0.04137294739955877,0.06822509863631376,44.13128664477874,92,5
s22g005_f120ce947ec78a06,"[2.3911854335466187,1.204177336495726,0.471384395947247,1.252654179181031,1.832122579354278,0.12333412623632081,-0.3056445251376806,2.2737459804579085,-0.15733884880499632,-1.121775890914301,-1.4689680250599904,0.20171184101041423,-0.7264473337972543,-0.29313190554145097,-0.0410614383034288]",random_corner_parent_06_0022,random_local,2.9552049561206806,-0.027317196366908436,0.032370021844672636,882.4693980350494,0.04184577998461594,0.4879019759540224,0.2632738856399176,0.06604241966456471,v_f120ce947ec78a06,0.031245068297161716,0.026875994131063497,0.10516639863115335,0.05166398631153335,0.09316626288359053,55.420188876438175,93,5
s22g005_914a43797f7f0b55,"[2.3911854335466187,1.204177336495726,0.471384395947247,1.2530662475653982,1.804789249644343,0.1136993641365681,-0.27667251951789695,2.2824629870742448,-0.2338815219944641,-1.1913666674292522,-1.4811704665132548,0.17013122193504823,-0.5667338718425573,-0.1845363758610622,0.009610871906726316]",random_corner_parent_22_0021,random_local,2.958446710681452,-0.027465084551697938,0.03225529600767546,915.7625049763956,0.04184297396338094,0.4848525244448055,0.26572532523240416,0.0768692189685533,v_914a43797f7f0b55,0.031237114748851633,0.018571992721225235,0.10162677028398241,0.04123715829505459,0.05750486113487874,43.56693720755655,94,5
s22g005_ed8e225068cbcb1d,"[2.3911854335466187,1.204177336495726,0.471384395947247,1.2505264412192472,1.8379038469528346,0.117570966425558,-0.3037534069961929,2.219099310735321,-0.1653039724289146,-1.1077663935277788,-1.505122302351301,0.21873257291164536,-0.7265172093525974,-0.29476189171277317,-0.031073611037058864]",random_corner_parent_05_0018,random_local,2.9667754024717627,-0.027497351598284925,0.03241022164907958,868.0179410571945,0.04191652360769361,0.4883115410206116,0.26481661488824687,0.05817652906955927,v_ed8e225068cbcb1d,0.031262187719628846,0.026459530340391307,0.10342042481408899,0.0420729239876283,0.07627717212851803,45.153678626793734,95,5
